I_mean,Q_mean,I_var,Q_var,I_sd,Q_sd,I_power,Q_power,IQ_power,IQ_mean,IQ_sd,SNR,Modulation
0.0067625856,-0.03888583,0.4894001,0.4926541,0.6995714,0.7018932,0.4894458,0.49416614,0.98361194,0.8756881,0.4655989,-20,0
-0.006601253,0.0041704616,0.50586545,0.4805386,0.7112422,0.69320893,0.505909,0.48055598,0.98646504,0.8813194,0.45797506,-20,0
-0.014580008,-0.016957197,0.50366724,0.50538915,0.70969516,0.7109073,0.5038798,0.5056767,1.0095565,0.8914393,0.46356484,-20,0
-0.0041148793,0.0158557,0.47624052,0.4782437,0.6901018,0.6915517,0.47625747,0.47849506,0.95475256,0.8622117,0.45972118,-20,0
0.0031931845,0.028227713,0.46558392,0.51433456,0.6823371,0.7171712,0.4655941,0.5151314,0.9807255,0.87611645,0.46167678,-20,0
0.012514907,-0.024706464,0.49701393,0.50929207,0.7049922,0.713647,0.49717054,0.5099025,1.007073,0.89509976,0.45372835,-20,0
-0.023454526,-0.004354313,0.48942095,0.51049864,0.6995863,0.7144919,0.48997107,0.51051766,1.0004888,0.882416,0.47098905,-20,0
-0.0074902303,0.03566867,0.48075515,0.5201324,0.6933651,0.7212021,0.48081124,0.5214047,1.002216,0.87993014,0.47742945,-20,0
-0.0029723532,0.037228923,0.4919076,0.5312589,0.70136124,0.7288751,0.49191642,0.53264487,1.0245613,0.8956898,0.47148818,-20,0
0.013618423,-0.01443973,0.48365647,0.5126214,0.6954541,0.7159758,0.48384193,0.5128299,0.9966718,0.88232243,0.46709627,-18,0
0.023032375,-0.013966539,0.5091974,0.48855275,0.7135807,0.6989655,0.50972784,0.48874784,0.99847573,0.88580465,0.462413,-18,0
0.006423454,-0.019977966,0.47495168,0.49177945,0.6891674,0.70126987,0.47499293,0.49217862,0.96717155,0.87422466,0.45044726,-18,0
-0.0035702921,0.01736737,0.49702814,0.5093051,0.70500225,0.7136562,0.4970409,0.5096067,1.0066476,0.88313603,0.4761496,-18,0
0.008977279,0.008597881,0.50240004,0.48933762,0.7088018,0.6995267,0.5024806,0.48941153,0.9918922,0.88524425,0.45632768,-18,0
-0.015156994,-0.056999143,0.49316472,0.48367232,0.70225686,0.69546556,0.49339443,0.48692122,0.9803157,0.87146723,0.4699581,-18,0
0.011731649,0.03617739,0.46811497,0.523169,0.68418926,0.7233042,0.4682526,0.52447784,0.9927304,0.8881233,0.4516276,-18,0
0.015032443,0.0034454241,0.48646858,0.49728027,0.697473,0.705181,0.48669457,0.49729213,0.98398674,0.8814529,0.45500267,-18,0
-0.002787685,0.007862441,0.5129286,0.4740575,0.71619034,0.68851835,0.5129365,0.47411928,0.98705566,0.87821555,0.46453553,-18,0
-0.024357807,-0.02867429,0.4771914,0.50077075,0.6907904,0.70765156,0.4777847,0.50159293,0.9793776,0.8742628,0.46372646,-18,0
-0.0028076605,0.006362972,0.48482978,0.50405633,0.69629717,0.7099692,0.48483768,0.50409687,0.9889345,0.881411,0.4604879,-18,0
0.03944658,0.01983444,0.4991901,0.51468587,0.70653385,0.7174161,0.50074613,0.51507926,1.0158254,0.8927192,0.46784377,-16,0
0.033251613,-0.008568327,0.46101815,0.49835986,0.67898315,0.7059461,0.4621238,0.4984333,0.9605571,0.86783874,0.4554261,-16,0
-0.008960912,-0.017297324,0.52312464,0.4827683,0.7232736,0.6948153,0.5232049,0.4830675,1.0062724,0.8803454,0.4808995,-16,0
-0.0030805436,0.013515207,0.5112009,0.47425354,0.71498317,0.6886607,0.5112104,0.47443616,0.98564655,0.87884116,0.46182758,-16,0
-0.008446613,0.019301273,0.48432827,0.4822448,0.695937,0.69443846,0.48439962,0.48261735,0.967017,0.8663591,0.46522987,-14,0
0.027565265,-0.00014139898,0.5020243,0.5224126,0.70853674,0.7227812,0.50278413,0.5224126,1.0251968,0.8974898,0.4687311,-14,0
0.011375295,-0.038275883,0.50987756,0.5092489,0.7140571,0.7136168,0.51000696,0.510714,1.020721,0.8954948,0.46777126,-14,0
-0.0022198288,0.059307765,0.47576633,0.48627576,0.6897582,0.69733477,0.47577125,0.48979315,0.96556437,0.8738071,0.44947252,-12,0
-0.034612164,-4.2071566e-05,0.47826734,0.5190173,0.69156873,0.7204285,0.47946537,0.5190173,0.9984826,0.8926609,0.44904244,-12,0
-0.020210441,0.051072497,0.5069655,0.4716341,0.7120151,0.6867562,0.507374,0.47424248,0.9816165,0.88185906,0.45159835,-12,0
-0.07693086,0.05908798,0.4745617,0.49886212,0.6888844,0.7063017,0.48048007,0.5023535,0.98283356,0.8846438,0.44748065,-12,0
0.010938817,0.020371776,0.50840724,0.5236114,0.7130268,0.72361,0.5085269,0.5240265,1.0325534,0.8983547,0.47488126,-12,0
0.07737337,0.051161025,0.4911908,0.4833365,0.70085007,0.69522405,0.49717742,0.485954,0.9831314,0.87606394,0.46437415,-12,0
-0.02500451,-0.10491915,0.50372195,0.50180376,0.7097337,0.70838106,0.5043472,0.5128118,1.017159,0.8912897,0.47197634,-12,0
-0.06793229,-0.042112954,0.4930439,0.5262507,0.70217085,0.7254314,0.49765867,0.5280242,1.0256829,0.89914125,0.4660771,-12,0
-0.035185777,-0.054347023,0.5266165,0.49524498,0.72568345,0.7037364,0.52785456,0.49819857,1.0260532,0.8961138,0.47226387,-12,0
-0.06717633,-0.009901376,0.5025662,0.51296973,0.70891905,0.71621907,0.5070789,0.5130678,1.0201466,0.9021647,0.4541426,-12,0
0.07520604,-0.0063013746,0.52820086,0.49231076,0.7267743,0.7016486,0.53385675,0.49235052,1.0262072,0.8971952,0.47037005,-10,0
-0.057835743,-0.04279851,0.47620118,0.49009052,0.6900733,0.70006466,0.47954613,0.49192223,0.9714683,0.8828277,0.43827352,-10,0
0.05851699,-0.05623203,0.5004002,0.4862982,0.7073897,0.69735086,0.5038245,0.48946026,0.99328464,0.88439405,0.45949084,-10,0
-0.06162157,0.1367987,0.50181556,0.5048594,0.7083894,0.7105346,0.5056128,0.5235733,1.029186,0.8976305,0.4727002,-10,0
0.07102287,0.05895974,0.48278844,0.49805704,0.6948298,0.7057316,0.48783273,0.50153327,0.989366,0.8831811,0.45755568,-10,0
-0.010109155,-0.13875985,0.48449293,0.50815237,0.69605523,0.71284807,0.4845951,0.52740663,1.0120018,0.89168787,0.46571928,-10,0
-0.029280283,-0.06529523,0.48448318,0.47276896,0.69604826,0.68758196,0.48534054,0.47703242,0.9623729,0.8700763,0.4531447,-10,0
-0.06885323,-0.04767168,0.5205076,0.4953598,0.72146213,0.703818,0.5252484,0.4976324,1.0228808,0.89659417,0.467974,-10,0
0.021919526,0.10092418,0.48972163,0.5222298,0.69980115,0.7226547,0.4902021,0.5324155,1.0226176,0.89076287,0.47870573,-10,0
0.09676032,0.03643649,0.4884348,0.49878222,0.6988811,0.7062451,0.49779737,0.5001098,0.99790716,0.8839785,0.46528396,-10,0
0.017195059,-0.16408181,0.52861387,0.53511333,0.72705835,0.7315144,0.52890956,0.56203616,1.0909457,0.9264046,0.4824109,-8,0
-0.09996324,-0.13795331,0.510731,0.50213754,0.71465445,0.7086166,0.52072364,0.52116865,1.0418923,0.9043471,0.47333783,-8,0
-0.0003483612,-0.13280648,0.5275548,0.5074105,0.7263297,0.71232754,0.527555,0.52504814,1.052603,0.912125,0.4697138,-8,0
0.05819711,-0.08899649,0.4955775,0.5091357,0.70397264,0.71353745,0.49896437,0.51705605,1.0160205,0.88424313,0.48387447,-8,0
-0.17097609,-0.012648745,0.52184176,0.49659526,0.7223862,0.70469517,0.55107456,0.49675524,1.0478299,0.9033141,0.48151162,-8,0
-0.1903234,0.1197202,0.4865899,0.50999016,0.69755995,0.71413594,0.52281284,0.5243231,1.0471361,0.90422714,0.4790712,-8,0
-0.11478077,0.12580054,0.46105558,0.51768506,0.67901075,0.71950334,0.47423023,0.5335108,1.007741,0.8942517,0.45613036,-8,0
-0.11254588,-0.06995055,0.47493818,0.52480614,0.6891576,0.72443503,0.4876048,0.5296992,1.017304,0.88891983,0.47657692,-8,0
0.2169758,0.085107714,0.49837285,0.50907165,0.70595527,0.7134926,0.5454514,0.516315,1.0617664,0.91872436,0.46659613,-6,0
-0.17002267,0.17154366,0.48726988,0.54498184,0.69804716,0.73822886,0.5161776,0.57440907,1.0905867,0.9222203,0.48999628,-6,0
-0.048632845,0.26086316,0.46094123,0.515065,0.6789265,0.7176803,0.46330637,0.5831146,1.046421,0.90507567,0.47671685,-6,0
-0.23565012,-0.0477487,0.5068464,0.49901748,0.71193147,0.7064117,0.56237745,0.5012975,1.0636749,0.91207325,0.48145324,-6,0
-0.058837526,-0.28577498,0.50059634,0.5051985,0.70752835,0.71077317,0.50405824,0.5868658,1.090924,0.92769873,0.4798949,-6,0
0.18667752,-0.082109764,0.5275883,0.4870878,0.72635275,0.69791675,0.5624368,0.49382982,1.0562665,0.9069567,0.48342144,-6,0
0.11147882,0.19097933,0.4728708,0.48511904,0.68765604,0.6965049,0.48529834,0.52159214,1.0068904,0.8964645,0.45082346,-6,0
0.3300158,0.00020100549,0.55029577,0.46636164,0.7418192,0.68290675,0.6592062,0.46636167,1.1255679,0.9319016,0.5070773,-4,0
-0.23681599,0.30060774,0.5025927,0.5117513,0.7089377,0.715368,0.55867445,0.6021163,1.1607908,0.95943743,0.49017406,-4,0
-0.29689503,0.18575788,0.53350735,0.47192264,0.7304159,0.68696624,0.62165403,0.50642866,1.1280828,0.9399348,0.49457583,-4,0
-0.30377853,0.17109354,0.5331011,0.47711685,0.7301377,0.6907365,0.6253825,0.50638986,1.1317723,0.9382678,0.5014238,-4,0
0.22652027,0.30408552,0.49679586,0.5050831,0.7048375,0.710692,0.54810727,0.5975511,1.1456583,0.94543076,0.50181586,-4,0
0.055143315,-0.31620845,0.4385992,0.51779735,0.6622682,0.71958137,0.44164,0.6177851,1.0594251,0.9109802,0.47910342,-4,0
0.011991171,0.34206957,0.46256512,0.53669274,0.6801214,0.7325932,0.4627089,0.6537044,1.1164132,0.93690765,0.48848462,-4,0
0.29512283,0.1231311,0.5247338,0.45473692,0.7243851,0.67434186,0.61183125,0.46989816,1.0817294,0.91847426,0.48799023,-4,0
0.1461131,-0.31008834,0.4807024,0.5560787,0.69332707,0.74570686,0.5020514,0.6522334,1.154285,0.9528212,0.49640366,-4,0
0.024208996,0.3233288,0.42759097,0.5607283,0.6539044,0.7488179,0.42817706,0.66526985,1.0934469,0.923196,0.49107626,-4,0
0.40355232,0.10310723,0.56938106,0.41503987,0.7545734,0.64423585,0.73223555,0.42567092,1.1579065,0.9522582,0.5011095,-2,0
-0.09646328,-0.48786947,0.4270846,0.60416746,0.65351707,0.7772821,0.43638974,0.84218407,1.2785738,0.99967796,0.52841073,-2,0
-0.13804096,-0.5519162,0.41236806,0.5677552,0.6421589,0.75349534,0.4314234,0.87236667,1.3037901,1.0149071,0.5232145,-2,0
-0.21897112,-0.44256407,0.44355264,0.5617151,0.6659975,0.74947655,0.491501,0.75757813,1.2490791,0.99228597,0.5142448,-2,0
0.2810286,0.4831801,0.4310763,0.5585439,0.656564,0.74735796,0.51005334,0.792007,1.3020604,1.006872,0.536907,-2,0
-0.6168067,0.30823573,0.57889736,0.38689786,0.76085305,0.6220111,0.95934784,0.48190713,1.441255,1.0602849,0.56307274,0,0
0.009213047,-0.6756255,0.3104735,0.7167933,0.5572015,0.8466365,0.31055838,1.1732631,1.4838214,1.0647056,0.5917968,0,0
-0.3610575,0.5872481,0.38961735,0.6131511,0.6241934,0.7830396,0.51997983,0.9580113,1.4779912,1.0573894,0.59993243,0,0
-0.6323817,-0.25657815,0.6071253,0.37507054,0.77918243,0.61243004,1.0070319,0.4409029,1.4479349,1.0593269,0.57075506,0,0
-0.38496596,-0.6077994,0.41580826,0.5565307,0.64483196,0.7460099,0.56400704,0.92595077,1.4899578,1.0722597,0.5832811,0,0
0.41808134,-0.48978734,0.45860288,0.5148499,0.6772022,0.7175304,0.6333949,0.75474155,1.3881364,1.0258137,0.5795195,0,0
0.55899155,0.35870254,0.59508884,0.41759145,0.77142,0.6462132,0.90756035,0.5462589,1.4538193,1.0485142,0.5953463,0,0
0.23863211,-0.7523109,0.34660435,0.6600352,0.5887311,0.8124255,0.40354964,1.226007,1.6295564,1.1221871,0.60848397,0,0
0.24639566,-0.6702576,0.30091417,0.70341563,0.54855645,0.83869874,0.36162502,1.1526608,1.5142858,1.0647693,0.6168892,0,0
0.9538803,-0.026940705,0.7564721,0.18463579,0.8697541,0.42969266,1.6663597,0.18536161,1.8517213,1.1862173,0.6667908,2,0
0.53074944,0.56729543,0.47385484,0.54114974,0.6883711,0.7356288,0.7555498,0.8629738,1.6185237,1.0773754,0.67659885,2,0
-0.36518878,-0.7264335,0.30530548,0.66476333,0.55254453,0.8153302,0.43866837,1.1924689,1.6311374,1.0858788,0.6723127,2,0
-0.39618534,0.91978353,0.29414588,0.720238,0.5423522,0.84866834,0.4511087,1.5662398,2.0173485,1.2417734,0.68945444,2,0
-0.30762243,0.9485183,0.18123779,0.81782556,0.4257203,0.9043371,0.27586934,1.7175124,1.9933817,1.1870611,0.76437414,4,0
-0.6770577,-0.68841887,0.48667446,0.50426006,0.6976206,0.7101127,0.94508153,0.97818065,1.9232621,1.1792438,0.72982603,4,0
-0.12227838,0.8688881,0.108546495,0.81683636,0.32946396,0.90379,0.1234985,1.5718029,1.6953013,1.0756716,0.73364294,4,0
-0.775468,0.69279504,0.51524454,0.45315683,0.7178054,0.67316926,1.116595,0.9331219,2.049717,1.2099369,0.765356,4,0
0.8868304,0.23713519,0.87349963,0.1425128,0.93461204,0.37750867,1.6599678,0.19874588,1.8587137,1.1409514,0.7462866,4,0
0.8381591,-0.8583293,0.4487565,0.4874907,0.6698929,0.69820535,1.1512672,1.2242198,2.3754869,1.3457282,0.7513339,4,0
0.9131514,0.096349046,0.8329954,0.10446656,0.9126858,0.32321286,1.666841,0.1137497,1.7805907,1.1189063,0.72707605,4,0
-0.87889975,-0.44415992,0.7702053,0.2290838,0.8776134,0.478627,1.5426702,0.42636186,1.9690318,1.143079,0.81388104,6,0
-0.79266727,0.4725382,0.722676,0.28101373,0.8501035,0.53010726,1.3509974,0.5043061,1.8553035,1.0839145,0.82488346,6,0
0.42279077,-0.97072273,0.19744602,0.77281404,0.444349,0.8790984,0.3761981,1.7151167,2.0913148,1.1857505,0.8278349,6,0
0.91978145,0.49991173,0.7226318,0.24688564,0.8500775,0.49687588,1.5686297,0.49679735,2.065427,1.1792506,0.8214592,6,0
0.98321265,-0.24363837,0.8612459,0.09977793,0.92803335,0.31587645,1.827953,0.15913758,1.9870906,1.1635115,0.79582113,6,0
-0.83509356,0.38880113,0.77955574,0.20881428,0.88292456,0.45696202,1.476937,0.35998058,1.8369176,1.0762366,0.82379144,6,0
1.0247955,-0.45061266,0.82836485,0.19557104,0.9101455,0.44223413,1.8785707,0.3986228,2.2771933,1.2542431,0.83908725,6,0
-0.9663993,-0.37249583,0.84214723,0.1487408,0.9176858,0.3856693,1.7760746,0.28749394,2.0635686,1.1840357,0.8134052,6,0
0.11374394,-1.085572,0.061554,0.9184159,0.24810079,0.95834017,0.074491695,2.0968826,2.1713743,1.2192358,0.82754964,6,0
-1.0743153,0.25706893,0.8794863,0.10030885,0.93780935,0.31671572,2.0336397,0.16639327,2.200033,1.2278237,0.83215487,6,0
0.095168486,0.9237969,0.051727057,0.9315182,0.22743583,0.9651519,0.060784094,1.7849188,1.8457029,1.0941639,0.80530006,6,0
-0.53697264,-1.0295463,0.23609488,0.76783097,0.48589596,0.8762596,0.52443445,1.8277965,2.352231,1.2789626,0.8464547,6,0
-1.1738487,0.21640983,0.9134948,0.05382483,0.95576924,0.2320018,2.2914155,0.100658044,2.3920736,1.2882646,0.85583174,8,0
-0.2361439,1.0566864,0.08729631,0.88650286,0.29545948,0.9415428,0.14306025,2.0030892,2.1461496,1.1938076,0.8491011,8,0
-0.9650434,0.72471154,0.64567447,0.37570286,0.80353874,0.61294603,1.5769833,0.9009096,2.4778929,1.2930853,0.8976766,8,0
0.06535946,1.0127364,0.018608127,0.98865116,0.1364116,0.99430937,0.022879986,2.0142865,2.0371666,1.1171621,0.8883216,8,0
-0.11851394,-1.1915877,0.04162272,0.9996209,0.20401648,0.99981046,0.055668272,2.4195018,2.4751701,1.3099226,0.87136275,8,0
0.024966711,1.0131645,0.016223574,0.98105764,0.12737179,0.9904835,0.01684691,2.0075603,2.0244071,1.1298134,0.8648287,8,0
-0.6364455,-0.9286737,0.33180505,0.65739834,0.5760252,0.810801,0.7368679,1.5198331,2.256701,1.221437,0.87452435,8,0
0.47906113,-0.9715557,0.21195403,0.7545741,0.46038464,0.86866224,0.44145364,1.6984948,2.1399484,1.1887233,0.85257566,10,0
0.10813721,-1.0280954,0.0215902,1.0025015,0.14693604,1.0012499,0.033283856,2.0594816,2.0927653,1.1538596,0.87256706,10,0
-0.41807285,-1.2075865,0.11983449,0.8662892,0.3461712,0.93074656,0.29461938,2.3245544,2.619174,1.3580945,0.8802006,10,0
-0.06441207,-1.2715286,0.02809034,0.95238286,0.16760173,0.97590107,0.032239255,2.5691679,2.601407,1.3566248,0.87233937,10,0
0.9311625,0.59588194,0.70421636,0.29847497,0.839176,0.5463286,1.57128,0.6535502,2.2248302,1.1970961,0.8898265,10,0
-1.0326885,-0.2459577,0.9532914,0.060960416,0.97636646,0.24690163,2.0197368,0.121455595,2.1411924,1.1695011,0.87946564,10,0
0.6749685,-0.88481563,0.37063402,0.6308737,0.6087972,0.7942756,0.8262165,1.4137723,2.2399888,1.2195241,0.86761165,10,0
1.0058374,-0.37542945,0.79404926,0.13821997,0.89109445,0.37177947,1.8057582,0.27916723,2.0849257,1.1823175,0.8288852,10,0
0.010501178,1.167109,0.010845412,0.98014104,0.1041413,0.99002075,0.010955686,2.3422844,2.35324,1.2536207,0.8841239,10,0
0.32199842,-0.89546233,0.12097307,0.8760765,0.34781185,0.9359896,0.22465605,1.6779292,1.9025854,1.056994,0.8861991,10,0
0.8941448,0.6651846,0.5920675,0.3336349,0.7694592,0.5776114,1.3915625,0.7761055,2.1676679,1.2087066,0.8406523,12,0
0.5362532,0.79870003,0.3114786,0.6779604,0.55810267,0.8233835,0.5990461,1.3158822,1.9149283,1.0834043,0.86090845,12,0
0.529054,0.8871435,0.2648041,0.7221068,0.5145912,0.8497687,0.54470223,1.5091304,2.0538325,1.1169984,0.897857,12,0
-0.4624056,0.73583686,0.28404856,0.68924725,0.5329621,0.83020914,0.49786747,1.2307032,1.7285707,0.99992985,0.8536457,12,0
0.39104027,-1.0409832,0.1276797,0.8667906,0.35732296,0.9310159,0.28059217,1.9504366,2.2310288,1.22806,0.8502337,12,0
0.84518206,-0.48685402,0.73135114,0.25482666,0.8551907,0.5048036,1.4456838,0.49185348,1.9375374,1.0828929,0.87457436,12,0
0.63752544,-0.5387787,0.51793766,0.37873787,0.7196789,0.6154168,0.92437637,0.6690204,1.5933967,0.9738196,0.80316377,12,0
-1.1136049,-0.41454697,0.8258664,0.13107382,0.90877193,0.36204118,2.0659823,0.302923,2.3689053,1.2680464,0.87233233,12,0
0.7006464,-0.8435622,0.3975554,0.5668029,0.6305199,0.75286317,0.8884608,1.2784002,2.166861,1.1837592,0.87497145,12,0
0.24843001,-0.90662146,0.07060353,0.939034,0.26571324,0.96903765,0.132321,1.7609963,1.8933175,1.0393467,0.90170723,12,0
0.24375606,-1.0186939,0.057889123,0.93195,0.24060158,0.96537554,0.11730613,1.9696872,2.0869935,1.138339,0.8894816,12,0
-0.23016793,-0.9770414,0.061990917,0.92829514,0.24897975,0.9634807,0.114968196,1.882905,1.9978733,1.0889845,0.9011027,14,0
-0.1350385,1.1140943,0.021762474,0.95702285,0.1475211,0.9782754,0.03999787,2.1982288,2.238227,1.2181796,0.8684844,14,0
-0.42609534,0.9980731,0.15811177,0.85911775,0.3976327,0.926886,0.339669,1.8552678,2.1949368,1.1804094,0.8953046,14,0
-0.6019272,-0.8419747,0.3357647,0.6415876,0.5794521,0.80099165,0.698081,1.3505089,2.0485902,1.1431123,0.8613271,14,0
0.8614703,0.6383352,0.65561515,0.36140555,0.80970067,0.6011701,1.3977461,0.76887745,2.1666236,1.1679437,0.895841,14,0
-0.15201992,-1.1259345,0.02054137,0.9751487,0.1433226,0.98749614,0.043651428,2.2428772,2.2865286,1.2210827,0.89190006,16,0
0.9169159,0.044560097,0.9612551,0.004551512,0.98043615,0.067464896,1.8019898,0.0065371147,1.8085269,1.0100844,0.887838,16,0
0.88395464,0.401956,0.83998895,0.17376097,0.9165091,0.41684645,1.6213648,0.3353296,1.9566944,1.0770334,0.8925768,16,0
-0.273136,0.99412465,0.073717564,0.9588247,0.2715098,0.97919595,0.14832082,1.9471084,2.0954294,1.1218591,0.91480124,16,0
0.7209896,-0.8637375,0.39981246,0.577417,0.63230723,0.7598796,0.9196386,1.3234594,2.243098,1.2084152,0.8847773,16,0
-1.0901586,0.5658644,0.7515582,0.2044807,0.8669246,0.4521954,1.9400041,0.5246832,2.4646873,1.318715,0.8518674,16,0
-0.9736811,-0.2326124,0.86342394,0.08385317,0.9292061,0.28957412,1.8114786,0.1379617,1.9494405,1.0875336,0.8756205,16,0
0.88185495,-0.56400394,0.66877735,0.27617115,0.81778806,0.5255199,1.4464455,0.5942716,2.0407171,1.1388621,0.86238635,16,0
0.1997233,1.0951493,0.039978184,0.9906167,0.19994545,0.99529725,0.07986759,2.1899686,2.269836,1.187516,0.9271686,18,0
0.19114177,1.0997406,0.031456828,0.9699676,0.17736073,0.98486936,0.06799201,2.179397,2.247389,1.2004268,0.8979782,18,0
-1.0463145,0.1972759,0.86856097,0.056615382,0.9319662,0.23793986,1.9633353,0.09553317,2.0588684,1.12798,0.88686496,18,0
0.5762861,0.84860235,0.3154509,0.67835855,0.56165016,0.82362527,0.64755654,1.3984845,2.046041,1.1160514,0.8946901,18,0
-0.36703998,1.1297445,0.09631264,0.8857308,0.3103428,0.9411327,0.23103097,2.1620536,2.3930845,1.2579858,0.900309,18,0
-0.8968506,-0.48811743,0.77260023,0.23020832,0.8789768,0.47980028,1.5769411,0.468467,2.045408,1.0962424,0.91850996,18,0
-0.5209636,0.90362334,0.24075411,0.7214165,0.49066702,0.8493624,0.5121572,1.5379517,2.050109,1.1417185,0.8640531,20,0
-0.07468738,-1.0560377,0.012568688,0.97424215,0.11211016,0.98703706,0.018146893,2.0894578,2.1076045,1.1584579,0.8749743,20,0
1.1077564,-0.13713917,0.96670616,0.017607547,0.9832122,0.13269344,2.1938307,0.036414698,2.2302454,1.2123383,0.8720556,20,0
-0.640987,-0.8390429,0.3899328,0.66924775,0.624446,0.81807566,0.80079716,1.3732407,2.174038,1.1296898,0.9475435,20,0
1.1521337,-0.24665128,0.9555838,0.054497905,0.97753966,0.23344786,2.2829957,0.115334764,2.3983307,1.2459834,0.9197043,20,0
-0.5390104,-0.8329835,0.2942597,0.6998081,0.5424571,0.83654535,0.5847919,1.3936696,1.9784615,1.0732286,0.90919846,20,0
0.5117852,-0.79016346,0.28423184,0.66495645,0.533134,0.81544864,0.546156,1.2893149,1.8354709,1.0531282,0.85228616,20,0
-0.34362167,1.056075,0.09613908,0.87058747,0.31006303,0.9330528,0.21421492,1.9858817,2.2000966,1.20258,0.86827314,22,0
0.88316655,0.8657026,0.51704335,0.49844715,0.71905726,0.7060079,1.2970264,1.2478882,2.5449147,1.3182008,0.89847726,22,0
0.9926903,-0.48503298,0.83751,0.2061616,0.9151557,0.4540502,1.8229442,0.4414186,2.2643628,1.2048007,0.9015641,22,0
0.8471788,0.8274178,0.5170295,0.48917788,0.71904767,0.6994125,1.2347413,1.173798,2.4085393,1.2578986,0.9089723,24,0
0.36419892,1.0778267,0.112511486,0.8621435,0.3354273,0.92851686,0.24515234,2.0238538,2.2690063,1.24261,0.8514262,24,0
0.66342276,0.7628131,0.45093685,0.5916451,0.6715183,0.7691847,0.8910667,1.173529,2.0645955,1.096306,0.9288212,24,0
-0.38036698,-0.9120445,0.14507444,0.82822955,0.38088638,0.9100712,0.2897535,1.6600548,1.9498082,1.072841,0.8937676,24,0
0.31944358,1.0772057,0.08899486,0.8939039,0.29832006,0.9454649,0.19103907,2.054276,2.245315,1.1949916,0.90405214,24,0
-0.05311082,1.1481035,0.0020562755,0.9620888,0.045346174,0.98086125,0.0048770346,2.2802303,2.2851071,1.2220967,0.88971174,26,0
-1.0124029,0.24249442,0.9481932,0.055894673,0.97375214,0.23642054,1.9731528,0.11469822,2.087851,1.1356719,0.8933648,26,0
-1.0050002,0.1123966,0.983058,0.0137747405,0.9914928,0.11736584,1.9930835,0.026407734,2.0194912,1.1170372,0.8784754,26,0
1.0665268,-0.6114741,0.64090157,0.22536595,0.8005633,0.47472724,1.7783808,0.5992666,2.3776474,1.2946944,0.8375045,26,0
-0.56373996,1.146071,0.18367901,0.7595642,0.4285779,0.8715298,0.5014818,2.0730426,2.5745246,1.3472493,0.8714608,26,0
1.0879223,-0.5094887,0.84991026,0.19356659,0.92190576,0.43996203,2.0334852,0.45314533,2.4866304,1.2844985,0.91471004,28,0
0.29396898,-0.96088713,0.08176678,0.87408996,0.2859489,0.93492776,0.16818455,1.7973942,1.9655787,1.09431,0.87639284,28,0
0.68636036,0.9764743,0.33588064,0.6801815,0.5795521,0.8247312,0.80697113,1.6336837,2.4406548,1.2738543,0.9044059,28,0
-0.96409297,0.6084695,0.6907024,0.27921122,0.8310851,0.5284044,1.6201777,0.64944637,2.269624,1.2297604,0.87023765,28,0
0.6602955,-0.9523921,0.30116627,0.5933544,0.54878616,0.770295,0.7371564,1.5004052,2.2375615,1.2354496,0.84334224,28,0
-0.5775881,0.93137527,0.27969217,0.72699606,0.5288593,0.8526406,0.61330014,1.594456,2.207756,1.1645823,0.92276996,28,0
0.52404726,0.70002496,0.34881434,0.6226238,0.5906051,0.7890651,0.62343985,1.1126587,1.7360985,0.9677548,0.8941752,28,0
-1.0898408,0.14395382,0.93733466,0.018354172,0.96816045,0.13547757,2.1250877,0.039076876,2.1641645,1.1779904,0.8811942,28,0
-1.040443,-0.05131708,0.87521183,0.050073948,0.93552756,0.2237721,1.9577334,0.05270739,2.0104408,1.1440512,0.8376083,28,0
-0.99309826,0.37769055,0.85155225,0.12952024,0.9227959,0.3598892,1.8377964,0.27217036,2.1099668,1.1732047,0.85647976,28,0
-0.73996806,1.0201666,0.3265248,0.59134775,0.5714235,0.7689914,0.87407756,1.6320877,2.5061655,1.3439935,0.8365684,28,0
0.7068961,-0.80603874,0.43502638,0.56526554,0.65956527,0.7518414,0.9347285,1.214964,2.1496925,1.173538,0.87892056,30,0
-0.5378783,-0.8805844,0.27082965,0.6943702,0.520413,0.8332888,0.5601427,1.469799,2.0299418,1.1285127,0.86971307,30,0
0.83153546,0.5055437,0.71743214,0.27003956,0.84701365,0.5196533,1.4088833,0.525614,1.9344974,1.0495552,0.91265064,30,0
-1.0605841,-0.33855128,0.91897994,0.09828682,0.95863444,0.3135073,2.0438185,0.21290378,2.2567222,1.2088361,0.89187306,30,0
0.8595545,-0.71319354,0.57822156,0.39661896,0.7604088,0.6297769,1.3170556,0.90526396,2.2223194,1.2098742,0.87093276,30,1
1.0141754,0.1357352,0.9102261,0.034094896,0.9540577,0.18464804,1.9387779,0.05251894,1.9912968,1.1149795,0.8649379,30,1
0.01614647,0.017625334,0.49869475,0.51337934,0.70618325,0.71650493,0.49895543,0.51369,1.0126454,0.88899636,0.47151974,-20,1
-0.08083519,0.047444075,0.48608518,0.50339174,0.6971981,0.709501,0.4926195,0.50564265,0.99826217,0.88800365,0.4579429,-20,1
-0.010235086,-0.008137692,0.46861205,0.5220603,0.68455243,0.7225374,0.46871683,0.52212656,0.9908434,0.8824849,0.46050382,-20,1
0.065997876,0.0040772296,0.46124512,0.4732078,0.6791503,0.687901,0.46560085,0.47322446,0.93882525,0.8619667,0.44253653,-20,1
-0.024378087,0.017968506,0.45407844,0.49933136,0.6738534,0.7066338,0.4546727,0.49965423,0.9543269,0.8630644,0.45765352,-20,1
-0.00076347124,4.2599626e-05,0.51921254,0.49509788,0.72056407,0.70363194,0.51921314,0.49509785,1.0143111,0.8985677,0.4548484,-20,1
-0.013727495,0.01932891,0.5228474,0.5029418,0.7230819,0.7091839,0.5230359,0.5033154,1.0263512,0.8930081,0.47842208,-20,1
0.007632135,-0.02257008,0.5215491,0.5116625,0.7221836,0.71530586,0.5216074,0.51217186,1.0337793,0.9070223,0.45944515,-20,1
0.008948557,-0.0006877193,0.4900687,0.46800685,0.70004904,0.6841103,0.49014878,0.46800733,0.9581561,0.86604625,0.45620164,-18,1
0.043421086,-0.020342367,0.48863104,0.5171519,0.69902146,0.7191327,0.49051642,0.5175657,1.0080822,0.8942687,0.45647082,-18,1
-0.012786763,-0.037575327,0.4839362,0.5044832,0.6956552,0.7102698,0.4840997,0.50589514,0.9899949,0.8894688,0.4459149,-18,1
0.07161059,0.011167575,0.47458652,0.4988867,0.6889024,0.70631915,0.4797146,0.49901143,0.978726,0.87526643,0.46112332,-18,1
-0.037381656,0.016491149,0.50970894,0.5108583,0.713939,0.7147435,0.5111063,0.5111302,1.0222366,0.90268147,0.45541492,-18,1
-0.009151727,-0.0012597116,0.51302016,0.47835746,0.71625423,0.6916339,0.51310396,0.47835904,0.9914629,0.8785316,0.46866322,-18,1
0.0379522,-0.019272704,0.49745896,0.48061854,0.7053077,0.6932666,0.49889937,0.48098993,0.9798893,0.8774562,0.4582138,-18,1
-0.053250782,0.034599654,0.5085164,0.5120689,0.71310335,0.71558994,0.51135194,0.5132661,1.0246181,0.8939222,0.47489074,-16,1
0.0061252895,-0.0032345932,0.4992274,0.48251587,0.70656025,0.6946336,0.49926496,0.48252633,0.98179126,0.8796309,0.4561149,-16,1
0.011360359,0.028786307,0.5140863,0.51132363,0.7169981,0.715069,0.51421535,0.5121523,1.0263677,0.89454174,0.47556576,-16,1
0.020471625,-4.5077875e-05,0.48425084,0.50797164,0.69588137,0.7127213,0.48466995,0.50797164,0.9926416,0.88452625,0.45853564,-16,1
0.05013925,-0.039999828,0.4852229,0.50946426,0.69657946,0.71376765,0.48773688,0.51106423,0.9988011,0.8907126,0.4532462,-16,1
-0.028929181,-0.004416208,0.4812789,0.47890556,0.6937427,0.69203,0.4821158,0.47892505,0.96104085,0.86725277,0.45707068,-16,1
0.040067222,-0.06325289,0.54494804,0.4916352,0.73820597,0.70116705,0.5465534,0.49563614,1.0421896,0.9027694,0.4766518,-16,1
0.065642364,0.01654701,0.5003238,0.5145421,0.7073357,0.7173159,0.5046327,0.51481587,1.0194485,0.90251696,0.45267174,-16,1
0.040945906,-0.042780194,0.4889624,0.5192648,0.69925845,0.7206003,0.49063897,0.52109504,1.011734,0.89669126,0.45571786,-16,1
-0.010060387,-0.014079101,0.48943964,0.5051185,0.6995996,0.7107169,0.48954082,0.5053167,0.9948575,0.885075,0.4598911,-16,1
0.03082712,-0.04868935,0.47014698,0.5216111,0.68567264,0.7222265,0.4710973,0.52398175,0.995079,0.8876903,0.4550659,-16,1
-0.028859645,-0.014640039,0.4739674,0.4910269,0.6884529,0.7007331,0.47480032,0.49124122,0.9660415,0.865771,0.46527636,-16,1
0.020746293,0.0034017842,0.4981227,0.5109837,0.70577806,0.71483123,0.49855307,0.51099527,1.0095483,0.8856133,0.47459182,-16,1
0.026383996,0.028093692,0.5162417,0.5009229,0.71849966,0.7077591,0.51693785,0.5017122,1.01865,0.8993902,0.45798177,-14,1
0.027392384,-0.022888778,0.49470392,0.52395403,0.7033519,0.7238467,0.49545428,0.5244779,1.0199322,0.894009,0.469766,-14,1
-0.046353392,0.005039273,0.5276391,0.44879168,0.7263877,0.66991913,0.5297877,0.44881707,0.9786047,0.88068944,0.45054507,-14,1
-0.023281327,-0.06667233,0.51648885,0.49669465,0.71867156,0.7047657,0.5170309,0.5011399,1.0181707,0.8898386,0.47577098,-12,1
0.03551901,0.05159893,0.49681637,0.5037546,0.70485204,0.70975673,0.498078,0.50641704,1.0044949,0.8828877,0.47434616,-12,1
-0.03165606,0.044102237,0.50869083,0.5135176,0.71322566,0.71660143,0.5096929,0.51546264,1.0251555,0.8953349,0.47279075,-12,1
0.039297186,0.078109816,0.50850785,0.47833648,0.71309733,0.69161874,0.51005214,0.4844376,0.9944898,0.8881733,0.45347324,-12,1
0.07296446,0.0016464554,0.51771075,0.4954376,0.71952116,0.7038733,0.5230346,0.4954403,1.0184748,0.8902597,0.47530258,-12,1
-0.08066398,-0.040429965,0.53039515,0.48006657,0.72828233,0.69286835,0.5369018,0.48170114,1.0186028,0.89057887,0.4748392,-12,1
0.054417066,0.009014653,0.47409713,0.5103385,0.68854713,0.7143798,0.47705835,0.5104198,0.9874781,0.8810449,0.45960626,-12,1
-0.057448223,0.06191913,0.4863658,0.49876216,0.6973993,0.70623094,0.48966604,0.50259614,0.9922621,0.8803351,0.4661248,-12,1
-0.054311663,-0.042404942,0.5210033,0.47850996,0.7218056,0.69174415,0.5239531,0.48030812,1.0042613,0.88685083,0.46664408,-12,1
-0.049055606,0.06366284,0.47444427,0.5083774,0.68879914,0.7130059,0.47685075,0.5124303,0.98928106,0.8778928,0.46753106,-12,1
-0.07457459,-0.025674777,0.5209129,0.46808344,0.7217429,0.68416625,0.52647424,0.46874267,0.99521685,0.885128,0.46017966,-12,1
0.076137826,0.13852032,0.5132674,0.47674716,0.71642685,0.6904688,0.5190643,0.49593502,1.0149994,0.89211357,0.46811613,-10,1
-0.055034228,0.030717101,0.49778754,0.518008,0.7055406,0.7197277,0.5008163,0.5189514,1.0197679,0.88957024,0.47794622,-10,1
0.017494794,0.131338,0.5040028,0.5002675,0.70993155,0.7072959,0.5043089,0.5175172,1.0218261,0.9064144,0.44748083,-10,1
0.084870875,-0.064975694,0.49375236,0.5046597,0.70267516,0.710394,0.5009554,0.50888157,1.0098369,0.8917028,0.46336076,-10,1
-0.07136047,-0.09387359,0.48328978,0.5293082,0.6951905,0.7275357,0.4883821,0.53812045,1.0265026,0.899583,0.4661041,-10,1
-0.058928926,-0.087411016,0.51227003,0.5198534,0.7157304,0.7210086,0.51574266,0.5274941,1.0432367,0.90763736,0.46843475,-10,1
0.010659804,-0.10153131,0.45219323,0.5291819,0.67245317,0.7274489,0.45230687,0.53949046,0.9917974,0.8790325,0.46808037,-10,1
-0.10454154,0.055720225,0.491375,0.5098462,0.70098144,0.71403515,0.5023039,0.5129509,1.0152547,0.9034879,0.44605422,-10,1
-0.048022524,-0.10219851,0.50289714,0.48676133,0.7091524,0.69768286,0.5052033,0.49720588,1.0024092,0.88450867,0.46909866,-10,1
-0.04060512,-0.11145967,0.4788897,0.46889263,0.69201857,0.68475735,0.4805385,0.4813159,0.9618544,0.87059575,0.45157212,-8,1
-0.11033057,-0.09778783,0.5129344,0.50040793,0.7161944,0.7073952,0.52510726,0.50997037,1.0350776,0.89791477,0.4783583,-8,1
0.03223247,0.1430338,0.51002544,0.4986099,0.7141607,0.7061232,0.5110644,0.5190686,1.030133,0.8971833,0.47454733,-8,1
-0.12346874,-0.006695577,0.51163775,0.4940438,0.7152886,0.70288247,0.5268823,0.4940886,1.020971,0.90098244,0.4573856,-8,1
-0.10378243,-0.13079248,0.50554025,0.48930675,0.71101356,0.6995047,0.51631093,0.50641346,1.0227244,0.9029466,0.45542482,-8,1
-0.07091026,0.16272429,0.5169115,0.50198525,0.7189656,0.70850915,0.52193975,0.52846444,1.0504042,0.90407145,0.48276177,-8,1
-0.16568755,-0.03594023,0.4914352,0.48214182,0.7010244,0.6943643,0.5188876,0.48343354,1.0023211,0.8824202,0.4729225,-8,1
-0.0003613769,-0.12774087,0.4960212,0.5374259,0.7042877,0.7330934,0.49602133,0.5537436,1.0497649,0.90949506,0.4717878,-8,1
0.12817699,0.19845457,0.48546565,0.5346691,0.6967536,0.7312107,0.501895,0.5740533,1.0759482,0.9190621,0.48090872,-6,1
-0.02147455,0.2260538,0.4923365,0.48767638,0.70166695,0.6983383,0.49279767,0.53877676,1.0315745,0.904346,0.46231234,-6,1
0.046198726,0.26204467,0.49687302,0.48069987,0.7048922,0.6933252,0.49900734,0.54936725,1.0483747,0.9140959,0.4613062,-6,1
0.10392262,0.19818091,0.50776327,0.49400502,0.7125751,0.70285493,0.51856315,0.53328073,1.0518439,0.9124764,0.46822074,-6,1
0.21702409,-0.144672,0.5007309,0.48590243,0.7076234,0.697067,0.5478304,0.5068324,1.0546628,0.90556085,0.48437825,-6,1
-0.192671,0.13303095,0.50060475,0.50861454,0.70753425,0.71317214,0.5377269,0.52631176,1.0640385,0.90567684,0.49374893,-6,1
-0.2536704,0.0011305893,0.48733023,0.5081905,0.69809043,0.7128748,0.5516789,0.5081918,1.0598707,0.91287655,0.47594863,-6,1
-0.37744272,0.0030545164,0.53147703,0.44699612,0.7290247,0.6685777,0.67394006,0.44700545,1.1209455,0.9378445,0.49131775,-4,1
0.2322373,-0.327181,0.47496516,0.50913167,0.68917716,0.71353465,0.5288993,0.616179,1.1450784,0.9535924,0.48553047,-4,1
-0.37755463,0.114329726,0.52037203,0.48849955,0.7213682,0.6989274,0.6629195,0.5015708,1.1644902,0.9610904,0.4907093,-4,1
-0.26810217,-0.27403265,0.4708934,0.5411521,0.6862167,0.73563045,0.54277223,0.6162461,1.1590183,0.956621,0.49385676,-4,1
-0.2205082,-0.27025667,0.4891192,0.5150857,0.69937056,0.7176947,0.5377431,0.58812433,1.1258674,0.9377245,0.4965281,-4,1
-0.2849664,-0.248727,0.4916927,0.51360524,0.701208,0.7166626,0.5728985,0.5754703,1.1483688,0.9442394,0.50673544,-4,1
-0.4079827,0.06138719,0.52524304,0.48216885,0.7247365,0.6943838,0.69169295,0.48593724,1.1776302,0.96233326,0.50154245,-4,1
0.19937968,-0.33700886,0.48368102,0.47973067,0.6954718,0.69262594,0.52343327,0.59330565,1.1167389,0.93715614,0.48834133,-4,1
0.41670156,-0.3305694,0.52982044,0.4692284,0.72788763,0.68500245,0.70346063,0.57850456,1.2819651,0.9972645,0.53612363,-2,1
-0.1969617,-0.560411,0.40744537,0.57590735,0.6383145,0.7588856,0.44623935,0.88996786,1.3362072,1.0237827,0.53672737,-2,1
0.6164069,0.049290262,0.5851166,0.39921337,0.7649292,0.6318333,0.9650742,0.40164292,1.3667171,1.0360417,0.54160386,-2,1
0.19490209,0.47194195,0.45476317,0.5605471,0.6743613,0.7486969,0.49275,0.7832763,1.2760262,0.9996479,0.52605164,-2,1
-0.39115527,0.41267228,0.4958703,0.51478446,0.7041806,0.71748483,0.64887273,0.6850829,1.3339555,1.0333467,0.51589763,-2,1
0.49977303,-0.23500231,0.5742997,0.4572455,0.7578256,0.6761993,0.8240727,0.51247156,1.3365443,1.0245001,0.53567123,-2,1
0.58255255,-0.097905606,0.52998435,0.48122835,0.7280002,0.6937062,0.8693518,0.49081388,1.3601658,1.0372024,0.5332699,-2,1
0.5755637,-0.0047460627,0.5764779,0.449213,0.7592614,0.67023355,0.90775144,0.44923553,1.3569869,1.028914,0.5461896,-2,1
-0.1409665,0.57232046,0.42684257,0.524931,0.6533319,0.7245212,0.4467141,0.8524817,1.2991958,1.0056249,0.53657657,-2,1
-0.41369748,0.30953366,0.48990586,0.52498204,0.69993275,0.72455645,0.66105145,0.6207931,1.2818445,1.0027319,0.525712,-2,1
0.45617014,0.7227842,0.44558528,0.55691564,0.6675218,0.7462678,0.6536765,1.0793327,1.7330091,1.168874,0.6055928,0,1
0.29781914,-0.73221225,0.3749404,0.5401375,0.61232376,0.73494047,0.4636366,1.0762722,1.5399089,1.1019138,0.5706967,0,1
-0.53290224,-0.5403546,0.48143882,0.5345837,0.6938579,0.7311523,0.76542354,0.8265667,1.5919904,1.1096267,0.60059893,0,1
-0.6258545,0.55879116,0.5293032,0.51879823,0.72753227,0.7202765,0.920997,0.83104587,1.7520429,1.1625901,0.63279307,0,1
-0.07130029,0.77188474,0.35522664,0.6235906,0.5960089,0.7896775,0.36031032,1.2193968,1.579707,1.1110605,0.5875813,0,1
0.6983354,0.2174068,0.6343832,0.34785718,0.7964818,0.58979416,1.1220556,0.3951229,1.5171785,1.0786247,0.59476656,0,1
-0.4779094,-0.6829928,0.44851893,0.5759545,0.6697156,0.7589167,0.67691624,1.0424336,1.71935,1.1621934,0.60717094,0,1
-1.0672989,-0.2005916,0.7177286,0.2795747,0.84718865,0.5287482,1.8568554,0.31981167,2.1766672,1.2941856,0.70834345,2,1
-0.8899172,-0.49913335,0.65506685,0.35597715,0.809362,0.5966382,1.4470193,0.6051112,2.0521307,1.255033,0.69066846,2,1
0.06508012,0.9571332,0.23487982,0.7355004,0.48464403,0.8576132,0.23911522,1.6516044,1.8907197,1.1972691,0.67621464,2,1
-1.1467847,-0.024611585,0.697271,0.21055178,0.8350275,0.4588592,2.012386,0.21115752,2.2235436,1.317986,0.6974644,2,1
-0.9138449,0.45737013,0.6489311,0.3297613,0.8055626,0.57424843,1.4840436,0.53894866,2.0229924,1.2437598,0.6899666,2,1
0.79697824,0.7648145,0.5173025,0.47805864,0.71923745,0.6914179,1.1524769,1.0629998,2.2154765,1.3123068,0.7023729,2,1
0.18728304,-1.0628916,0.26757783,0.747396,0.51727927,0.86452067,0.30265278,1.8771346,2.1797874,1.2983133,0.70297235,2,1
0.5032808,-0.91839135,0.35927406,0.64993083,0.59939474,0.80618286,0.61256564,1.4933735,2.105939,1.2730873,0.6965543,2,1
0.9602692,0.12653375,0.73968893,0.2170887,0.8600517,0.46592778,1.6618059,0.23309949,1.8949054,1.1928709,0.68699676,2,1
0.023282902,1.059762,0.24159144,0.73512495,0.4915195,0.8573943,0.24213353,1.8582207,2.1003542,1.2819816,0.675927,2,1
-0.7727878,1.0192806,0.37894484,0.57889205,0.61558497,0.76084954,0.97614574,1.6178249,2.5939708,1.4049746,0.7874118,4,1
-0.63961446,-0.943149,0.33470303,0.56452304,0.57853526,0.7513475,0.7438097,1.4540529,2.1978626,1.2810912,0.746102,4,1
-1.145533,0.53317213,0.70552206,0.26247194,0.8399536,0.51232016,2.0177677,0.54674447,2.5645123,1.4043803,0.76956344,4,1
0.8664777,0.9021882,0.5186078,0.5159415,0.7201443,0.7182907,1.2693915,1.329885,2.5992765,1.4006581,0.7983942,4,1
0.043222077,-1.2023803,0.14766622,0.83331436,0.38427362,0.9128605,0.14953436,2.2790327,2.428567,1.3496094,0.77917993,4,1
-1.232106,0.27723172,0.8102224,0.19902524,0.90012354,0.44612247,2.3283076,0.27588266,2.6041903,1.4096574,0.78552943,4,1
-0.8677621,-0.9171486,0.49339312,0.5455806,0.70241946,0.7386343,1.2464042,1.3867424,2.6331463,1.400142,0.8202129,4,1
0.9280102,-0.91743314,0.52030903,0.47581625,0.7213245,0.68979436,1.3815122,1.3174999,2.6990118,1.3855155,0.88281304,6,1
-1.0647006,0.82197773,0.62015676,0.38822502,0.7875003,0.62307703,1.7537439,1.0638725,2.8176165,1.4233959,0.889697,6,1
-1.0974262,-0.89554197,0.5900766,0.38524413,0.76816446,0.6206804,1.7944207,1.1872394,2.9816604,1.50124,0.8531932,6,1
-1.1981803,-0.5618745,0.74066496,0.22301915,0.86061895,0.47224903,2.176301,0.53872216,2.715023,1.4063425,0.85861725,6,1
-0.6424101,-1.1280575,0.2939751,0.7754866,0.5421947,0.88061714,0.7066658,2.0480003,2.754666,1.3983155,0.89408034,6,1
0.08258322,1.2357566,0.073709846,0.8935088,0.27149558,0.94525594,0.08052984,2.4206035,2.5011334,1.3491619,0.8251641,6,1
-1.2669251,-0.14627856,0.9579655,0.04143644,0.97875714,0.20355943,2.5630646,0.06283386,2.6258988,1.3354747,0.91782665,8,1
1.386585,0.063084215,1.0942206,0.03614185,1.0460501,0.1901101,3.016838,0.040121466,3.0569596,1.4505408,0.9761615,8,1
0.87765396,-1.1426361,0.35974315,0.57926047,0.5997859,0.76109165,1.1300197,1.8848779,3.0148973,1.4845241,0.9006029,8,1
1.2687843,-0.56731635,0.83241296,0.19223744,0.9123667,0.4384489,2.4422264,0.5140853,2.9563117,1.4475784,0.92780834,8,1
1.4219778,-0.2679276,0.8591988,0.074924186,0.9269298,0.27372283,2.8812191,0.14670937,3.0279286,1.4884765,0.90131354,8,1
1.495307,-0.36105454,0.8485036,0.07929118,0.9211425,0.2815869,3.0844464,0.20965156,3.294098,1.5810475,0.891284,8,1
1.3940835,0.05626977,0.9802581,0.032675527,0.9900798,0.18076374,2.9237266,0.03584181,2.9595685,1.4506812,0.924712,8,1
1.0158796,-0.7997201,0.636469,0.41866207,0.79779005,0.647041,1.6684804,1.0582142,2.7266946,1.3625591,0.9328062,8,1
-1.2968603,-0.5215191,0.89603007,0.16868801,0.94658864,0.41071647,2.577877,0.4406702,3.018547,1.4664342,0.93172854,8,1
0.11455907,-1.4409012,0.06068912,0.9450885,0.24635161,0.97215664,0.073812895,3.0212846,3.0950975,1.5258331,0.87574565,8,1
1.436782,-0.3356722,0.9129523,0.06372619,0.9554854,0.25244045,2.9772947,0.17640202,3.153697,1.5175631,0.9223335,10,1
-0.20888956,1.4609796,0.03437221,0.9751042,0.18539745,0.98747367,0.07800706,3.1095653,3.1875725,1.5258911,0.9269458,10,1
-0.8770679,1.1886454,0.37981692,0.69267535,0.6162929,0.8322712,1.1490651,2.1055532,3.2546182,1.5142062,0.98071283,10,1
-1.3847007,0.4190783,0.85285205,0.095772244,0.9234999,0.30947092,2.770248,0.2713989,3.041647,1.4901212,0.90619284,10,1
-1.0629137,-0.5133977,0.8065013,0.19797245,0.8980542,0.44494095,1.9362867,0.46154964,2.3978367,1.2498573,0.9141626,10,1
0.9823837,-1.0189139,0.48419046,0.5070872,0.695838,0.7121005,1.4492682,1.5452726,2.9945407,1.4615128,0.9265642,10,1
-0.7168375,-1.1427567,0.2677427,0.6074034,0.5174386,0.7793609,0.7815988,1.9132962,2.694895,1.4049574,0.84911126,10,1
1.2782896,-0.84792334,0.6777718,0.30301106,0.82326895,0.5504644,2.3117957,1.021985,3.3337808,1.5623891,0.9448393,10,1
-0.44494453,1.4628491,0.101992935,0.9040338,0.31936333,0.9508069,0.2999686,3.0439615,3.3439302,1.5665718,0.94328296,10,1
1.5179282,-0.08424468,0.9891467,0.01527865,0.9945586,0.12360684,3.293253,0.022375818,3.3156288,1.5610025,0.9374968,10,1
0.9676928,1.1751854,0.39459702,0.5800468,0.6281696,0.761608,1.3310263,1.9611075,3.2921338,1.5511177,0.941365,12,1
-0.29926616,-1.5089897,0.07423375,0.8384098,0.2724587,0.9156472,0.16379398,3.1154594,3.2792535,1.5729871,0.89719856,12,1
0.49797618,-1.4218895,0.110826515,0.890073,0.33290616,0.9434368,0.3588068,2.9118428,3.2706494,1.5424109,0.9442554,12,1
-0.53790075,-1.3236694,0.1513328,0.8936329,0.38901517,0.94532156,0.44067,2.6457338,3.0864038,1.4721975,0.95866483,12,1
-0.054892533,1.2518299,0.038966805,0.857046,0.19740011,0.9257678,0.04198,2.4241238,2.4661038,1.3065071,0.871288,12,1
0.2712549,-1.2326835,0.057172928,0.9180461,0.2391086,0.9581472,0.13075215,2.4375548,2.568307,1.3090017,0.92456543,12,1
-0.6870775,-1.4025412,0.20274583,0.82589245,0.45027307,0.90878624,0.6748214,2.7930143,3.4678357,1.6094306,0.9367863,12,1
-0.87220347,1.3137393,0.2989523,0.69019485,0.5467653,0.8307797,1.0596912,2.4161057,3.4757967,1.6155736,0.93044,14,1
-1.3357975,-0.6356133,0.7776269,0.19432548,0.8818315,0.44082364,2.5619822,0.59832984,3.1603117,1.5153815,0.9294789,14,1
0.8130151,-0.9379742,0.42059535,0.57370204,0.6485332,0.7574312,1.081589,1.4534976,2.5350866,1.2903532,0.9327783,14,1
0.46316063,-1.3885493,0.09617395,0.7965126,0.31011924,0.89247555,0.3106917,2.7245817,3.0352733,1.481652,0.9165046,14,1
-0.74086857,0.99200803,0.3375266,0.5997919,0.5809704,0.77446234,0.88641286,1.5838717,2.4702847,1.2762079,0.9173755,14,1
-0.91660786,-0.9320849,0.42003602,0.46200004,0.64810187,0.67970586,1.260206,1.3307824,2.5909882,1.3411446,0.89012337,14,1
-1.105758,0.6833099,0.61746454,0.23590697,0.78578913,0.48570254,1.8401654,0.70281947,2.542985,1.324938,0.88742536,16,1
0.5709168,-1.5475881,0.11920162,0.85341215,0.34525588,0.9238031,0.44514757,3.248441,3.6935887,1.6696148,0.951827,16,1
1.5237504,0.2524267,0.8965077,0.037581462,0.9468409,0.19385938,3.2183228,0.10130071,3.3196235,1.5795165,0.9081581,16,1
-1.5230974,0.33990234,0.8697135,0.046397075,0.9325843,0.2153998,3.189539,0.16193068,3.35147,1.5871661,0.9123451,16,1
1.1021395,0.84934604,0.55273384,0.3239228,0.7434607,0.56914216,1.7674452,1.0453116,2.8127565,1.41852,0.894739,16,1
0.6817957,1.2097845,0.2258881,0.6972862,0.47527686,0.83503664,0.6907335,2.1608648,2.8515985,1.437759,0.88569033,16,1
0.02094363,1.3272557,0.000832752,1.0134315,0.028857442,1.0066934,0.0012713877,2.7750394,2.7763107,1.3663372,0.95364213,18,1
-1.4711347,0.009543213,0.93060446,0.0007029141,0.9646784,0.026512528,3.0948415,0.00079398695,3.0956354,1.4917644,0.932885,18,1
-0.29395157,1.4587704,0.06133812,0.9223385,0.24766533,0.96038455,0.14774565,3.0503497,3.1980953,1.5119145,0.95509684,18,1
-0.81650627,1.2353973,0.33489445,0.7689743,0.57870066,0.8769118,1.0015769,2.295181,3.296758,1.5135581,1.0029457,18,1
-0.8705342,-0.8057125,0.522098,0.4430387,0.7225635,0.6656115,1.279928,1.0922114,2.3721395,1.2392116,0.9146003,18,1
-0.8499642,-1.1862323,0.31645304,0.6199334,0.5625416,0.7873585,1.0388923,2.0270803,3.0659726,1.4910485,0.9180126,18,1
-0.22733411,-1.4889064,0.042097397,1.0002784,0.2051765,1.0001391,0.09377819,3.2171206,3.3108988,1.5369561,0.9739943,18,1
0.87151366,-1.1324556,0.4091022,0.66317624,0.639611,0.8143563,1.1686382,1.9456319,3.1142702,1.4875071,0.9495223,18,1
-1.1691829,-0.8676421,0.62640244,0.34447455,0.7914559,0.58691955,1.9933912,1.0972774,3.0906687,1.4841676,0.9422925,18,1
1.5348902,0.20138642,1.002456,0.01915661,1.0012273,0.13840741,3.3583436,0.059713103,3.418057,1.5654435,0.98358715,18,1
0.5722387,1.2931931,0.18224032,0.9200821,0.42689615,0.9592091,0.5096974,2.5924308,3.1021283,1.4601245,0.9849692,20,1
-1.3727456,0.7964289,0.7672444,0.26387924,0.8759249,0.5136918,2.6516747,0.89817834,3.5498533,1.6122266,0.9749763,20,1
0.023604903,1.471309,0.020873249,0.7708123,0.14447577,0.87795913,0.021430438,2.9355621,2.9569926,1.48516,0.8667714,20,1
1.1638513,0.7581708,0.7071161,0.29935062,0.840902,0.54712945,2.0616658,0.8741735,2.9358394,1.4331996,0.9390305,20,1
-1.3706045,0.37225142,1.0671858,0.07745874,1.0330468,0.2783141,2.9457428,0.21602988,3.1617727,1.4700407,1.0003763,20,1
-1.1027045,-0.83309406,0.53706205,0.33887708,0.7328452,0.5821315,1.7530193,1.0329227,2.785942,1.4127676,0.888836,20,1
-1.2227055,-0.45759892,0.7777304,0.12661576,0.88189024,0.3558311,2.272739,0.33601257,2.6087518,1.3516963,0.88412046,20,1
-1.3318049,0.14550193,0.92355555,0.022486743,0.96101797,0.14995581,2.69726,0.043657552,2.7409172,1.381119,0.91292256,20,1
-0.9482169,1.243425,0.3558033,0.6132752,0.5964925,0.78311884,1.2549187,2.159381,3.4142995,1.590356,0.9407803,20,1
-1.1794804,-0.6701566,0.51966476,0.19502467,0.72087777,0.44161597,1.9108388,0.6441345,2.5549736,1.3771157,0.811496,20,1
1.2476707,-0.81791675,0.6788888,0.29109627,0.8239471,0.5395334,2.2355711,0.9600841,3.1956553,1.5248394,0.93301666,20,1
1.404275,-0.65096545,0.6932994,0.17194405,0.832646,0.41466138,2.665288,0.59570014,3.2609878,1.5720972,0.88853705,20,1
-1.2614596,-0.3820505,0.8238831,0.08472143,0.9076801,0.29106945,2.4151635,0.23068401,2.6458476,1.3533245,0.90241903,20,1
0.78910625,1.1899346,0.28308073,0.576666,0.5320533,0.7593853,0.9057693,1.9926103,2.8983796,1.4457378,0.8990115,22,1
1.3901104,-0.946218,0.64544106,0.3041684,0.8033935,0.5515146,2.577848,1.199497,3.7773452,1.6997976,0.94235486,22,1
-1.1081324,1.0606654,0.50792086,0.46608266,0.71268564,0.6827025,1.735878,1.5910935,3.3269718,1.55342,0.9559594,22,1
1.2805426,0.48859334,0.88902366,0.13276118,0.9428805,0.3643641,2.5288131,0.37148464,2.9002976,1.4128499,0.9508696,22,1
-0.54920584,1.2445605,0.16924778,0.8241368,0.41139734,0.9078198,0.47087482,2.3730674,2.8439422,1.3931886,0.9502463,22,1
-1.2878072,0.709149,0.68462765,0.23705131,0.8274223,0.48687914,2.3430753,0.73994356,3.0830188,1.497334,0.91706586,22,1
0.9223788,-1.1430076,0.42626986,0.6447737,0.6528934,0.80297804,1.2770524,1.9512401,3.2282925,1.5011312,0.987369,24,1
0.9660516,-1.0285075,0.43359676,0.49279672,0.65848064,0.70199484,1.3668524,1.5506244,2.917477,1.4313103,0.93210924,24,1
-1.1083966,0.9363169,0.47240323,0.36985564,0.68731594,0.6081576,1.7009463,1.246545,2.9474914,1.4884529,0.8555694,24,1
0.7728926,-1.3455703,0.23476535,0.7233247,0.4845259,0.85048497,0.8321283,2.533884,3.366012,1.5795057,0.93336695,24,1
0.39516953,1.3960387,0.080096796,0.9973154,0.28301376,0.9986568,0.23625576,2.9462395,3.1824949,1.4885933,0.9831503,26,1
-1.4194479,-0.5962747,0.7828318,0.16119477,0.88477784,0.4014907,2.7976642,0.5167382,3.3144026,1.5677664,0.92547876,26,1
-1.5251663,0.37974027,0.8934986,0.055304255,0.9452506,0.23516856,3.219631,0.19950691,3.419138,1.6048653,0.9184472,26,1
0.89242184,1.0270941,0.4225282,0.5540886,0.6500217,0.7443713,1.2189448,1.6090109,2.8279557,1.399574,0.9322812,26,1
-0.8313515,-1.0861692,0.33610672,0.5834442,0.57974714,0.7638352,1.0272521,1.7632079,2.79046,1.4005985,0.91037554,26,1
-1.0054641,-0.8485322,0.6280796,0.45180205,0.79251474,0.67216223,1.6390376,1.171809,2.8108463,1.3792341,0.9531841,26,1
-0.8819273,-1.0466218,0.4166987,0.5861363,0.64552206,0.7655954,1.1944945,1.6815535,2.8760478,1.4132895,0.9373689,28,1
-1.2396964,0.40608013,0.8044834,0.104512714,0.89693,0.32328427,2.3413305,0.2694138,2.6107442,1.3415248,0.90058607,28,1
0.29349467,1.5785382,0.035541467,0.95445514,0.18852445,0.9769622,0.121680595,3.4462376,3.567918,1.6182985,0.9741809,28,1
-0.5015626,-1.2544985,0.17547451,0.8608892,0.41889676,0.9278411,0.4270395,2.4346557,2.8616953,1.4019873,0.9466397,28,1
-1.3244921,0.476796,0.8216952,0.11600722,0.90647405,0.34059832,2.5759745,0.34334165,2.9193163,1.441454,0.91734755,28,1
0.93167305,-1.1084547,0.43504778,0.61930126,0.65958154,0.78695697,1.3030624,1.8479731,3.1510355,1.5010045,0.9476399,28,1
1.4240079,0.5505172,0.8188239,0.124624625,0.90488887,0.35302213,2.8466222,0.42769384,3.2743163,1.5412362,0.94810724,28,1
-1.2730889,0.552324,0.712344,0.15473579,0.84400475,0.3933647,2.3330996,0.4597976,2.7928972,1.424968,0.87313414,28,1
-0.17560154,-1.6200728,0.027690742,0.885223,0.16640535,0.9408629,0.058526643,3.5098588,3.5683856,1.663043,0.8959204,30,1
1.0429202,0.62459385,0.6124145,0.21666837,0.78256917,0.46547648,1.7000972,0.6067859,2.3068829,1.2463273,0.8680733,30,1
0.6273537,-1.3729339,0.15796426,0.7623271,0.39744717,0.87311345,0.5515369,2.6472745,3.1988115,1.5456872,0.89981234,30,1
0.18451789,1.4011203,0.05480201,1.0031023,0.2340983,1.00155,0.08884887,2.9662404,3.0550895,1.4659028,0.951955,30,1
-0.0078121694,-0.013686016,0.4602949,0.4948514,0.67845035,0.70345676,0.46035594,0.4950388,0.95539474,0.86433303,0.45642418,-20,1
-0.012041521,9.444635e-05,0.47303805,0.5403546,0.68777764,0.73508817,0.47318307,0.5403546,1.0135376,0.8877311,0.47483802,-20,1
-0.002149431,0.047137387,0.5234357,0.48050493,0.72348857,0.6931846,0.5234403,0.4827269,1.0061672,0.8912629,0.46023643,-20,1
0.018034492,-0.011767419,0.4824,0.49369508,0.6945502,0.7026344,0.4827252,0.49383354,0.9765588,0.8805192,0.448603,-20,1
-0.035008345,-0.023116555,0.47623852,0.5113802,0.6901004,0.7151085,0.4774641,0.51191455,0.9893787,0.872713,0.47723228,-20,1
0.0368781,0.022414073,0.485565,0.5214862,0.69682497,0.72214,0.486925,0.5219886,1.0089135,0.8878877,0.46964762,-20,1
-0.043949023,-0.00017195009,0.5056562,0.52595484,0.71109504,0.7252274,0.5075877,0.52595484,1.0335426,0.9018359,0.4692915,-20,1
0.009508456,-0.0017502795,0.5055809,0.46631652,0.7110421,0.6828737,0.5056714,0.46631962,0.97199094,0.8725876,0.4588919,-20,1
0.030211825,0.0041403957,0.5050999,0.48958293,0.7107038,0.699702,0.5060127,0.4896001,0.99561274,0.8753327,0.47896287,-20,1
0.038577534,0.023913868,0.5133413,0.4956594,0.7164784,0.7040308,0.5148295,0.49623132,1.0110608,0.89553076,0.45725867,-18,1
-0.014458792,-0.019556243,0.47264126,0.49080813,0.6874891,0.700577,0.47285032,0.49119058,0.9640409,0.87235403,0.4505989,-18,1
-0.050793193,0.0034432183,0.49444044,0.48947114,0.7031646,0.69962215,0.49702033,0.48948297,0.98650336,0.879249,0.46197894,-18,1
-0.0030919341,-0.02153118,0.48769477,0.5119585,0.69835144,0.71551275,0.48770434,0.5124221,1.0001264,0.8882355,0.4595259,-18,1
0.016202847,-0.000803642,0.49879074,0.48703146,0.7062512,0.6978764,0.4990533,0.4870321,0.98608536,0.8852349,0.4499383,-18,1
-0.016259667,-0.010256042,0.4695535,0.5054678,0.68523973,0.7109626,0.46981785,0.50557303,0.9753909,0.8702737,0.46692023,-16,1
-0.0025260895,0.022358987,0.50873315,0.5227478,0.71325535,0.723013,0.50873953,0.5232477,1.0319873,0.9072643,0.45701072,-16,2
-0.02677371,-0.021102112,0.4895421,0.51212096,0.6996729,0.7156263,0.49025896,0.5125663,1.0028253,0.8836518,0.47115257,-16,2
0.0046561733,0.01127889,0.5244994,0.46628228,0.7242233,0.68284863,0.5245211,0.46640947,0.9909307,0.88692486,0.45198998,-16,2
0.006144819,0.028181521,0.5442196,0.48322904,0.73771244,0.6951468,0.5442574,0.48402324,1.0282806,0.89693666,0.47305942,-16,2
0.022307578,-0.048744954,0.5049765,0.49719992,0.710617,0.705124,0.50547415,0.499576,1.0050502,0.8812906,0.47788814,-16,2
0.017828258,0.00085014803,0.5227474,0.48506013,0.72301275,0.6964626,0.5230652,0.48506084,1.008126,0.8927082,0.45956305,-16,2
-0.0013159895,0.050014973,0.53560644,0.4963959,0.7318514,0.70455366,0.5356082,0.49889737,1.0345055,0.8975911,0.4783679,-14,2
-0.030949442,-8.872617e-05,0.48354656,0.49963456,0.69537514,0.7068483,0.4845044,0.49963462,0.984139,0.8823657,0.45339793,-14,2
-0.008664977,0.0030700918,0.5107118,0.4833169,0.71464103,0.69521,0.51078683,0.48332635,0.9941132,0.88502383,0.45917967,-14,2
0.01886804,-0.044259954,0.48501354,0.5189235,0.69642913,0.72036344,0.48536953,0.5208825,1.006252,0.8961239,0.45079252,-14,2
-0.01816156,0.014175965,0.49757603,0.4997899,0.7053907,0.7069582,0.49790585,0.49999082,0.99789673,0.882937,0.4672462,-14,2
0.041549616,0.03870155,0.4952811,0.4830047,0.7037621,0.6949854,0.49700746,0.4845025,0.9815099,0.87572753,0.46326154,-14,2
-0.023748849,-0.04822245,0.4688123,0.49434054,0.6846987,0.7030935,0.4693763,0.4966659,0.9660423,0.86932385,0.4586047,-12,2
-0.011978839,0.021232918,0.47699082,0.5149429,0.6906452,0.7175952,0.47713435,0.5153937,0.992528,0.88537383,0.45677257,-12,2
-0.058129042,-0.03257238,0.50591683,0.49470973,0.7112783,0.703356,0.5092958,0.4957707,1.0050665,0.8861345,0.46886253,-12,2
0.0661968,-0.07864374,0.5075578,0.4875417,0.7124309,0.6982419,0.5119398,0.49372658,1.0056665,0.88930726,0.46346408,-12,2
0.042907983,0.048933476,0.44957042,0.52235085,0.6705001,0.72273844,0.4514115,0.52474535,0.97615683,0.8749528,0.4589275,-12,2
0.04759575,0.028472275,0.54160225,0.49187195,0.7359363,0.70133585,0.5438676,0.49268264,1.0365502,0.89881206,0.47821245,-12,2
-0.056312878,0.005280259,0.5030352,0.4868188,0.70924973,0.697724,0.5062063,0.48684666,0.99305296,0.8805914,0.46648875,-12,2
0.048217677,-0.09010737,0.4979323,0.4843579,0.7056432,0.69595826,0.50025725,0.49247724,0.99273455,0.8872105,0.45342258,-12,2
-0.08089168,-0.056202356,0.49098802,0.49754235,0.70070535,0.70536685,0.49753147,0.50070107,0.9982326,0.87829614,0.47626513,-12,2
0.068262964,0.012868768,0.5190635,0.5234035,0.7204606,0.72346634,0.52372336,0.5235691,1.0472925,0.90197766,0.48345497,-12,2
0.083771676,0.020396577,0.47533852,0.4865068,0.689448,0.6975004,0.48235622,0.4869228,0.96927905,0.8660529,0.46822146,-12,2
0.044235982,0.017973397,0.49127853,0.48834115,0.70091265,0.6988141,0.49323532,0.4886642,0.98189956,0.8805853,0.45438874,-12,2
-0.021651313,0.07208165,0.48470968,0.49453735,0.6962109,0.7032335,0.4851784,0.4997331,0.98491156,0.8796978,0.45939457,-12,2
-0.007544708,-0.05260069,0.51005197,0.5286551,0.7141792,0.7270867,0.5101088,0.531422,1.0415308,0.90505606,0.47159764,-12,2
-0.032923162,0.13967898,0.51722157,0.49904066,0.7191812,0.7064281,0.5183055,0.5185508,1.0368563,0.90953827,0.45781705,-10,2
-0.081952296,0.030381983,0.50529003,0.48756164,0.71083754,0.69825613,0.51200616,0.48848468,1.0004909,0.88052064,0.47452536,-10,2
0.00096118636,0.08318163,0.51058674,0.50576735,0.71455353,0.71117324,0.5105877,0.5126866,1.0232742,0.8953651,0.47073933,-10,2
-0.0652391,-0.051137313,0.49335384,0.51189053,0.7023915,0.71546525,0.49760997,0.5145056,1.0121156,0.88854766,0.47180346,-10,2
-0.029427007,-0.09605585,0.501287,0.5008873,0.7080162,0.7077339,0.5021529,0.51011395,1.0122669,0.8879424,0.4731018,-10,2
0.07873635,0.039637476,0.4955824,0.49295536,0.70397615,0.7021078,0.5017818,0.4945265,0.99630827,0.88082445,0.46952805,-10,2
0.0062210765,-0.10395898,0.5054302,0.50417393,0.7109361,0.7100521,0.5054689,0.5149814,1.0204504,0.89800704,0.46263772,-10,2
0.09300107,0.083199084,0.5051113,0.52183217,0.71071184,0.7223795,0.51376045,0.52875423,1.0425148,0.90957785,0.46387815,-10,2
-0.06385583,-0.15146956,0.48440343,0.5255915,0.695991,0.7249769,0.488481,0.5485345,1.0370154,0.9043074,0.46823454,-8,2
0.046520703,-0.14542067,0.47829634,0.5170156,0.6915897,0.71903795,0.48046052,0.53816277,1.0186234,0.90140045,0.453983,-8,2
-0.10294861,-0.09246714,0.4656884,0.508897,0.68241364,0.7133702,0.47628683,0.51744723,0.993734,0.8775386,0.4729269,-8,2
-0.15257843,0.043499455,0.5584735,0.49703383,0.7473109,0.70500624,0.58175373,0.49892607,1.0806798,0.92339015,0.47752526,-8,2
-0.145962,-0.05907773,0.49794126,0.47531536,0.70564955,0.6894312,0.5192461,0.47880554,0.99805164,0.88739544,0.458891,-8,2
0.14624655,-0.074789986,0.5028995,0.5102496,0.70915407,0.71431756,0.5242876,0.51584315,1.0401307,0.9085629,0.46329713,-8,2
0.22105554,0.04928585,0.50120705,0.48750335,0.7079598,0.6982144,0.55007255,0.48993245,1.040005,0.9017261,0.47633493,-6,2
-0.25054374,-0.07800594,0.5557073,0.4877637,0.74545777,0.6984008,0.6184794,0.49384868,1.112328,0.9403018,0.47766164,-6,2
0.1541427,0.18508717,0.48782414,0.56162655,0.69844407,0.7494175,0.5115841,0.5958838,1.1074679,0.9338037,0.48526132,-6,2
-0.08003558,0.2111494,0.4925965,0.48599494,0.7018522,0.69713336,0.49900216,0.53057903,1.0295812,0.89840096,0.47165334,-6,2
0.19711798,-0.12011844,0.5117263,0.47993818,0.7153505,0.6927757,0.5505818,0.49436662,1.0449485,0.90952426,0.46659836,-6,2
-0.042492956,0.22122686,0.48563862,0.5252825,0.6968778,0.72476375,0.48744425,0.5742238,1.0616682,0.90940195,0.48441324,-6,2
0.009087804,0.24338776,0.4553204,0.5276067,0.67477435,0.72636545,0.455403,0.5868443,1.0422473,0.9088832,0.46495023,-6,2
0.03971314,0.23484862,0.50320005,0.5227889,0.70936596,0.7230414,0.50477725,0.5779427,1.08272,0.9262831,0.47404587,-6,2
0.24189946,0.06127919,0.48585802,0.48134562,0.6970352,0.6937908,0.5443734,0.48510075,1.0294741,0.90078634,0.46696693,-6,2
-0.18518096,0.40813434,0.46467477,0.5105287,0.68167055,0.7145129,0.49896675,0.6771023,1.176069,0.9692029,0.4865335,-4,2
0.00792254,-0.43548375,0.45527133,0.52787787,0.674738,0.72655207,0.45533407,0.71752393,1.172858,0.9660721,0.48945147,-4,2
0.11932808,-0.3558423,0.51147085,0.51273274,0.71517193,0.7160536,0.52571,0.6393565,1.1650665,0.96351224,0.48652923,-4,2
0.3535189,-0.17500539,0.50693876,0.5144144,0.7119963,0.7172269,0.6319144,0.5450413,1.1769557,0.96374416,0.49814957,-4,2
-0.13826554,-0.3558783,0.49322003,0.510107,0.70229626,0.7142177,0.5123373,0.63675636,1.1490937,0.9531952,0.49042088,-4,2
0.22930767,0.32515794,0.44761097,0.52297634,0.66903734,0.72317106,0.500193,0.62870395,1.128897,0.9397881,0.4956767,-4,2
-0.095122226,-0.37187275,0.47285306,0.5330328,0.6876431,0.7300909,0.4819013,0.6713221,1.1532234,0.9529959,0.49499726,-4,2
-0.36915052,-0.17830238,0.5012841,0.49929118,0.7080142,0.7066054,0.63755625,0.53108287,1.1686392,0.9590961,0.49877238,-4,2
-0.12661293,0.31172636,0.47576493,0.48148412,0.68975717,0.6938906,0.49179575,0.57865745,1.0704532,0.92139614,0.47061905,-4,2
0.31874186,-0.29051024,0.50914603,0.49808395,0.7135447,0.70575064,0.6107424,0.5824802,1.1932225,0.96812916,0.50591344,-4,2
-0.09858532,0.6042545,0.45716202,0.58327526,0.67613757,0.7637246,0.4668811,0.9483987,1.4152799,1.0586133,0.54278684,-2,2
-0.558712,-0.17192884,0.5679059,0.43681926,0.7535953,0.660923,0.880065,0.4663788,1.3464438,1.0294797,0.53536475,-2,2
-0.38516116,-0.46902877,0.4856636,0.47569537,0.69689566,0.68970674,0.6340127,0.69568336,1.329696,1.0181847,0.54129124,-2,2
-0.33136767,-0.47838366,0.49747807,0.5392216,0.70532125,0.73431706,0.60728264,0.7680725,1.375355,1.0449588,0.53236836,-2,2
-0.49354988,-0.29646286,0.52555114,0.49215448,0.72494906,0.70153725,0.7691426,0.58004475,1.3491874,1.0216038,0.55273235,-2,2
-0.4476598,0.3308073,0.49170464,0.50537497,0.7012165,0.7108973,0.69210386,0.61480844,1.3069123,1.0179027,0.52037144,-2,2
0.2807295,-0.4443659,0.4890812,0.5151003,0.6993434,0.7177049,0.5678903,0.71256137,1.2804515,1.0003375,0.5289391,-2,2
0.2620374,0.740098,0.36300835,0.6179219,0.60250175,0.78608006,0.43167195,1.165667,1.5973389,1.1150922,0.59490216,0,2
-0.63642323,-0.59457684,0.49936312,0.5060296,0.7066563,0.7113576,0.90439767,0.8595512,1.7639488,1.184849,0.6000681,0,2
-0.32571256,0.8088387,0.42135537,0.597996,0.6491189,0.773302,0.527444,1.2522161,1.7796601,1.19648,0.5899962,0,2
0.7519256,0.4655913,0.5834719,0.4272446,0.7638533,0.6536395,1.1488638,0.64401984,1.7928838,1.1849111,0.62359387,0,2
0.811239,0.18461046,0.5898187,0.39649144,0.76799655,0.6296757,1.2479274,0.4305725,1.6784998,1.1481152,0.600276,0,2
-0.6447148,0.8413214,0.4337077,0.5756012,0.65856487,0.75868386,0.8493649,1.283423,2.1327877,1.2760816,0.7102138,2,2
-0.6779147,-0.96094096,0.4209065,0.5500721,0.6487731,0.74166846,0.8804748,1.4734797,2.3539546,1.3643732,0.70174086,2,2
-0.5866141,0.9097009,0.4263264,0.55209696,0.65293676,0.7430323,0.7704425,1.3796525,2.150095,1.296931,0.6841524,2,2
-0.21498533,1.1017404,0.2860165,0.7586919,0.5348051,0.8710292,0.3322352,1.9725236,2.3047588,1.3293504,0.7332028,2,2
-0.82975924,-0.8237627,0.49831602,0.4827238,0.70591503,0.6947833,1.1868165,1.1613088,2.3481255,1.3599031,0.70625,2,2
0.37750828,1.0064435,0.34602952,0.4839521,0.5882427,0.6956667,0.48854202,1.4968808,1.9854228,1.2561808,0.63830465,2,2
0.00645707,-1.379764,0.16850042,0.82529974,0.41048804,0.9084601,0.16854212,2.7290483,2.8975906,1.4930607,0.8175329,4,2
0.09859916,-1.3176925,0.15905318,0.7681353,0.3988147,0.8764333,0.16877498,2.504449,2.673224,1.4385707,0.777006,4,2
1.0460308,-0.87634283,0.49411786,0.4017508,0.70293516,0.6338382,1.5882981,1.1697276,2.7580256,1.4668934,0.77862024,4,2
1.115636,0.7225839,0.62003976,0.36219555,0.78742605,0.60182685,1.8646836,0.8843231,2.7490067,1.4561522,0.79286027,4,2
0.8065523,-1.1116431,0.38836455,0.6187061,0.62318903,0.7865787,1.0388911,1.8544565,2.8933473,1.485115,0.82932556,4,2
-0.94818586,-1.1580069,0.4740908,0.62230724,0.68854254,0.78886455,1.3731472,1.9632872,3.3364344,1.6240568,0.83598685,4,2
1.1844432,-0.48978972,0.7614255,0.25877273,0.872597,0.5086971,2.1643312,0.49866673,2.662998,1.4240334,0.7969483,4,2
-0.75879705,1.2249577,0.3392711,0.620244,0.5824698,0.78755575,0.91504407,2.1207654,3.0358095,1.5524012,0.79111326,4,2
1.1385808,0.7411055,0.6314726,0.35354543,0.7946525,0.59459686,1.9278387,0.9027828,2.8306212,1.4747634,0.80974966,4,2
-0.010738149,1.3015617,0.07731101,0.7948613,0.27804857,0.89154994,0.07742632,2.4889243,2.5663505,1.371767,0.827409,6,2
0.52331275,1.3547399,0.1830196,0.7277261,0.4278079,0.85306865,0.45687583,2.563046,3.019922,1.5162923,0.8489874,6,2
1.5317154,-0.029027153,0.90492517,0.07976641,0.9512755,0.2824295,3.2510772,0.08060899,3.331686,1.5968488,0.88417196,6,2
0.6247313,-1.3295083,0.22618991,0.70833087,0.47559428,0.84162396,0.6164792,2.475923,3.0924025,1.5417302,0.84585494,6,2
-1.329433,-0.60661614,0.6781822,0.21302901,0.82351816,0.46155065,2.4455743,0.5810122,3.0265863,1.5261824,0.835077,6,2
0.059741437,-1.5979693,0.08843536,0.99551284,0.29738083,0.9977539,0.0920044,3.5490184,3.6410227,1.6685462,0.9257301,6,2
1.3722639,-1.1251762,0.5809584,0.40879503,0.7622063,0.6393708,2.4640663,1.6748165,4.1388826,1.8061914,0.9362454,8,2
-0.82590103,-1.1839302,0.28530145,0.5472622,0.5341362,0.7397717,0.967414,1.9489527,2.9163668,1.4861784,0.8412135,8,2
1.656388,0.64146197,0.7616819,0.15097907,0.8727439,0.38856027,3.5053031,0.5624526,4.0677557,1.8043942,0.90106416,8,2
0.18716542,1.6919308,0.048541084,0.95814264,0.22032042,0.9788476,0.08357198,3.8207726,3.9043446,1.7342863,0.94688743,8,2
0.11172854,-1.5536498,0.040058196,0.9380821,0.20014544,0.9685464,0.052541465,3.3519096,3.4044514,1.5931485,0.93076813,8,2
1.7022102,0.3849864,0.9843265,0.09589869,0.9921323,0.30967513,3.8818464,0.2441132,4.12596,1.7803724,0.9778722,8,2
1.1695054,1.022842,0.56170994,0.4487345,0.7494731,0.66987646,1.9294528,1.4949404,3.4243932,1.6041367,0.92257184,8,2
1.3233533,-0.6622331,0.6859711,0.20392969,0.8282337,0.45158574,2.437235,0.6424824,3.0797174,1.5223736,0.87298137,8,2
1.4105508,0.6965317,0.76282877,0.21670996,0.8734007,0.46552116,2.7524824,0.70186627,3.454349,1.6189228,0.9129281,8,2
1.3932369,-0.56114435,0.8693861,0.16616412,0.93240875,0.40763232,2.8104954,0.4810471,3.2915425,1.5528754,0.9381473,8,2
-0.5939865,-1.558068,0.120012544,0.7098194,0.34642828,0.8425078,0.47283247,3.1373956,3.610228,1.6860952,0.875963,10,2
-1.4691504,0.5072472,0.9110062,0.12058087,0.95446646,0.34724757,3.0694094,0.37788057,3.4472897,1.5933721,0.9531291,10,2
-1.4488177,0.686232,0.7414422,0.18309449,0.8610704,0.42789543,2.840515,0.6540088,3.4945235,1.6261649,0.92201483,10,2
-0.9899122,1.1273592,0.3779106,0.4972057,0.61474437,0.70512813,1.3578367,1.7681444,3.125981,1.5282681,0.8890319,10,2
-0.5595355,1.5523539,0.16183959,0.7486882,0.4022929,0.8652677,0.47491956,3.158491,3.6334105,1.6722603,0.91485304,10,2
-0.6081152,1.4379508,0.1430655,0.74584806,0.37824,0.86362493,0.5128696,2.8135505,3.3264203,1.5808966,0.9094976,10,2
1.4446114,-0.5711258,0.89615655,0.15467516,0.94665545,0.39328763,2.9830587,0.4808598,3.4639187,1.5838853,0.9773565,10,2
0.43157667,-1.5277905,0.083865546,0.85881233,0.28959548,0.9267213,0.27012393,3.192956,3.46308,1.6095123,0.9341039,10,2
1.4651866,0.12285164,0.9616157,0.022644784,0.98062,0.15048184,3.1083875,0.03773731,3.1461248,1.504205,0.93994266,10,2
-1.0069327,1.189481,0.4437313,0.59859145,0.6661316,0.77368695,1.4576447,2.0134563,3.4711008,1.5919911,0.96781486,10,2
0.43543977,-1.7422824,0.07697155,0.8348102,0.27743748,0.9136795,0.2665793,3.8703585,4.136937,1.8079932,0.9317182,12,2
1.4256825,0.09058823,0.8742441,0.03707663,0.9350102,0.19255292,2.906815,0.045282856,2.9520977,1.4639821,0.8993631,12,2
-1.2561927,0.8700502,0.6307086,0.3103398,0.79417163,0.5570815,2.2087288,1.0673273,3.276056,1.5418853,0.9479692,12,2
0.25750616,-1.6937419,0.030135706,0.92409825,0.17359638,0.9613003,0.09644513,3.79286,3.889305,1.7225344,0.9603023,12,2
-1.5307703,0.67710745,0.84594357,0.17203861,0.9197519,0.41477537,3.189201,0.6305131,3.8197145,1.7033228,0.9583351,12,2
-0.0841659,1.627913,0.028682733,0.9819566,0.16935977,0.99093723,0.03576663,3.6320572,3.6678238,1.6495239,0.9730854,12,2
-1.3266877,-0.85621417,0.6832307,0.2923486,0.8265777,0.5406927,2.4433308,1.0254514,3.468782,1.5990455,0.95490086,12,2
0.7788386,1.3979089,0.25507557,0.6999037,0.50505006,0.8366025,0.8616651,2.654053,3.515718,1.6177559,0.9479368,12,2
-0.30402696,-1.4107363,0.053843834,0.9751275,0.23204274,0.98748547,0.1462762,2.9653049,3.1115808,1.4725454,0.97118026,14,2
1.2338856,1.0396594,0.61023587,0.4404312,0.781176,0.6636499,2.1327097,1.5213228,3.6540327,1.6454413,0.97291106,14,2
0.36340612,1.5677522,0.06920189,0.8886429,0.2630625,0.9426786,0.20126589,3.3464897,3.5477557,1.6386907,0.9286809,14,2
0.37453848,1.4350021,0.05693583,0.8086069,0.2386123,0.8992257,0.19721487,2.867838,3.0650525,1.5093228,0.8871288,14,2
-0.6992306,-1.5414941,0.14473541,0.6940892,0.38044107,0.83312017,0.6336588,3.0702934,3.7039523,1.7045143,0.8936349,14,2
-0.44372353,-1.3896956,0.09402723,0.91713524,0.3066386,0.95767176,0.29091778,2.8483894,3.1393073,1.4982151,0.94586414,14,2
1.3990307,0.84478664,0.7726213,0.28613454,0.8789888,0.53491545,2.7299082,0.99979895,3.7297072,1.6533687,0.99803764,14,2
-1.0132523,1.3542827,0.3382063,0.6047118,0.58155507,0.7776322,1.3648863,2.4387932,3.8036795,1.7019714,0.95235133,14,2
-1.4151778,-0.22413982,0.940301,0.029219126,0.9696912,0.17093603,2.9430294,0.0794578,3.0224874,1.4676368,0.93194926,14,2
1.307457,1.1444578,0.468664,0.36489883,0.6845904,0.6040686,2.1781077,1.6746829,3.8527904,1.7528285,0.8833929,14,2
1.2850654,-0.84012973,0.6103505,0.25656077,0.7812493,0.5065183,2.2617438,0.9623787,3.2241225,1.5609002,0.8875318,16,2
-0.44633418,-1.5931599,0.089175686,0.9934914,0.298623,0.9967404,0.28838986,3.5316496,3.8200395,1.672265,1.0117159,16,2
-0.3620554,-1.464314,0.08847142,0.7243538,0.29744145,0.8510898,0.21955553,2.8685691,3.0881248,1.5398204,0.8468044,16,2
1.226791,0.99230194,0.62967956,0.41239414,0.7935235,0.6421792,2.1346958,1.3970573,3.531753,1.6111376,0.967465,16,2
1.7268714,-0.111417934,1.1156036,0.0066140043,1.0562214,0.08132653,4.0976887,0.019027958,4.1167164,1.748822,1.0287555,16,2
0.057020687,1.5709877,0.013471553,0.99799585,0.11606702,0.99899745,0.01672291,3.4659982,3.482721,1.5967607,0.96595883,16,2
0.080783874,-1.5849886,0.00561066,0.9306483,0.07490434,0.9647012,0.012136693,3.4428377,3.4549742,1.607553,0.9331385,16,2
-0.19703853,1.6062875,0.015402757,0.97478396,0.124107845,0.9873115,0.054226946,3.554943,3.60917,1.6380711,0.96223354,16,2
-0.30619565,1.5498211,0.051849626,0.83687556,0.22770514,0.91480905,0.1456054,3.2388215,3.384427,1.5933423,0.91961265,18,2
-1.6082742,-0.59843683,0.90733516,0.13028911,0.9525414,0.36095583,3.4938807,0.48841578,3.9822965,1.7389867,0.9788879,18,2
-0.65467215,1.6338419,0.12998363,0.78205097,0.36053243,0.8843365,0.5585792,3.4514904,4.01007,1.780944,0.9155916,18,2
1.0355568,1.4905993,0.2877751,0.577193,0.53644675,0.7597322,1.3601531,2.799079,4.159232,1.8283349,0.9035615,18,2
1.3317142,1.0042945,0.6493583,0.3685524,0.8058277,0.60708517,2.422821,1.3771598,3.7999809,1.6838027,0.98223674,18,2
1.4847262,0.6280827,0.77927506,0.1412391,0.8827656,0.37581792,2.983687,0.53572696,3.519414,1.6228672,0.94112486,18,2
0.11956242,-1.7361554,0.0088357255,1.1136746,0.09399854,1.0553079,0.023130896,4.1279097,4.151041,1.7592608,1.0276392,18,2
-1.4765503,-0.73767626,0.76570976,0.19157335,0.87504846,0.43769094,2.9459105,0.73573965,3.6816502,1.6704383,0.9440797,18,2
0.16930293,1.6217325,0.021739509,1.0120952,0.14744323,1.0060295,0.050402995,3.6421115,3.6925147,1.6579943,0.97137487,20,2
-0.9152949,1.2694256,0.32668027,0.64092517,0.5715595,0.800578,1.164445,2.2523665,3.4168115,1.584176,0.9524696,20,2
0.6961454,-1.2630175,0.23966323,0.7911758,0.4895541,0.88948065,0.72428167,2.386389,3.1106706,1.4567492,0.99425966,20,2
-1.3847718,0.8163423,0.7443543,0.26487103,0.8627597,0.51465625,2.6619473,0.93128574,3.593233,1.6214464,0.9819086,20,2
-0.64882976,-1.540079,0.16650417,0.8056727,0.40804923,0.8975927,0.58748424,3.1775162,3.7650003,1.6900411,0.9532898,20,2
0.69790715,-1.227893,0.23578689,0.7059419,0.48557892,0.8402035,0.7228613,2.213663,2.9365246,1.450426,0.9125727,20,2
-1.3222604,-0.52772176,0.5623698,0.18313259,0.7499132,0.42793992,2.3107426,0.46162283,2.7723653,1.467278,0.78705835,20,2
-1.3911519,0.81261265,0.709967,0.24977411,0.8425954,0.49977407,2.6452706,0.9101134,3.5553837,1.6311316,0.94593525,20,2
-1.7240112,0.35785365,0.91912127,0.04638223,0.9587081,0.21536534,3.8913355,0.17444146,4.065777,1.7651358,0.97471666,20,2
-0.22114736,-1.667929,0.049472436,0.83727324,0.222424,0.91502637,0.09837859,3.6192603,3.717639,1.6923642,0.9238735,20,2
1.4099439,0.8989331,0.6877337,0.27187723,0.8292971,0.52141845,2.6756754,1.079958,3.7556336,1.6953373,0.93886393,22,2
1.3978295,-0.7275374,0.8375857,0.22834586,0.9151971,0.47785547,2.7915134,0.7576565,3.5491695,1.5854053,1.0176736,22,2
0.38152808,1.5852044,0.058517598,0.9754992,0.24190411,0.98767364,0.20408127,3.4883718,3.692453,1.6519904,0.9815196,22,2
1.5547824,-0.18528421,0.9892063,0.0249301,0.9945885,0.15789269,3.4065547,0.059260342,3.465815,1.6045325,0.944082,22,2
0.05983141,-1.642057,0.0062669218,1.0079112,0.079163894,1.0039479,0.009846718,3.704262,3.714109,1.6657124,0.96928376,22,2
-1.4273112,-0.3019868,0.77442145,0.08291738,0.8800122,0.28795376,2.8116388,0.17411341,2.985752,1.488051,0.8783259,22,2
0.9604856,-1.4460995,0.32473868,0.73662484,0.5698585,0.8582685,1.2472713,2.8278286,4.0751,1.7467468,1.0119168,22,2
0.41904074,-1.6398432,0.07608047,0.89871705,0.2758269,0.94800687,0.2516756,3.587803,3.839478,1.704473,0.96656615,22,2
1.4564309,-0.55265427,1.0102522,0.14826214,1.005113,0.38504824,3.131443,0.4536888,3.585132,1.5846729,1.0363126,22,2
0.46594217,-1.6380737,0.10157457,0.91851175,0.31870764,0.9583902,0.31867668,3.6017969,3.9204736,1.7337449,0.9563484,22,2
-1.5900695,0.10060762,0.9297523,0.005270538,0.9642366,0.07259847,3.4580736,0.01539243,3.4734657,1.6085961,0.9412145,24,2
1.5847659,-0.23435697,0.96755433,0.020774396,0.9836434,0.14413325,3.4790373,0.075697586,3.554735,1.6236033,0.95846075,24,2
0.9150244,1.3938577,0.29422668,0.70841527,0.54242665,0.8416741,1.1314962,2.6512547,3.7827508,1.6873045,0.9673438,24,2
-1.4202588,-0.9219676,0.71368134,0.29559726,0.8447966,0.54368854,2.7308161,1.1456215,3.8764377,1.7078294,0.97967166,24,2
0.25270316,-1.6827406,0.08014402,0.7265911,0.28309718,0.85240316,0.1440029,3.558207,3.70221,1.7172525,0.8679018,24,2
1.3270247,-0.9899088,0.6234107,0.36645904,0.7895636,0.6053586,2.3844056,1.3463786,3.7307842,1.6747998,0.9622005,26,2
1.6728203,-0.14546357,0.9790956,0.0074562337,0.9894926,0.08634949,3.7774234,0.028615886,3.8060393,1.6825399,0.9874709,26,2
1.4072521,-0.855525,0.6631484,0.2450961,0.8143392,0.49507183,2.643507,0.9770192,3.6205263,1.6528027,0.9427456,26,2
-0.22855534,-1.5877302,0.04439132,0.85565174,0.21069248,0.92501444,0.096628845,3.3765392,3.473168,1.6184938,0.9239297,26,2
1.2372593,-1.0248287,0.6246854,0.42967296,0.7903704,0.65549445,2.155496,1.4799469,3.6354427,1.6285827,0.9915448,26,2
1.4539154,-1.0056883,0.67288554,0.3223815,0.820296,0.5677865,2.7867556,1.3337903,4.120546,1.7838955,0.9686396,26,2
-0.9968955,1.2669598,0.36094946,0.53544974,0.6007907,0.7317443,1.35475,2.140637,3.495387,1.6238999,0.9264642,26,2
1.4012544,-1.087632,0.60774803,0.36258876,0.77958196,0.6021534,2.571262,1.5455317,4.1167936,1.7847743,0.96507746,26,2
0.7296583,1.4317718,0.21949027,0.7707995,0.4684979,0.87795186,0.75189155,2.8207698,3.5726614,1.6280158,0.960326,26,2
-1.4649789,0.41651696,0.913679,0.08670175,0.95586556,0.29445162,3.059842,0.26018813,3.3200305,1.5454638,0.9651796,26,2
1.4398752,-0.2564683,0.8765085,0.029120877,0.9362203,0.1706484,2.9497495,0.09489686,3.044646,1.4811888,0.9223479,26,2
0.8538968,1.2174287,0.32351124,0.630038,0.5687805,0.79374933,1.052651,2.1121707,3.1648219,1.5092254,0.9418389,26,2
-1.0439253,-1.1503133,0.46323884,0.56235933,0.6806165,0.74990624,1.5530188,1.8855796,3.4385986,1.5771902,0.9752279,26,2
-1.4426596,0.54869944,0.7852997,0.115935616,0.8861714,0.3404932,2.8665667,0.41700667,3.2835732,1.5545756,0.9310576,26,2
-0.83590657,1.3301053,0.30501792,0.64379495,0.5522843,0.80236834,1.0037577,2.412975,3.4167328,1.5949905,0.93420446,28,2
0.25521365,1.5584904,0.036481768,0.9664962,0.19100201,0.9831054,0.101615764,3.3953884,3.4970045,1.5952919,0.97572964,28,2
-0.57788867,-1.6210704,0.1172119,0.89045167,0.34236223,0.9436375,0.45116726,3.518321,3.9694881,1.7406255,0.9693868,28,2
0.36625326,1.4990581,0.09036513,0.8201082,0.30060792,0.9055982,0.22450657,3.0672836,3.29179,1.5675877,0.91348726,28,2
2.032679,0.19584394,1.0217569,0.009896853,1.0108199,0.09948293,5.153541,0.0482517,5.2017927,2.0452223,1.0093856,28,3
-1.4753354,0.5650883,0.8186275,0.13395879,0.9047803,0.3660038,2.995242,0.45328352,3.4485254,1.5970527,0.94760144,28,3
-1.5647656,-0.5348429,0.8107774,0.120123714,0.9004318,0.34658867,3.2592688,0.40618068,3.6654494,1.6789646,0.9200692,28,3
1.135853,0.95184505,0.4974885,0.31839833,0.70532864,0.56426793,1.7876508,1.2244074,3.0120583,1.5054309,0.8635601,28,3
1.624995,0.45555717,0.77602166,0.09264138,0.8809209,0.30437046,3.4166303,0.3001737,3.716804,1.7059594,0.89805716,30,3
1.6098561,-0.2771482,0.9886119,0.029788021,0.99428964,0.17259206,3.5802488,0.10659914,3.6868482,1.6390228,1.000226,30,3
0.021106288,0.000890556,0.50587076,0.50080264,0.7112459,0.7076741,0.50631624,0.5008034,1.0071197,0.8839905,0.47505832,-20,3
-0.005398605,0.00869362,0.5463704,0.49230704,0.7391687,0.701646,0.5463996,0.4923826,1.0387821,0.90015346,0.47802293,-20,3
-0.015203139,0.01958193,0.48590046,0.46417508,0.6970656,0.681304,0.4861316,0.46455854,0.95069015,0.866396,0.44726732,-20,3
-0.011174755,-0.0024515036,0.5321375,0.47989964,0.7294776,0.6927479,0.53226244,0.47990564,1.012168,0.8911989,0.46683267,-20,3
0.003981678,-0.00019104872,0.500492,0.49512592,0.70745456,0.70365185,0.50050783,0.49512598,0.9956337,0.88422906,0.46235555,-20,3
0.019080998,-0.0045058075,0.48330036,0.49107853,0.69519806,0.70076996,0.48366448,0.49109882,0.9747633,0.87924784,0.44909522,-20,3
0.011229351,0.014377231,0.46363786,0.5162667,0.6809096,0.718517,0.46376395,0.5164734,0.98023736,0.8710464,0.47065434,-20,3
0.025961563,0.031175995,0.51514256,0.484171,0.71773434,0.69582397,0.51581657,0.48514292,1.0009594,0.8878298,0.4612135,-20,3
-0.035750337,0.05040998,0.5306267,0.48677415,0.7284413,0.69769204,0.5319048,0.48931533,1.0212202,0.90510905,0.44944158,-20,3
0.01244066,0.0072946846,0.46293738,0.53937954,0.680395,0.73442465,0.46309215,0.53943276,1.0025249,0.8908939,0.4569824,-20,3
-0.06606804,0.028520882,0.502697,0.5151417,0.70901126,0.71773374,0.507062,0.5159552,1.0230172,0.88966537,0.48115757,-18,3
-0.0029307697,-0.017850358,0.48420355,0.50414896,0.69584733,0.7100345,0.48421213,0.5044676,0.98867977,0.8774151,0.46778464,-18,3
0.005575238,0.031127542,0.48858103,0.5023629,0.6989857,0.70877564,0.48861215,0.5033318,0.9919439,0.887546,0.45189157,-18,3
-0.0015087179,0.026184164,0.48529124,0.5191794,0.6966285,0.72054106,0.4852935,0.51986504,1.0051585,0.88976717,0.46203128,-18,3
0.021877851,0.010002896,0.46690398,0.5220328,0.6833037,0.7225184,0.46738267,0.5221329,0.9895155,0.88955605,0.44520286,-18,3
-0.0063523734,0.008930066,0.5139322,0.52607477,0.7168907,0.72531015,0.5139726,0.5261545,1.040127,0.89982134,0.48005068,-18,3
0.0221709,-0.015183849,0.5028279,0.45491606,0.7091036,0.67447466,0.50331944,0.4551466,0.95846605,0.86763227,0.45351985,-18,3
0.0152878165,0.011948183,0.51188874,0.5031675,0.715464,0.709343,0.5121224,0.5033102,1.0154327,0.8934387,0.46604717,-18,3
-0.03995576,-0.0038124397,0.5067481,0.5006075,0.7118624,0.7075362,0.50834453,0.50062203,1.0089666,0.89332813,0.45927274,-18,3
-0.012680854,0.016672475,0.4967572,0.48375988,0.70481,0.6955285,0.496918,0.48403782,0.98095584,0.88268054,0.4492559,-18,3
0.012136978,-0.0024793881,0.4939365,0.48793715,0.7028062,0.698525,0.4940838,0.4879433,0.98202705,0.88411605,0.4476225,-16,3
0.029162712,-0.031735796,0.48671055,0.51216125,0.69764644,0.71565443,0.48756102,0.5131684,1.0007294,0.88403094,0.4682081,-16,3
0.0037174635,-0.0106240185,0.50894976,0.518795,0.71340716,0.72027427,0.50896347,0.5189079,1.0278715,0.8923696,0.48119426,-16,3
-0.023115888,-0.0043491228,0.47533768,0.50291896,0.6894474,0.7091678,0.47587198,0.5029378,0.97880983,0.8705758,0.4700081,-16,3
-0.016755307,-0.013767,0.52393484,0.49028176,0.72383344,0.7002012,0.5242156,0.4904713,1.0146868,0.89599276,0.46030837,-16,3
0.0019569695,-0.018648386,0.5207566,0.4792145,0.7216347,0.6922532,0.5207604,0.47956228,1.0003227,0.8881607,0.45988393,-16,3
-0.019800765,-0.0006824825,0.4830876,0.5022324,0.69504505,0.70868355,0.48347965,0.50223285,0.98571247,0.88374114,0.45245343,-16,3
-0.000623784,-0.016075423,0.50518477,0.49975973,0.7107635,0.7069369,0.5051851,0.5000181,1.0052032,0.89122427,0.4592631,-16,3
0.013525356,0.039113194,0.47315115,0.4963569,0.68785983,0.704526,0.47333407,0.49788678,0.97122085,0.87667036,0.45018867,-16,3
0.015081397,-0.010941895,0.52151763,0.49509692,0.72216177,0.7036312,0.5217451,0.49521667,1.0169618,0.8978069,0.45924348,-16,3
-0.008063286,0.02292859,0.5069047,0.5513093,0.7119724,0.74250203,0.50696975,0.551835,1.0588046,0.91157347,0.47732443,-14,3
-0.019929044,0.0017381823,0.47879374,0.50790584,0.69194925,0.71267515,0.4791909,0.50790894,0.98709977,0.88238645,0.45661137,-14,3
-0.0141475685,0.009454233,0.51330227,0.46665317,0.71645117,0.6831202,0.5135025,0.46674252,0.980245,0.87485534,0.46354404,-14,3
0.021117222,0.020410392,0.5084897,0.48674682,0.71308464,0.6976724,0.5089357,0.48716342,0.9960991,0.88764536,0.45627266,-14,3
-0.007711647,0.008310429,0.49649417,0.5190144,0.7046234,0.72042656,0.49655363,0.5190835,1.015637,0.89417243,0.46485782,-14,3
-0.00796334,-0.0019712094,0.50057364,0.44949913,0.70751226,0.670447,0.50063705,0.44950306,0.95014006,0.86176157,0.45552948,-14,3
-0.013165517,-0.005643405,0.4868303,0.5135541,0.69773227,0.7166269,0.48700362,0.5135859,1.0005896,0.88889617,0.45875177,-14,3
-0.038574416,-0.004658012,0.47418115,0.49789894,0.6886081,0.7056195,0.47566912,0.49792063,0.9735898,0.8778951,0.45043302,-14,3
-0.00062583573,-0.0067708762,0.51255953,0.47832632,0.7159326,0.6916114,0.51255995,0.47837216,0.9909321,0.8803803,0.46461022,-14,3
0.02976444,0.036330804,0.4806723,0.513575,0.6933054,0.7166415,0.48155823,0.51489496,0.9964532,0.88523674,0.46131232,-14,3
-0.011972262,-0.010720085,0.47992823,0.50692725,0.6927685,0.7119882,0.48007154,0.50704217,0.9871137,0.87798,0.46504292,-14,3
0.012939884,0.01570572,0.4942549,0.46256244,0.7030326,0.68011945,0.4944223,0.46280912,0.95723146,0.86800313,0.45144445,-14,3
-0.012302262,-0.0007028561,0.4866573,0.48390627,0.6976083,0.6956337,0.48680866,0.48390675,0.9707154,0.86727834,0.4674866,-14,3
0.0011560265,-0.026924845,0.5165168,0.50251514,0.71869105,0.70888305,0.5165181,0.50324005,1.0197582,0.8859134,0.484681,-14,3
0.016775616,0.0044633746,0.50811166,0.4694708,0.7128195,0.6851794,0.50839305,0.4694907,0.97788376,0.87407875,0.4624609,-14,3
0.014453225,-0.014014525,0.50903785,0.47909877,0.7134689,0.6921696,0.5092467,0.47929516,0.98854196,0.8774041,0.4676579,-12,3
-0.040452167,-0.005800542,0.48731065,0.49128976,0.69807637,0.70092064,0.48894703,0.4913234,0.9802704,0.88404775,0.4457916,-12,3
0.0014797673,0.03522258,0.4923088,0.5026244,0.7016472,0.70896006,0.492311,0.503865,0.996176,0.87728894,0.47596225,-12,3
0.00020035915,-0.00955215,0.4629702,0.47759676,0.68041915,0.6910837,0.46297026,0.477688,0.9406582,0.8595394,0.44927743,-12,3
-0.0162534,0.009104515,0.48268318,0.50679487,0.69475406,0.7118953,0.48294735,0.5068778,0.9898251,0.8843067,0.45588014,-12,3
-0.005500625,-0.025557311,0.5086479,0.5089982,0.71319556,0.71344113,0.5086782,0.5096514,1.0183296,0.89744496,0.46143493,-12,3
-0.02098342,0.021151397,0.47990543,0.5104201,0.69275206,0.7144369,0.48034573,0.5108674,0.99121314,0.88556254,0.4549639,-12,3
-0.009265116,-0.031523924,0.51170456,0.521142,0.7153353,0.72190166,0.5117904,0.52213585,1.0339261,0.8956592,0.4813739,-12,3
-0.038623586,0.042346682,0.5118347,0.4969722,0.7154262,0.70496255,0.5133265,0.49876547,1.012092,0.8904961,0.46809044,-12,3
0.044141572,0.025374359,0.48940146,0.5072448,0.6995723,0.71221125,0.49134994,0.5078887,0.99923867,0.88624597,0.46239248,-12,3
-0.04357104,0.004802134,0.5107436,0.48096782,0.71466327,0.69351846,0.51264215,0.48099083,0.993633,0.8891175,0.45066956,-12,3
0.007366416,-0.041567788,0.48977378,0.5097451,0.6998384,0.71396434,0.48982805,0.51147306,1.001301,0.884532,0.4678721,-10,3
-0.024402227,0.008533216,0.4946928,0.5114985,0.703344,0.71519125,0.49528825,0.51157135,1.0068595,0.88864684,0.4660112,-10,3
0.04257407,-0.013128434,0.4784736,0.5200727,0.69171786,0.72116065,0.48028615,0.5202451,1.0005312,0.8910883,0.4544149,-10,3
-0.0047369488,0.01464311,0.48426092,0.51960695,0.6958886,0.72083765,0.48428333,0.51982135,1.0041046,0.88679165,0.46658894,-10,3
-0.0436064,0.0015025414,0.5119262,0.47058523,0.71549016,0.6859921,0.5138277,0.4705875,0.98441523,0.8786877,0.4607854,-10,3
0.00049273437,-0.044103134,0.5368376,0.4509889,0.732692,0.67155707,0.5368378,0.452934,0.98977184,0.8822614,0.45976812,-10,3
-0.0167609,0.02234349,0.49988428,0.502036,0.70702493,0.70854497,0.5001652,0.5025352,1.0027004,0.88863516,0.4615496,-10,3
0.037039705,-0.031387717,0.4981087,0.5023058,0.70576817,0.70873535,0.49948066,0.503291,1.0027716,0.8839431,0.47054884,-10,3
0.041207213,-0.038031273,0.51902336,0.5013932,0.72043276,0.70809126,0.5207214,0.50283957,1.023561,0.8962722,0.46931556,-10,3
0.029530201,0.009575415,0.49007237,0.51630557,0.70005167,0.71854407,0.4909444,0.51639724,1.0073416,0.89424014,0.455715,-10,3
-0.036898047,0.0001666937,0.5094764,0.4929481,0.7137762,0.70210266,0.5108379,0.49294814,1.0037861,0.895112,0.45006728,-10,3
0.020214152,0.02085989,0.53268003,0.5003676,0.72984934,0.70736665,0.5330887,0.5008027,1.0338914,0.8983611,0.47627586,-8,3
0.022083787,0.024995314,0.4876645,0.5159819,0.6983298,0.7183188,0.4881522,0.5166066,1.0047588,0.89179814,0.45766255,-8,3
-0.028247055,-0.009730548,0.54680586,0.45632094,0.7394632,0.6755153,0.5476037,0.45641565,1.0040194,0.89015883,0.46003976,-8,3
-0.03960822,0.024133654,0.49095038,0.5259042,0.7006785,0.7251925,0.4925192,0.52648664,1.0190058,0.9004846,0.45621622,-8,3
0.04220382,0.010166248,0.5169332,0.47185016,0.71898067,0.6869135,0.5187143,0.4719535,0.9906678,0.88234985,0.4605721,-8,3
0.017126296,-0.0048387814,0.49087685,0.513978,0.700626,0.7169226,0.4911702,0.51400137,1.0051715,0.8896922,0.4621897,-8,3
-0.0323997,-0.0016666604,0.4632083,0.55347776,0.6805941,0.74396086,0.46425802,0.55348057,1.0177386,0.89289856,0.46954322,-6,3
-0.042731963,-0.0013766913,0.5474911,0.48157915,0.7399264,0.69395906,0.5493171,0.48158103,1.0308981,0.8986105,0.47264925,-6,3
0.011677616,0.023613468,0.51192605,0.49239358,0.7154901,0.7017076,0.51206243,0.49295115,1.0050136,0.8797667,0.4806498,-4,3
-0.046566457,0.074543476,0.460452,0.5786841,0.67856616,0.76071286,0.46262047,0.5842408,1.0468613,0.905235,0.4768761,-4,3
0.01626764,-0.01792777,0.45418698,0.53421664,0.673934,0.73090124,0.45445156,0.53453803,0.9889896,0.87397474,0.474508,-4,3
-0.00024192408,0.0018961602,0.53517354,0.49056983,0.7315556,0.7004069,0.53517365,0.49057344,1.0257471,0.89681226,0.47061104,-4,3
-0.03770762,-0.029760435,0.52963805,0.47666138,0.72776234,0.6904067,0.53105986,0.47754705,1.0086069,0.88812655,0.46886903,-4,3
0.053723574,-0.008835018,0.5458265,0.46052706,0.7388007,0.6786215,0.5487127,0.46060514,1.0093178,0.8858384,0.4739284,-4,3
0.02363224,-0.064866066,0.56265926,0.45158526,0.75010616,0.67200094,0.56321776,0.45579287,1.0190105,0.88784456,0.48035687,-4,3
0.0006490374,-0.00359873,0.43630773,0.55223525,0.66053593,0.7431253,0.43630815,0.5522481,0.98855627,0.87244475,0.4768611,-4,3
-0.11616894,0.0025968505,0.5757328,0.4206705,0.7587706,0.64859116,0.58922803,0.42067727,1.0099053,0.89120185,0.46439683,-4,3
0.100381866,0.020002177,0.58023983,0.4239344,0.7617347,0.6511024,0.59031636,0.4243345,1.014651,0.89448255,0.46319732,-4,3
0.00421728,-0.0018474311,0.47744507,0.50498897,0.690974,0.71062577,0.47746286,0.50499237,0.9824552,0.8776603,0.4606167,-4,3
0.077882275,0.016268713,0.64878285,0.35781336,0.8054706,0.59817505,0.65484846,0.358078,1.0129266,0.8942151,0.46185052,-2,3
-0.06746128,-0.08013094,0.39014181,0.6157841,0.62461334,0.7847191,0.39469284,0.622205,1.0168979,0.8999516,0.45495614,-2,3
0.045274477,0.018767972,0.5387029,0.48040318,0.73396385,0.69311124,0.5407527,0.48075542,1.0215081,0.8932624,0.47285348,-2,3
-0.0191083,-0.0020879023,0.57701874,0.36757332,0.7596175,0.60627824,0.5773839,0.3675777,0.94496155,0.8605309,0.45215935,-2,3
-0.019163594,0.0077968896,0.54272723,0.44293457,0.73670024,0.6655333,0.5430945,0.44299534,0.9860898,0.88540906,0.4496005,-2,3
-0.024376785,0.025122302,0.33963618,0.6431468,0.5827831,0.80196434,0.3402304,0.64377797,0.9840084,0.8818537,0.45424938,-2,3
0.04363829,0.06838421,0.33814257,0.6472129,0.5815003,0.80449545,0.34004688,0.6518893,0.9919362,0.8880755,0.45084155,-2,3
0.00082900375,-0.014712129,0.4237103,0.56907284,0.65093035,0.75436914,0.42371097,0.56928927,0.99300027,0.887204,0.45372817,-2,3
-0.020393442,-0.005014454,0.7516006,0.24021697,0.866949,0.49011934,0.75201654,0.2402421,0.99225855,0.8995354,0.42789567,0,3
-0.008819612,0.04818685,0.23664843,0.75460595,0.48646525,0.8686806,0.23672621,0.7569279,0.99365413,0.8849486,0.4588247,0,3
0.10358676,-0.03792056,0.66981685,0.3423292,0.8184234,0.585089,0.6805471,0.34376714,1.0243143,0.9106517,0.4416195,0,3
0.03539048,0.009308163,0.767082,0.24621868,0.87583214,0.4962043,0.7683345,0.24630532,1.0146399,0.9067534,0.4386777,0,3
0.079386815,-0.02739558,0.6793121,0.32274657,0.8242039,0.5681079,0.68561435,0.3234971,1.0091114,0.89915764,0.44791412,0,3
-0.081494614,0.022106243,0.7918609,0.24304365,0.88986564,0.49299458,0.79850227,0.24353233,1.0420346,0.9216813,0.43879178,0,3
0.087906234,0.01935864,0.6077034,0.36380994,0.77955335,0.6031666,0.6154309,0.36418474,0.9796156,0.892419,0.42802328,0,3
-0.051291537,0.05875987,0.532289,0.47559014,0.7295814,0.68963045,0.53491986,0.47904286,1.0139626,0.90242565,0.44675556,0,3
-0.07294825,0.06258807,0.5672169,0.48459825,0.753138,0.69613093,0.5725384,0.4885155,1.0610538,0.9212291,0.46085876,0,3
-0.038889583,-0.0031074714,0.8634776,0.14801443,0.9292349,0.38472643,0.86499,0.14802408,1.0130141,0.9090861,0.43194503,2,3
0.066196784,0.023704737,0.84424365,0.1477533,0.9188273,0.38438693,0.84862566,0.14831522,0.99694085,0.90264,0.4268276,2,3
0.032196745,-0.013374248,0.7517848,0.23546092,0.86705524,0.48524317,0.75282145,0.23563983,0.98846126,0.8977778,0.42714903,2,3
-0.094555706,0.05614186,0.6777928,0.30038646,0.8232817,0.54807526,0.68673354,0.30353835,0.9902719,0.89749753,0.42984903,2,3
0.18504831,0.039171614,0.7638591,0.1637311,0.87399036,0.404637,0.798102,0.16526552,0.96336746,0.88284814,0.42889008,2,3
0.011270219,-0.09881116,0.13300288,0.88642144,0.3646956,0.9414996,0.13312991,0.89618516,1.0293151,0.9231919,0.4207514,2,3
-0.14371225,0.0873928,0.70910054,0.2736549,0.84208107,0.52312034,0.72975373,0.28129244,1.0110462,0.9067011,0.43467152,2,3
-0.1047356,-0.024164306,0.86500007,0.13345736,0.9300538,0.36531818,0.87596965,0.13404128,1.0100108,0.9184154,0.40807357,4,3
0.042680033,0.09941152,0.22433782,0.79378116,0.47364312,0.89094394,0.2261594,0.80366385,1.0298233,0.92541623,0.41644695,4,3
-0.018555172,0.019651398,0.8124773,0.18587601,0.90137523,0.4311334,0.8128216,0.18626219,0.99908376,0.9117895,0.4095409,4,3
0.017007437,0.008860638,0.8750508,0.1469004,0.9354415,0.38327587,0.87534004,0.14697891,1.0223191,0.9281372,0.40109897,4,3
-0.009318467,0.03360875,0.08133309,0.9202177,0.28518957,0.9592798,0.08141993,0.92134726,1.0027672,0.90849495,0.42119378,4,3
-0.04747725,0.014138812,0.92131054,0.05900082,0.95984924,0.24290085,0.92356455,0.059200726,0.9827653,0.9017564,0.41182613,4,3
0.0011285702,0.014937915,0.119576536,0.87414205,0.3457984,0.93495566,0.11957781,0.87436515,0.993943,0.90048635,0.4278635,4,3
0.013682636,0.07216432,0.058083892,0.94073343,0.241006,0.96991414,0.058271103,0.9459411,1.0042121,0.9011502,0.43833822,4,3
0.034112547,0.023579547,0.56601596,0.39931375,0.7523403,0.63191277,0.56717956,0.39986974,0.96704936,0.8910009,0.41613305,4,3
0.0048189685,0.019854324,0.37409055,0.60645825,0.6116294,0.7787543,0.37411374,0.6068525,0.9809662,0.90199864,0.40910223,4,3
0.00037727645,0.012523176,0.08043255,0.91789746,0.28360632,0.9580697,0.08043269,0.9180542,0.998487,0.9087855,0.4154466,4,3
0.0029272214,0.022811517,0.026261605,0.9550109,0.16205433,0.9772466,0.026270173,0.95553124,0.9818014,0.8939084,0.4274683,6,3
-0.06435609,-0.009101538,0.9590257,0.030531479,0.9792986,0.1747326,0.9631673,0.030614318,0.99378175,0.90742993,0.41273788,6,3
0.025425274,-0.07288895,0.1386939,0.8400869,0.3724163,0.91656256,0.13934034,0.8453997,0.98474,0.9071383,0.40229362,6,3
0.16376384,0.001989367,0.96144754,0.031199936,0.9805343,0.17663504,0.9882661,0.031203896,1.01947,0.9153519,0.42614648,6,3
-0.0043672975,-0.05119039,0.027177818,0.9836136,0.16485696,0.99177295,0.027196892,0.98623395,1.0134308,0.9109359,0.4285168,6,3
0.001952175,-0.018564284,0.71067536,0.2949419,0.8430156,0.5430855,0.71067923,0.29528654,1.0059657,0.9120363,0.41731957,6,3
-0.012813669,0.004863763,0.9466268,0.0879616,0.9729475,0.2965832,0.9467909,0.08798525,1.0347761,0.93169177,0.40832174,6,3
0.16997829,0.22974391,0.36087734,0.58526325,0.60073066,0.765025,0.38976997,0.63804543,1.0278153,0.91968167,0.42661586,6,3
0.006652208,-0.06474511,0.03028768,0.9897902,0.17403355,0.994882,0.030331932,0.99398214,1.024314,0.9324498,0.39351165,8,3
-0.045400083,0.115501195,0.12813652,0.89495134,0.35796162,0.9460187,0.13019769,0.9082918,1.0384896,0.9409425,0.39130107,8,3
-0.015139429,0.20777932,0.03381405,0.8933463,0.18388598,0.94517,0.034043252,0.9365186,0.97056186,0.8991742,0.40255138,8,3
-0.10459347,0.056316294,0.72414994,0.20814008,0.85097003,0.45622373,0.73508966,0.21131161,0.94640136,0.8909677,0.39061219,8,3
0.03055337,-0.09979582,0.052631535,0.91379726,0.22941564,0.95592743,0.05356504,0.9237564,0.9773215,0.8988089,0.4116601,8,3
0.017557032,-0.00955184,0.61027294,0.41234192,0.7811997,0.64213854,0.61058116,0.41243315,1.0230143,0.9206063,0.41892523,8,3
0.04405749,0.016545787,0.86938524,0.1476816,0.9324083,0.38429362,0.87132627,0.14795536,1.0192816,0.9295513,0.39397463,10,3
-0.0066782795,-0.0044437796,0.86748683,0.122099854,0.93138975,0.3494279,0.8675314,0.122119606,0.989651,0.8919563,0.44052806,10,3
-0.0338599,-0.055516295,0.23598668,0.7608081,0.4857846,0.87224317,0.23713318,0.76389015,1.0010233,0.91072094,0.41425923,10,3
0.06053551,-0.05880965,0.5638988,0.40713993,0.750932,0.6380752,0.5675634,0.4105985,0.9781619,0.8845352,0.442447,10,3
0.011984817,-0.014021562,0.40044117,0.6153501,0.6328042,0.78444254,0.40058482,0.6155468,1.0161316,0.9190592,0.41407943,10,3
0.042238683,-0.019908577,0.8683022,0.15870583,0.93182737,0.398379,0.8700863,0.15910219,1.0291884,0.93268716,0.39910296,10,3
-0.037485592,-0.07690874,0.25282893,0.72196496,0.50282097,0.8496852,0.25423408,0.7278799,0.9821141,0.8922373,0.4313081,12,3
-0.00578723,0.017889217,0.05070699,0.98460793,0.22518213,0.9922741,0.05074048,0.984928,1.0356685,0.9305068,0.412099,12,3
-0.065851,0.0119091375,0.9240836,0.038324736,0.9612927,0.19576705,0.92842,0.03846656,0.9668866,0.8881724,0.42194358,12,3
0.00085570384,-0.004386492,0.18912277,0.819643,0.43488246,0.9053414,0.18912348,0.8196622,1.0087857,0.9006955,0.44444725,12,3
0.0889303,0.03870789,0.9239625,0.123287916,0.9612297,0.35112378,0.9318711,0.12478623,1.0566573,0.9331542,0.4311387,12,3
-0.044361204,-0.027990762,0.34434366,0.70940375,0.586808,0.8422611,0.34631157,0.7101872,1.0564988,0.9492469,0.394245,12,3
-0.04503385,-0.029322881,0.6561124,0.33449674,0.81000763,0.5783569,0.65814036,0.33535656,0.99349695,0.9019033,0.42434365,12,3
0.12154402,-0.08582061,0.6826111,0.33426422,0.8262028,0.5781559,0.697384,0.34162942,1.0390134,0.93741196,0.4003402,14,3
0.13374472,0.013604339,0.9715054,0.012742432,0.98564976,0.11288238,0.989393,0.01292751,1.0023205,0.904044,0.43014532,14,3
-0.016984798,-0.00046795,1.003614,0.009481721,1.0018053,0.09737413,1.0039024,0.009481939,1.0133843,0.92351437,0.40063152,14,3
-0.017495146,0.09504154,0.024346512,0.96069616,0.1560337,0.9801511,0.024652593,0.96972907,0.99438167,0.90781045,0.41262797,14,3
0.15441668,-0.023987709,0.97368634,0.02328559,0.98675543,0.15259616,0.9975308,0.023861002,1.0213919,0.9207938,0.4165701,14,3
0.14084843,0.06610963,0.73586655,0.25056905,0.85782665,0.50056875,0.7557049,0.25493956,1.0106443,0.9099984,0.42725536,14,3
0.031661488,-0.0015920356,1.0131876,0.00730964,1.0065722,0.08549643,1.0141901,0.0073121744,1.0215023,0.9253284,0.40653378,14,3
0.02547567,0.017700313,0.8192454,0.25657174,0.90512174,0.5065291,0.8198944,0.25688502,1.0767794,0.94462657,0.42948824,14,3
0.09606001,-0.04296717,0.8060648,0.14997035,0.8978111,0.38726005,0.8152923,0.15181652,0.96710885,0.87927973,0.44042704,14,3
0.032818533,0.038800437,0.42592645,0.57747746,0.6526304,0.75991935,0.42700353,0.57898295,1.0059865,0.9075394,0.42703465,14,3
-0.0036258546,0.15152338,0.0012606973,0.93270487,0.0355063,0.9657665,0.001273844,0.9556642,0.9569381,0.8803805,0.42646018,14,3
0.055318024,0.055709284,0.53982055,0.42847192,0.7347248,0.6545777,0.5428806,0.43157548,0.9744562,0.8848939,0.43751457,14,3
-0.07256541,0.1659257,0.1408337,0.81472033,0.37527817,0.9026186,0.14609945,0.84225166,0.9883511,0.90595907,0.4093767,14,3
0.013340075,0.011890177,0.806837,0.17766711,0.89824104,0.42150578,0.80701494,0.17780848,0.9848234,0.89630944,0.4259727,16,3
0.028969863,0.041318767,0.22404984,0.7305228,0.47333902,0.8547063,0.2248891,0.73223007,0.95711917,0.88110876,0.4251665,16,3
0.087009385,-0.16649625,0.20484723,0.7528901,0.4526005,0.8676924,0.21241787,0.7806111,0.993029,0.9078377,0.41092533,16,3
0.0052122637,0.08364529,0.012552643,0.980236,0.11203858,0.9900687,0.012579811,0.98723245,0.9998123,0.9008482,0.4339179,16,3
-0.019597502,-0.13010249,0.021550229,0.9351989,0.14679997,0.9670568,0.021934291,0.95212555,0.9740599,0.8956094,0.41466102,16,3
-0.06760324,0.0029695723,0.99695164,0.0013701587,0.99847466,0.037015654,1.0015217,0.0013789771,1.0029007,0.92168605,0.39165732,16,3
0.03176156,-0.005018945,0.9879905,0.06348155,0.9939771,0.25195545,0.98899937,0.06350674,1.052506,0.94519997,0.3988774,16,3
-0.0011495024,0.20926312,0.0029229214,0.94684684,0.05406405,0.97306055,0.0029242428,0.99063784,0.9935621,0.90919745,0.40856096,16,3
0.033647846,-0.05652337,0.13325945,0.85906523,0.3650472,0.9268577,0.13439164,0.8622601,0.99665177,0.9140396,0.4014764,18,3
0.031757765,0.014426116,0.90082765,0.08676298,0.9491194,0.29455557,0.90183616,0.0869711,0.9888073,0.90467864,0.41275153,18,3
0.012197308,-0.009597648,0.8534833,0.13238508,0.9238416,0.3638476,0.8536321,0.13247721,0.9861093,0.8990716,0.4216392,18,3
-0.01606434,0.009411328,0.24217856,0.70936406,0.49211642,0.84223753,0.24243662,0.7094526,0.9518893,0.86973184,0.44210383,18,3
0.056224577,0.050002396,0.58300316,0.43078247,0.76354647,0.6563402,0.58616436,0.43328273,1.0194471,0.92919457,0.39502466,18,3
0.012614313,-0.009372053,0.5372755,0.4436264,0.7329908,0.6660529,0.53743464,0.44371426,0.9811489,0.8968928,0.4203953,18,3
0.023340715,0.029520791,0.3446192,0.65533066,0.58704275,0.80952495,0.34516403,0.6562022,1.0013661,0.89933383,0.43882212,18,3
0.0013416405,-0.0247804,0.015071949,0.9970255,0.122767866,0.9985116,0.015073748,0.99763966,1.0127133,0.9128072,0.42367008,18,3
-0.1915035,0.10564255,0.7488473,0.22037119,0.86535966,0.4694371,0.7855209,0.23153156,1.0170524,0.92166996,0.40936154,18,3
-0.08513772,0.08732543,0.50383514,0.5225085,0.7098135,0.7228475,0.5110836,0.5301342,1.0412178,0.9274503,0.42550406,18,3
-0.05240427,0.041277055,0.60192466,0.4325321,0.775838,0.65767175,0.6046708,0.43423587,1.0389068,0.9361033,0.4032584,20,3
-0.027358502,0.020712156,0.65267193,0.3980851,0.8078811,0.63093984,0.6534203,0.3985141,1.0519345,0.94061714,0.4088689,20,3
-0.0074889287,0.033604175,0.04821755,0.9289435,0.21958494,0.9638172,0.04827363,0.9300727,0.97834635,0.88661236,0.43848017,20,3
-0.02498386,0.022941357,0.62368524,0.3539396,0.78973746,0.5949282,0.6243095,0.3544659,0.9787753,0.90355814,0.40293673,20,3
0.045714628,-0.025134623,0.7266761,0.26041907,0.852453,0.51031274,0.7287659,0.26105082,0.9898168,0.8910377,0.44257033,20,4
0.011955552,0.08593036,0.077940136,0.8976173,0.2791776,0.9474267,0.07808308,0.9050013,0.98308444,0.8971706,0.4221011,22,4
-0.00021845894,-0.00015002489,0.014015502,0.9830656,0.11838709,0.9914966,0.014015549,0.9830656,0.99708116,0.9097067,0.41172183,22,4
-0.08151306,0.024046356,0.88486403,0.11510793,0.9406721,0.3392756,0.89150846,0.11568615,1.0071945,0.9041701,0.4355123,22,4
-0.15202785,-0.11687909,0.6215405,0.36821353,0.7883784,0.60680604,0.64465296,0.38187426,1.0265273,0.9153093,0.4344377,22,4
-0.007543523,0.005389318,0.60215926,0.42631012,0.77598923,0.6529243,0.6022161,0.4263392,1.0285554,0.9299159,0.40473664,22,4
0.098821364,-0.19092801,0.21656607,0.7472198,0.4653666,0.86441875,0.22633174,0.78367335,1.0100051,0.9142736,0.41726348,22,4
-0.044896483,0.022436313,0.7486279,0.26462984,0.8652329,0.5144219,0.7506436,0.2651332,1.0157769,0.92338383,0.40390489,24,4
0.09206873,0.044312578,0.76392865,0.262528,0.8740301,0.5123749,0.77240527,0.26449156,1.0368968,0.93919337,0.39346233,24,4
0.0026364017,-0.055471845,0.0050232504,0.9909942,0.07087489,0.9954869,0.0050302013,0.99407136,0.9991015,0.9077778,0.41837898,24,4
-0.024684213,-0.02308992,0.67069435,0.3739888,0.8189593,0.6115462,0.67130363,0.37452197,1.0458256,0.9347027,0.41491747,24,4
0.11302012,-0.08103415,0.7389247,0.27167022,0.8596073,0.5212199,0.7516982,0.27823678,1.029935,0.92765445,0.4115729,24,4
0.076058775,-0.067224264,0.52080977,0.405526,0.7216715,0.63680923,0.52659476,0.41004515,0.9366399,0.8675488,0.42895094,24,4
-0.043060016,0.09246631,0.11407441,0.8782997,0.33774903,0.93717647,0.11592858,0.88684976,1.0027783,0.90325445,0.43233046,24,4
-0.051371485,-0.055124667,0.35190314,0.6694534,0.5932143,0.8182013,0.35454217,0.67249215,1.0270343,0.9338633,0.3936161,24,4
-0.0025640316,0.0008595288,0.2848906,0.7618084,0.5337514,0.8728164,0.28489715,0.7618091,1.0467063,0.9367261,0.41140062,24,4
-0.232602,0.037079148,0.93141043,0.028539782,0.96509606,0.16893722,0.9855142,0.029914647,1.0154288,0.9106786,0.43138522,24,4
0.05432624,-0.088496074,0.2811833,0.738873,0.5302672,0.85957724,0.28413463,0.74670446,1.0308392,0.932201,0.40229392,24,4
0.0849762,0.115418166,0.37500423,0.6002166,0.6123759,0.77473646,0.3822252,0.613538,0.9957632,0.9039384,0.4226801,26,4
0.013133815,-0.016517662,0.059829887,0.90836334,0.24460149,0.95308095,0.060002383,0.9086361,0.96863854,0.887379,0.4256725,26,4
-0.00038551106,0.12013613,0.000814739,1.0114019,0.028543632,1.0056847,0.0008148876,1.0258344,1.0266495,0.92656887,0.41002378,26,4
-0.0071460283,0.06937206,0.0074223885,0.96892005,0.08615328,0.9843374,0.0074734543,0.9737325,0.98120594,0.8961069,0.42213547,28,4
-0.009552075,-0.06853908,0.023734614,0.9246422,0.15406042,0.9615832,0.023825858,0.92933977,0.95316565,0.88515794,0.41189936,28,4
-0.06631811,-0.015922248,0.9147506,0.081676245,0.95642596,0.28579056,0.9191488,0.08192976,1.0010785,0.90720785,0.42196253,28,4
0.013976436,0.012557881,0.6042627,0.41555184,0.7773434,0.6446331,0.6044581,0.41570956,1.0201676,0.9128381,0.43231267,28,4
0.071612924,-0.04820086,0.562026,0.40403843,0.749684,0.63564014,0.5671544,0.40636173,0.97351617,0.8957631,0.4136721,28,4
-0.13601093,0.061009258,0.842314,0.14720264,0.91777664,0.38366997,0.86081296,0.15092479,1.0117378,0.9092444,0.43013063,28,4
-0.13152951,-0.038295954,0.90296805,0.07717101,0.95024633,0.27779672,0.920268,0.0786376,0.99890566,0.9067005,0.4204756,28,4
-0.04864797,0.0036196976,0.9545727,0.012794597,0.97702235,0.1131132,0.95693934,0.012807699,0.96974707,0.88915956,0.42325222,30,4
-0.026710093,0.059163935,0.10056527,0.86909246,0.31712028,0.9322513,0.10127871,0.87259287,0.9738716,0.89411455,0.41764906,30,4
-0.005507291,0.11383336,0.010374274,0.96137834,0.10185418,0.980499,0.010404605,0.9743363,0.984741,0.89808214,0.42212483,30,4
0.09634101,-0.03330497,0.92271024,0.1304447,0.9605781,0.3611713,0.9319918,0.13155392,1.0635457,0.9392914,0.42576683,30,4
0.006255995,-0.057129227,0.022363339,0.9585059,0.14954376,0.9790332,0.022402477,0.9617696,0.9841721,0.8981883,0.42122424,30,4
0.029232869,-0.05104637,0.22467941,0.7673867,0.47400358,0.87600607,0.22553399,0.7699925,0.99552643,0.9110861,0.40675366,30,4
0.049251184,0.07251483,0.32885528,0.64329565,0.573459,0.80205715,0.33128095,0.6485541,0.97983503,0.8876903,0.4379966,30,4
0.0036375592,0.1574724,0.014824753,0.9340905,0.12175694,0.9664836,0.014837984,0.95888805,0.97372603,0.8882372,0.429838,30,4
0.10328516,0.022908654,0.93703735,0.04810685,0.9680069,0.21933274,0.94770515,0.048631653,0.9963368,0.8947437,0.44245976,30,4
-0.0037826505,-0.0013372302,0.30988243,0.6897347,0.55667084,0.8305027,0.30989674,0.68973655,0.99963325,0.9022104,0.43087068,30,4
-0.0033002612,0.015747366,0.047425427,0.9397631,0.2177738,0.9694138,0.04743632,0.94001114,0.98744744,0.8998529,0.4215594,30,4
-0.0023478325,-0.037249032,0.4789108,0.5101472,0.6920338,0.7142459,0.47891635,0.5115347,0.990451,0.8840474,0.4570681,-20,4
0.013042264,0.012066377,0.50160676,0.50441015,0.708242,0.71021837,0.5017768,0.5045557,1.0063326,0.8894171,0.4639717,-20,4
-0.033471078,0.0022990745,0.5749888,0.49864662,0.75828016,0.70614916,0.57610905,0.4986519,1.0747609,0.92015666,0.4775696,-20,4
0.020781817,-0.036740165,0.51284957,0.5019497,0.71613514,0.7084841,0.51328146,0.5032996,1.016581,0.8909811,0.4719467,-20,4
0.01096256,0.055650186,0.5041748,0.4925304,0.71005267,0.7018051,0.50429505,0.49562734,0.99992234,0.88681734,0.46203604,-20,4
0.0017561112,-0.011561921,0.5026249,0.47896838,0.7089605,0.69207543,0.50262797,0.47910202,0.98173004,0.8763641,0.4622942,-20,4
-0.03540467,0.018382959,0.49080032,0.5216458,0.7005714,0.7222505,0.49205378,0.52198374,1.0140375,0.8971991,0.45724323,-20,4
-0.018257372,0.00015999144,0.5155971,0.49939406,0.7180509,0.7066782,0.5159304,0.49939412,1.0153246,0.8974007,0.45825383,-20,4
-0.012191824,-0.0063818768,0.47599748,0.5329776,0.68992573,0.7300531,0.4761461,0.53301835,1.0091645,0.8936465,0.45886868,-20,4
0.012194691,0.007439066,0.504962,0.50980496,0.7106068,0.7140063,0.5051108,0.5098603,1.014971,0.8889954,0.47398135,-20,4
-0.013304985,-0.0073105656,0.49819955,0.4839659,0.70583254,0.69567657,0.49837655,0.48401937,0.9823959,0.8719157,0.47133738,-18,4
0.00344053,-0.0027237819,0.52097845,0.508006,0.72178835,0.71274537,0.52099025,0.50801337,1.0290036,0.89637226,0.4748899,-18,4
-0.042534307,-0.010073219,0.5029257,0.50375825,0.70917255,0.7097593,0.5047349,0.5038597,1.0085945,0.8952476,0.4551113,-18,4
0.014389124,0.03950969,0.49452233,0.501868,0.7032228,0.7084264,0.49472937,0.50342906,0.99815845,0.88198197,0.46932533,-18,4
0.011836317,0.026913278,0.49901336,0.50990206,0.7064088,0.71407425,0.49915344,0.51062644,1.0097798,0.8883515,0.46969295,-18,4
0.03667096,-0.008952658,0.49541324,0.496802,0.703856,0.70484185,0.496758,0.49688214,0.9936401,0.88020587,0.46784386,-18,4
-0.0045448025,-0.009631508,0.49321106,0.501004,0.7022899,0.70781636,0.4932317,0.5010967,0.9943284,0.8846891,0.4600583,-18,4
0.0005773138,-0.007915088,0.4848951,0.4834472,0.6963441,0.6953037,0.48489547,0.48350984,0.9684053,0.8746008,0.45108613,-16,4
0.047632135,0.0097377505,0.49492377,0.49805313,0.7035082,0.70572877,0.49719262,0.49814796,0.9953406,0.8742296,0.48069027,-16,4
-0.02003958,-0.0010562185,0.49884915,0.5149649,0.70629257,0.71761054,0.49925074,0.514966,1.0142168,0.8949965,0.46173355,-16,4
-0.034587126,-0.0010706503,0.4740446,0.4905041,0.688509,0.70035994,0.4752409,0.49050522,0.9657461,0.8684962,0.4598483,-16,4
-0.014585471,0.022665318,0.47863972,0.5169315,0.6918379,0.7189795,0.47885245,0.5174452,0.9962976,0.8854135,0.46080416,-16,4
0.039491072,-0.02281703,0.48137352,0.4905569,0.6938109,0.7003977,0.48293304,0.4910775,0.9740105,0.88285494,0.4411097,-14,4
0.0025450327,0.00926475,0.51561433,0.48529398,0.7180629,0.6966305,0.5156208,0.4853798,1.0010006,0.8858857,0.4649807,-14,4
0.026426174,-0.011453396,0.52017254,0.50632966,0.72122985,0.7115685,0.5208709,0.50646085,1.0273318,0.89692986,0.4720684,-14,4
-0.009965595,-0.0183449,0.4922032,0.50288343,0.70157194,0.70914274,0.49230254,0.50321996,0.9955225,0.88756335,0.45580015,-14,4
-0.015022537,-0.030182905,0.5274774,0.4731543,0.7262764,0.6878621,0.52770305,0.4740653,1.0017684,0.8937226,0.45058662,-14,4
-0.015647892,-0.023331651,0.52180827,0.4958052,0.722363,0.70413435,0.52205306,0.49634954,1.0184026,0.88981164,0.47606498,-14,4
0.0011320198,0.03674194,0.49346623,0.5105231,0.7024715,0.71450895,0.49346754,0.51187307,1.0053406,0.8920106,0.45788383,-14,4
0.017342009,0.016250081,0.51520425,0.48022723,0.7177773,0.6929843,0.51550496,0.48049134,0.9959963,0.88097554,0.46891195,-14,4
0.024805933,-0.0059423093,0.49534428,0.5171771,0.703807,0.71915025,0.49595958,0.5172124,1.013172,0.8867255,0.4763297,-12,4
0.029338602,-0.004337387,0.48310682,0.50177574,0.6950589,0.7083613,0.48396754,0.5017946,0.985762,0.88483614,0.45036334,-12,4
0.0012324248,-0.007331537,0.5233128,0.4614451,0.72340363,0.6792975,0.52331436,0.4614988,0.9848131,0.8749067,0.4683496,-12,4
-0.015785687,-0.031651374,0.459061,0.50231874,0.6775404,0.70874447,0.45931017,0.5033205,0.9626307,0.86597073,0.46122167,-12,4
-0.0104435,0.03804532,0.47302732,0.50563645,0.68776983,0.7110812,0.47313643,0.5070839,0.9802203,0.8785335,0.45650768,-12,4
0.04594686,-0.008761475,0.5187662,0.49754924,0.7202543,0.7053717,0.52087736,0.497626,1.0185034,0.9001787,0.45626932,-12,4
-0.025740396,0.025117654,0.4899302,0.4743315,0.69995016,0.6887173,0.49059275,0.4749624,0.96555513,0.8699615,0.45686108,-10,4
-0.0047190003,-0.0029980633,0.48389465,0.4972334,0.69562536,0.7051478,0.48391694,0.4972424,0.98115927,0.88189465,0.4510223,-10,4
-0.0018980708,-0.0013978109,0.48450953,0.49023747,0.6960672,0.7001696,0.4845131,0.49023944,0.9747526,0.8749256,0.4574469,-10,4
0.016596941,0.019282846,0.5129775,0.47560742,0.7162245,0.68964297,0.513253,0.47597927,0.9892322,0.8892989,0.44539836,-10,4
-0.023741608,0.010429014,0.47398463,0.4927525,0.6884654,0.7019633,0.47454828,0.49286124,0.96740955,0.8722726,0.4544778,-10,4
0.004530252,0.048132017,0.47963765,0.49920303,0.69255877,0.706543,0.4796582,0.5015197,0.9811779,0.87601054,0.46236724,-10,4
-0.03714042,-0.0014455449,0.48096412,0.5029821,0.6935158,0.7092123,0.48234355,0.50298417,0.9853277,0.8804316,0.45844075,-10,4
-0.00553422,-0.06869427,0.47112298,0.49182788,0.68638396,0.70130444,0.47115362,0.4965468,0.96770036,0.8708422,0.45753062,-8,4
-0.025606148,0.010141215,0.50139886,0.5046348,0.70809525,0.7103765,0.5020545,0.5047377,1.0067922,0.894004,0.45557544,-8,4
-0.023617834,-0.017154757,0.5200839,0.4704829,0.72116846,0.68591756,0.52064174,0.47077715,0.9914189,0.8813766,0.463243,-8,4
-0.0015438274,0.04090714,0.4971461,0.4869897,0.7050859,0.6978465,0.49714848,0.48866308,0.9858116,0.88536143,0.44938472,-8,4
-0.03291753,-0.032068577,0.5255273,0.5248085,0.7249326,0.7244367,0.52661085,0.5258369,1.0524478,0.91260326,0.4686182,-8,4
-0.032123514,-0.011599276,0.50337374,0.4877259,0.7094884,0.69837373,0.5044057,0.48786047,0.9922662,0.8838178,0.4594913,-8,4
-0.006381264,-0.03239979,0.46868694,0.5154101,0.68460715,0.7179207,0.46872765,0.5164599,0.98518753,0.8798034,0.45949265,-8,4
-0.002426126,-0.021274632,0.47668862,0.53164923,0.6904264,0.7291428,0.4766945,0.53210175,1.0087962,0.89299214,0.4597405,-8,4
-0.009802331,0.015742334,0.50636935,0.46020234,0.71159637,0.67838216,0.50646544,0.46045014,0.96691555,0.8764457,0.44582334,-8,4
0.037015267,-0.0014285971,0.47813633,0.4800912,0.691474,0.6928862,0.47950643,0.48009324,0.9595997,0.8726832,0.44499847,-8,4
0.010862646,-0.030549921,0.517169,0.480125,0.71914464,0.69291055,0.517287,0.48105836,0.9983454,0.88642466,0.46108192,-8,4
0.0149156,0.025156012,0.51280874,0.51492655,0.71610665,0.71758384,0.51303124,0.5155594,1.0285906,0.89297503,0.48081827,-8,4
0.013601413,0.03731922,0.5161633,0.48600584,0.71844506,0.6971412,0.5163483,0.48739856,1.0037469,0.8947236,0.45079544,-8,4
0.021452563,-0.0028114226,0.5206649,0.52567005,0.7215711,0.7250311,0.52112514,0.5256779,1.046803,0.9076903,0.47212443,-8,4
-0.0094480105,-0.0029308223,0.49927256,0.49771217,0.7065922,0.7054872,0.49936184,0.49772078,0.9970826,0.89440924,0.44397616,-6,4
0.013284813,0.02375964,0.5022017,0.47281563,0.7086619,0.68761593,0.5023782,0.47338015,0.9757584,0.8764106,0.4557003,-6,4
-0.033237454,-0.014754092,0.48528394,0.5075943,0.69662327,0.7124565,0.48638865,0.50781196,0.9942006,0.8875551,0.454364,-6,4
-0.013128445,0.054018464,0.48909205,0.5119836,0.6993512,0.7155303,0.48926437,0.5149016,1.0041659,0.8865955,0.46702725,-6,4
-0.006037551,0.010303194,0.48584098,0.53456557,0.6970229,0.7311399,0.48587742,0.5346717,1.020549,0.899909,0.45903477,-6,4
0.035941493,-0.061335377,0.5278783,0.4873574,0.7265523,0.69810987,0.5291701,0.49111944,1.0202897,0.89273703,0.47255716,-6,4
0.009209635,-0.048773814,0.48195952,0.5076314,0.69423306,0.7124826,0.48204437,0.5100103,0.9920547,0.8791679,0.46810082,-6,4
0.009130117,0.033873193,0.54032123,0.45726317,0.73506546,0.6762124,0.54040456,0.45841056,0.9988152,0.88046193,0.47286567,-4,4
0.034099974,-0.020051278,0.4785792,0.49077973,0.69179416,0.70055676,0.47974205,0.4911818,0.9709238,0.8778316,0.4475885,-4,4
0.0045273993,0.053127095,0.49544203,0.51406324,0.70387644,0.716982,0.49546254,0.5168857,1.0123482,0.8917942,0.46588778,-4,4
0.0037481599,-0.06216753,0.4794262,0.48529142,0.6924061,0.69662863,0.4794402,0.4891562,0.96859646,0.87600064,0.44857472,-4,4
-0.019857474,-0.03269823,0.45589226,0.49867284,0.67519796,0.7061677,0.4562866,0.49974203,0.95602864,0.8636893,0.45833325,-4,4
0.02689014,-0.07313177,0.49539962,0.5023147,0.70384634,0.7087416,0.49612278,0.50766295,1.0037857,0.8870839,0.46569073,-4,4
-0.012934003,0.0013559144,0.49465916,0.5162535,0.7033201,0.7185078,0.49482647,0.5162554,1.0110818,0.8974823,0.4534394,-2,4
0.072145075,-0.007056255,0.46377134,0.49614835,0.6810076,0.704378,0.46897626,0.49619815,0.96517444,0.87393653,0.44878647,-2,4
-0.08170101,0.02331298,0.5357968,0.47330692,0.73198146,0.6879731,0.5424719,0.47385037,1.0163223,0.8936454,0.46660486,-2,4
0.0451634,-0.015863992,0.48653117,0.5281598,0.6975179,0.726746,0.4885709,0.52841145,1.0169823,0.8965329,0.46174788,-2,4
-0.006168768,0.06968168,0.4976374,0.50292134,0.7054342,0.70916945,0.49767542,0.50777686,1.0054522,0.891235,0.45951334,-2,4
0.002229306,0.05636894,0.50839406,0.4867784,0.7130176,0.6976951,0.508399,0.4899558,0.9983549,0.8872541,0.4594941,-2,4
-0.03766513,-0.014360689,0.49284327,0.5085139,0.702028,0.7131016,0.49426192,0.50872016,1.0029821,0.8918673,0.45558178,-2,4
-0.058245003,0.079609245,0.4885429,0.49611187,0.69895846,0.7043521,0.49193537,0.5024495,0.9943848,0.8991948,0.43108425,0,4
0.04951309,-0.13328631,0.5217043,0.496,0.722291,0.7042727,0.52415586,0.5137652,1.0379211,0.9186938,0.4403666,0,4
-0.1017977,0.016116504,0.5279432,0.46170002,0.726597,0.67948514,0.538306,0.46195975,1.0002657,0.90201414,0.4320141,0,4
0.017705131,0.031350188,0.48975313,0.50349396,0.6998236,0.7095731,0.4900666,0.5044768,0.99454343,0.9014442,0.42654628,0,4
-0.007129593,-0.051200666,0.5056728,0.48628813,0.7111068,0.69734365,0.50572366,0.4889096,0.99463326,0.9016357,0.4262468,0,4
-0.020169798,0.01592546,0.5036588,0.51500595,0.7096892,0.71763915,0.5040655,0.5152595,1.019325,0.9116318,0.43388066,0,4
0.009432558,0.092530444,0.5281335,0.45688045,0.72672796,0.6759293,0.52822244,0.4654423,0.99366474,0.90055114,0.42740193,0,4
-0.05660303,-0.008448409,0.4716165,0.528767,0.6867434,0.7271637,0.4748204,0.5288384,1.0036588,0.9065711,0.42636573,0,4
-0.092309155,0.0640624,0.4608006,0.48307765,0.67882293,0.6950379,0.46932155,0.48718163,0.95650315,0.8753915,0.43611124,0,4
0.06286501,-0.18777928,0.47506016,0.49522218,0.68924606,0.7037203,0.47901213,0.53048325,1.0094954,0.92737734,0.38660914,2,4
-0.04433889,-0.03452814,0.50212044,0.529172,0.7086046,0.7274421,0.5040864,0.53036416,1.0344505,0.9379077,0.39342046,2,4
-0.032815766,0.05362708,0.49222732,0.4824142,0.7015891,0.6945604,0.4933042,0.48529005,0.97859424,0.9079227,0.39277306,2,4
0.034643963,0.06521687,0.51110643,0.4727205,0.71491706,0.68754673,0.51230663,0.4769737,0.98928034,0.9109364,0.39934346,2,4
0.04291579,0.12445687,0.45895597,0.52019644,0.6774629,0.7212464,0.46079773,0.535686,0.99648374,0.92005444,0.3872771,2,4
0.01737544,0.01997627,0.566897,0.4567557,0.75292563,0.67583704,0.5671989,0.45715475,1.0243537,0.95740044,0.3282348,4,4
0.061472446,0.08520259,0.47833586,0.51747495,0.69161826,0.7193573,0.48211476,0.5247345,1.0068493,0.93545556,0.36300418,4,4
-0.027798796,-0.008095399,0.50479764,0.5046235,0.7104911,0.7103686,0.5055704,0.504689,1.0102594,0.94249505,0.34923127,4,4
-0.1490336,-0.11695399,0.4977671,0.47193295,0.7055261,0.68697375,0.5199781,0.4856112,1.0055894,0.95062,0.319235,6,4
0.030845242,-0.07750405,0.4956538,0.47682685,0.7040269,0.6905265,0.4966052,0.48283374,0.9794389,0.9275924,0.34498003,6,4
-0.045715947,-0.053305075,0.5146979,0.4727621,0.7174245,0.687577,0.5167879,0.47560352,0.99239147,0.94153047,0.32544094,6,4
-0.05017153,0.13127576,0.56095326,0.43949682,0.7489681,0.66294557,0.5634705,0.4567302,1.0202006,0.9561868,0.32543433,6,4
0.013425723,-0.04331654,0.5269627,0.49378917,0.725922,0.70270133,0.52714294,0.4956655,1.0228086,0.96255076,0.31032977,6,4
0.06067534,-0.010426559,0.5285218,0.4779216,0.72699505,0.69131875,0.53220326,0.47803032,1.0102335,0.9512505,0.3245859,6,4
0.033212423,0.04745896,0.518777,0.4908732,0.72026175,0.70062345,0.51988006,0.49312556,1.0130055,0.95897865,0.30555773,6,4
-0.059862196,0.07257673,0.48181534,0.5163387,0.69412917,0.71856713,0.48539883,0.5216061,1.0070049,0.9527172,0.3151745,6,4
0.057861783,-0.17108895,0.4616977,0.487656,0.6794834,0.6983237,0.4650457,0.5169274,0.9819731,0.9336308,0.3321244,6,4
-0.052353892,-0.023447774,0.48301822,0.47451943,0.6949951,0.6888537,0.48575917,0.4750692,0.9608284,0.92988926,0.31005535,6,4
-0.074812815,-0.022043973,0.58265483,0.43639627,0.7633183,0.660603,0.58825177,0.4368822,1.025134,0.95689595,0.33088395,8,4
0.07533233,-0.032778792,0.46154928,0.54398847,0.67937416,0.73755574,0.46722424,0.54506296,1.0122871,0.9654733,0.28310525,8,4
-0.047787987,0.16815437,0.5042058,0.46474147,0.71007454,0.6817195,0.5064895,0.49301732,0.9995069,0.9522697,0.30444926,8,4
0.10170643,0.020435207,0.5116718,0.5033071,0.71531236,0.7094414,0.522016,0.5037247,1.0257407,0.9681419,0.297392,8,4
0.0014047027,0.13411638,0.46041065,0.5575199,0.67853564,0.7466726,0.46041265,0.57550716,1.0359198,0.97542155,0.29064178,8,4
0.08779734,0.04209468,0.4924522,0.48990393,0.7017494,0.6999314,0.5001606,0.4916759,0.9918364,0.94285536,0.3207183,8,4
0.07104106,-0.013413465,0.49225116,0.49534917,0.70160615,0.70381045,0.497298,0.49552906,0.99282706,0.95526195,0.2833754,8,4
0.17410088,-0.00060648844,0.50642484,0.48944354,0.71163535,0.6996024,0.5367359,0.48944396,1.0261798,0.9719199,0.2855725,10,4
0.009169217,0.07113532,0.54868215,0.45979464,0.7407308,0.6780816,0.54876626,0.4648549,1.0136211,0.95532143,0.31777674,10,4
0.07680026,-0.026080247,0.46302935,0.52987236,0.6804626,0.72792333,0.46892762,0.5305525,0.9994802,0.95744,0.28773054,10,4
-0.0098531265,-0.018114556,0.4898495,0.51226556,0.6998925,0.71572727,0.48994663,0.5125936,1.0025403,0.95545125,0.29942137,12,4
0.039167605,0.009195965,0.50844264,0.47164404,0.7130516,0.68676347,0.5099768,0.47172862,0.9817054,0.94290036,0.3043754,12,4
0.14078987,0.035102323,0.432907,0.58697796,0.65795666,0.7661449,0.45272872,0.5882101,1.0409389,0.98236996,0.275478,12,4
0.03174661,-0.046675816,0.4824383,0.5045607,0.69457775,0.71032435,0.48344612,0.50673944,0.9901855,0.95528734,0.27858883,12,4
0.018351682,-0.016126692,0.59168524,0.41339612,0.7692108,0.6429589,0.59202194,0.4136562,1.0056782,0.96163505,0.28449273,12,4
-0.037826955,0.14835656,0.45763296,0.5255967,0.6764857,0.7249805,0.45906383,0.54760635,1.0066702,0.9639894,0.27819878,12,4
0.021558885,-0.08840844,0.4394806,0.5542581,0.66293335,0.74448514,0.4399454,0.5620742,1.0020195,0.94947064,0.31705683,12,4
-0.16124758,-0.093382075,0.48212492,0.4908045,0.69435215,0.7005744,0.5081257,0.4995247,1.0076504,0.9654523,0.2748678,12,4
0.014185883,-0.06172928,0.5185182,0.49327677,0.7200821,0.70233667,0.51871943,0.49708724,1.0158067,0.95843834,0.3117733,14,4
0.01835443,0.0576976,0.5339662,0.47514036,0.7307299,0.68930423,0.53430307,0.47846937,1.0127724,0.95800877,0.30820692,14,4
0.0045137974,-0.04005719,0.5511289,0.4642842,0.74238056,0.681384,0.5511493,0.4658888,1.0170381,0.9620211,0.3025782,14,4
-0.13917132,-0.18416023,0.48882878,0.47962207,0.6991629,0.6925475,0.5081974,0.51353705,1.0217345,0.96698153,0.29441673,14,4
0.012148075,0.11092353,0.52493405,0.51394224,0.7245233,0.71689767,0.52508163,0.52624625,1.051328,0.98584706,0.28183952,14,4
-0.040295772,0.019830965,0.50632477,0.51604664,0.711565,0.7183639,0.5079486,0.5164399,1.0243884,0.9703717,0.28769284,14,4
0.1306649,0.025049597,0.50594157,0.51016146,0.7112957,0.71425587,0.5230149,0.5107889,1.0338038,0.9688348,0.3084849,14,4
-0.02930017,0.033222847,0.5222347,0.4632765,0.72265804,0.68064415,0.5230932,0.46438026,0.9874735,0.95299006,0.28157306,14,4
-0.0136093795,-0.0166341,0.5256281,0.48283964,0.7250021,0.69486666,0.5258132,0.4831164,1.0089297,0.961091,0.29194823,14,4
-0.011342213,-0.1625223,0.5486925,0.44012025,0.7407378,0.6634156,0.5488212,0.46653372,1.015355,0.9627923,0.29729766,16,4
-0.076078914,0.009211931,0.47590992,0.54074395,0.68986225,0.73535293,0.48169792,0.5408288,1.0225267,0.9608226,0.3151931,16,4
-0.085356385,-0.042991146,0.5504769,0.47338164,0.74194133,0.6880274,0.5577626,0.47522986,1.0329925,0.9724772,0.29543296,16,4
0.056148704,-0.14539531,0.5205153,0.49930713,0.7214675,0.7066167,0.52366805,0.5204469,1.044115,0.97436625,0.30777484,16,4
0.023444373,-0.05663386,0.47821593,0.5195825,0.6915316,0.7208207,0.47876555,0.5227899,1.0015554,0.9613558,0.2781194,16,4
-0.11266127,-0.04360625,0.51019907,0.49683824,0.7142822,0.70486754,0.52289164,0.49873975,1.0216314,0.9599331,0.31648028,16,4
0.034536034,-0.07972943,0.5043925,0.4899652,0.710206,0.69997513,0.50558525,0.49632198,1.0019072,0.9564249,0.29522642,16,5
-0.06117222,0.004660148,0.5037458,0.50336134,0.70975053,0.70947963,0.5074878,0.5033831,1.0108708,0.9607429,0.29638475,16,5
0.020390209,0.11068238,0.50283974,0.49681878,0.7091119,0.7048537,0.5032555,0.5090694,1.0123249,0.963436,0.29002753,16,5
-0.013375583,0.052410692,0.522717,0.45101157,0.7229917,0.67157394,0.52289593,0.45375848,0.9766544,0.9395542,0.30641854,16,5
0.04789441,-0.07414943,0.51808584,0.45562807,0.7197818,0.6750023,0.5203797,0.4611262,0.98150593,0.9444512,0.29919547,16,5
-0.031204727,-0.06335001,0.5275613,0.48312044,0.72633415,0.69506866,0.52853507,0.4871337,1.0156689,0.95619667,0.3183658,16,5
-0.028760806,0.040768705,0.535156,0.4702993,0.7315436,0.68578374,0.5359832,0.47196138,1.0079445,0.9586692,0.29815754,18,5
0.020469114,-0.02062847,0.50661516,0.49655482,0.71176904,0.70466644,0.5070341,0.49698037,1.0040145,0.9579884,0.2937222,18,5
-0.042214528,0.01004678,0.5101505,0.4790623,0.7142482,0.69214326,0.5119325,0.4791632,0.9910958,0.9504179,0.29631323,18,5
-0.083356276,-0.16943347,0.5205883,0.46580195,0.72151804,0.68249685,0.5275365,0.49450964,1.0220462,0.96858954,0.28962123,18,5
0.009137306,0.024616033,0.494362,0.49803242,0.7031088,0.7057141,0.49444547,0.49863836,0.99308383,0.9494088,0.30283114,20,5
-0.03029766,-0.09873906,0.5209366,0.47988772,0.7217594,0.6927393,0.5218545,0.48963714,1.0114918,0.9597851,0.30050665,20,5
-0.07837466,0.006984802,0.48827314,0.52209896,0.69876546,0.72256416,0.4944157,0.5221478,1.0165634,0.9583066,0.31338787,20,5
0.0096227145,-0.06455271,0.47516304,0.50967085,0.6893207,0.71391237,0.47525567,0.5138379,0.98909354,0.94691944,0.3040348,20,5
0.008126449,-0.044574402,0.42603758,0.5746157,0.65271556,0.7580341,0.4261036,0.5766026,1.0027062,0.9477157,0.32332814,22,5
-0.03289947,0.062178306,0.54241514,0.467061,0.7364884,0.68341863,0.5434975,0.47092718,1.0144247,0.96292067,0.2953107,22,5
0.0043928865,-0.02130396,0.5184108,0.44856,0.7200075,0.6697462,0.5184301,0.44901383,0.96744394,0.9320625,0.31417108,22,5
0.0016031489,0.06321843,0.52078635,0.46893266,0.7216553,0.68478656,0.5207889,0.47292924,0.99371815,0.94572294,0.3151609,22,5
0.022002935,-0.036082294,0.4601736,0.53805214,0.678361,0.7335204,0.46065772,0.5393541,1.0000118,0.9527414,0.30380207,22,5
0.010307629,0.039710533,0.508383,0.48288617,0.7130098,0.6949001,0.5084892,0.4844631,0.99295235,0.9485991,0.30514252,22,5
0.13504401,0.1459854,0.52156276,0.44385043,0.722193,0.666221,0.5397997,0.46516222,1.0049618,0.96277547,0.27933002,22,5
0.027117424,-0.01842368,0.49437585,0.5149765,0.7031187,0.71761864,0.49511123,0.5153159,1.0104271,0.9539498,0.31687045,24,5
-0.0035867784,0.0016221888,0.49760574,0.5082827,0.70541173,0.7129395,0.4976186,0.50828534,1.005904,0.9651859,0.2726173,24,5
-0.06356108,-0.0331825,0.4697792,0.50237453,0.6854044,0.70878386,0.4738192,0.50347567,0.97729486,0.94136286,0.30187893,24,5
0.12372538,0.087841265,0.463782,0.5232419,0.68101543,0.7233546,0.47908998,0.53095794,1.0100479,0.9586924,0.30159053,24,5
0.10783405,-0.015497887,0.44235095,0.5339608,0.6650947,0.73072624,0.45397913,0.534201,0.98818016,0.93881166,0.3268225,24,5
-0.10351917,-0.04394056,0.48184797,0.50921917,0.6941527,0.7135959,0.4925642,0.51115,1.0037142,0.9644592,0.271169,24,5
-0.061506525,-0.116525054,0.4966411,0.49656695,0.70472765,0.7046751,0.50042415,0.51014507,1.0105692,0.97168934,0.25766084,24,5
0.020571155,-0.09108998,0.5556025,0.44272742,0.7453875,0.6653777,0.5560256,0.45102483,1.0070505,0.95463926,0.3093773,24,5
-0.0913083,0.01068124,0.56897545,0.3969425,0.7543046,0.63003373,0.57731265,0.39705658,0.97436917,0.93918055,0.3038242,24,5
0.018754266,-0.13272747,0.463755,0.50558263,0.6809956,0.71104336,0.46410677,0.5231992,0.987306,0.9540075,0.27780512,24,5
-0.053906474,-0.034858078,0.48865134,0.5170966,0.699036,0.7190943,0.49155724,0.5183116,1.0098689,0.9544101,0.3145956,24,5
-0.09535389,0.035175312,0.50946105,0.4870159,0.7137654,0.69786525,0.5185534,0.48825324,1.0068066,0.9470644,0.33147514,24,5
0.018344346,-0.08825006,0.53836346,0.44994384,0.7337325,0.6707785,0.5387,0.45773193,0.9964319,0.9435482,0.3258046,24,5
0.08824822,0.037957035,0.52289873,0.49080887,0.72311735,0.70057756,0.5306865,0.4922496,1.0229361,0.97018343,0.28579742,26,5
-0.0018838756,0.042337187,0.5066794,0.4860127,0.71181417,0.6971461,0.506683,0.48780513,0.9944881,0.95160186,0.29823142,26,5
-0.065889925,0.009093232,0.4799838,0.4827447,0.6928086,0.6947983,0.48432526,0.4828274,0.96715266,0.9326806,0.3118646,26,5
-0.010682968,-0.04947082,0.4089198,0.54787385,0.6394684,0.740185,0.40903392,0.5503212,0.9593551,0.93007255,0.30711612,26,5
-0.13573024,0.048812967,0.44049907,0.54295754,0.66370106,0.7368565,0.45892176,0.54534024,1.004262,0.95090896,0.3162818,26,5
0.003174888,-0.069742896,0.49280405,0.48751232,0.702,0.69822085,0.4928141,0.49237642,0.9851905,0.94111407,0.31542793,26,5
0.043431815,0.025393697,0.45438674,0.5429797,0.67408216,0.7368716,0.45627305,0.5436245,0.9998976,0.9454433,0.32562947,26,5
-0.006908536,0.015482115,0.51631427,0.5173421,0.7185501,0.719265,0.516362,0.5175818,1.0339439,0.96725047,0.31364033,26,5
-0.06190218,0.030412707,0.51498806,0.46379262,0.7176267,0.68102324,0.51882005,0.46471757,0.98353755,0.9471157,0.29412472,28,5
0.005565388,0.05105283,0.53224355,0.4485518,0.72955024,0.6697401,0.5322746,0.45115823,0.98343277,0.9422385,0.3092239,28,5
-0.016865943,-0.031274416,0.44631532,0.5398205,0.66806835,0.73472476,0.44659978,0.54079854,0.9873983,0.94597703,0.30418065,28,5
-0.041178264,-0.0031043142,0.5131375,0.48308945,0.7163362,0.69504637,0.51483315,0.4830991,0.9979322,0.9460604,0.32078335,28,5
0.066648394,0.052081138,0.50316536,0.5061841,0.7093415,0.71146613,0.50760734,0.5088965,1.0165039,0.96794677,0.28210446,28,5
-0.002507086,0.015672982,0.6154348,0.4254006,0.78449655,0.6522274,0.6154411,0.42564625,1.0410874,0.97975254,0.2849077,28,5
-0.12278166,0.027111463,0.47459632,0.49456125,0.68890953,0.70325047,0.48967165,0.4952963,0.98496795,0.9435308,0.3077621,28,5
0.013605451,0.0010832949,0.5194289,0.4276421,0.72071415,0.6539435,0.51961404,0.4276433,0.9472572,0.9127713,0.33779567,28,5
0.10776807,-0.027373029,0.46564907,0.52898645,0.68238485,0.72731453,0.477263,0.52973574,1.0069988,0.95552635,0.30654225,28,5
0.05142756,0.035267226,0.5507947,0.47003278,0.74215543,0.6855894,0.55343944,0.47127658,1.0247161,0.9649426,0.30594438,28,5
0.04844468,0.005396338,0.46322882,0.52294004,0.68060917,0.72314596,0.4655757,0.5229691,0.9885448,0.94926286,0.29571065,28,5
0.05995237,-0.10147656,0.526274,0.45786196,0.7254475,0.676655,0.5298683,0.46815944,0.99802774,0.95496714,0.29336935,28,5
0.0035732854,0.050695196,0.47625983,0.5099164,0.6901158,0.7140843,0.47627258,0.51248646,0.98875904,0.9524678,0.28559408,28,5
0.09963311,-0.15283833,0.48133475,0.45552284,0.6937829,0.6749243,0.4912615,0.4788824,0.9701439,0.938092,0.30021212,28,5
-0.15878975,0.008728713,0.43039346,0.5600448,0.65604377,0.7483614,0.45560765,0.56012106,1.0157287,0.9586677,0.31094196,28,5
-0.10487501,-0.040742952,0.52855563,0.48033985,0.7270183,0.6930655,0.53955436,0.48199984,1.0215542,0.9603528,0.3150822,30,5
0.08126964,-0.058459856,0.5575539,0.4593315,0.74669534,0.67774,0.5641587,0.4627491,1.0269077,0.97190976,0.28687814,30,5
-0.024025407,0.056772333,0.5345987,0.43318725,0.73116255,0.6581696,0.5351759,0.43641037,0.9715863,0.93890655,0.30006802,30,5
-0.053115144,0.046464056,0.44469553,0.510766,0.666855,0.71467894,0.44751674,0.5129249,0.9604416,0.9214685,0.33367273,30,5
-0.083081625,-0.028339788,0.49954614,0.511713,0.7067858,0.7153412,0.50644875,0.5125162,1.0189649,0.96800363,0.2862407,30,5
-0.001253238,0.0025249086,0.5140913,0.48954412,0.7170016,0.6996743,0.51409286,0.48955047,1.0036433,0.952152,0.31152835,30,5
0.03506437,0.03219592,0.5039136,0.51509565,0.7098687,0.7177017,0.50514305,0.51613224,1.0212753,0.9631674,0.30591482,30,5
-0.026133748,-0.002794616,0.5086571,0.50014454,0.713202,0.707209,0.5093401,0.5001523,1.0094924,0.95589864,0.30943516,30,5
0.028722692,-0.08982456,0.5038942,0.47048548,0.7098551,0.68591946,0.50471926,0.47855392,0.9832731,0.95023793,0.2834096,30,5
0.08380232,-0.024143662,0.45564327,0.5324456,0.67501354,0.7296887,0.4626661,0.5330285,0.99569464,0.95178187,0.29967624,30,5
-0.09522326,-0.011191264,0.5297563,0.4498996,0.7278436,0.67074555,0.5388237,0.4500249,0.98884857,0.9458605,0.30691445,30,5
-0.031996112,-0.0004650075,0.5026152,0.47638,0.7089536,0.69020283,0.503639,0.4763802,0.98001915,0.87451434,0.46394384,-20,5
0.005857949,-0.0014461242,0.4809635,0.49683738,0.6935153,0.70486695,0.4809978,0.49683946,0.9778373,0.8727282,0.46495456,-20,5
-0.01165949,-0.0123550985,0.48984292,0.49673337,0.6998878,0.70479316,0.48997885,0.496886,0.9868648,0.8829417,0.4552787,-20,5
0.024289466,-0.026278388,0.49085152,0.47233024,0.70060796,0.68726283,0.4914415,0.47302082,0.9644623,0.86857057,0.45830938,-20,5
0.009646235,0.01825137,0.51053804,0.5023285,0.71451944,0.7087514,0.5106311,0.50266165,1.0132928,0.8876908,0.47465557,-20,5
0.019091014,0.00072040875,0.48154426,0.50278366,0.6939339,0.7090724,0.48190874,0.5027842,0.9846929,0.8832289,0.45232686,-18,5
0.017032124,0.005954285,0.4828536,0.49918702,0.6948767,0.7065317,0.48314372,0.49922246,0.98236614,0.8794127,0.45716453,-18,5
-0.03800379,0.005532058,0.51867497,0.47964853,0.72019094,0.69256663,0.5201193,0.4796791,0.9997984,0.88755953,0.46047425,-18,5
0.0053546904,0.021836061,0.5144747,0.5123286,0.7172689,0.7157714,0.51450336,0.5128054,1.0273088,0.90122736,0.4637866,-18,5
0.01840521,-0.009849722,0.50497174,0.5085441,0.7106136,0.7131228,0.50531054,0.50864106,1.0139515,0.9015916,0.44842413,-18,5
0.0048105298,0.012380023,0.506599,0.50341284,0.7117577,0.7095159,0.50662214,0.5035661,1.0101882,0.88405615,0.47815576,-18,5
0.016106207,0.038046256,0.50121915,0.5119001,0.70796835,0.715472,0.50147855,0.5133476,1.0148263,0.88076305,0.48896068,-18,5
-0.027616438,-0.020029843,0.4978909,0.51254773,0.70561385,0.7159244,0.49865353,0.5129489,1.0116024,0.89631975,0.45630395,-18,5
0.03832303,-0.03688797,0.50894856,0.49122447,0.7134063,0.7008741,0.51041734,0.49258518,1.0030025,0.87975335,0.47857764,-18,5
-0.022362687,0.004269281,0.48814762,0.51418334,0.69867563,0.7170658,0.4886477,0.5142016,1.0028493,0.8901228,0.45883617,-18,5
-0.004501002,0.021872621,0.46058857,0.4935694,0.6786668,0.7025449,0.46060884,0.49404782,0.9546566,0.8738164,0.43715164,-16,5
0.020903394,-0.03782145,0.5086428,0.4920701,0.713192,0.7014771,0.5090798,0.4935006,1.0025804,0.8905673,0.45767912,-16,5
0.033088397,0.005281899,0.55152667,0.5050403,0.7426484,0.7106619,0.55262154,0.5050682,1.0576898,0.91407615,0.47133276,-16,5
-0.009824411,-0.006071564,0.53154844,0.49405307,0.7290737,0.7028891,0.531645,0.4940899,1.0257349,0.8976666,0.46896654,-16,5
-0.017865762,0.019781796,0.5066714,0.49170193,0.71180856,0.7012146,0.5069907,0.49209327,0.99908394,0.88014424,0.47374052,-16,5
-0.0061138594,0.009454891,0.49898654,0.48575383,0.7063898,0.69696045,0.4990239,0.48584324,0.9848671,0.8726745,0.47255293,-16,5
0.008412221,0.051412385,0.50851274,0.5166673,0.7131008,0.7187957,0.50858355,0.51931053,1.027894,0.8977736,0.47105893,-16,5
0.026241373,0.013110718,0.48855373,0.50156164,0.6989662,0.7082102,0.48924235,0.50173354,0.99097586,0.8829042,0.45984358,-16,5
0.0064057247,0.021204785,0.47166103,0.50768876,0.6867758,0.7125228,0.47170207,0.5081384,0.9798406,0.8735008,0.46565747,-14,5
-0.011428195,-0.03417382,0.4706721,0.51277316,0.6860555,0.7160818,0.4708027,0.51394093,0.98474365,0.88232833,0.45413697,-14,5
-0.021158561,-0.014280194,0.51730406,0.44896734,0.7192385,0.67005026,0.5177517,0.4491713,0.96692306,0.8683348,0.46143016,-14,5
0.025696885,-0.025711047,0.54327995,0.47840667,0.73707527,0.69166946,0.5439403,0.47906774,1.0230081,0.90141845,0.45875132,-14,5
-0.025895014,0.012231642,0.49945375,0.4879449,0.7067204,0.69853055,0.50012434,0.4880945,0.9882189,0.88562167,0.45154512,-14,5
-0.01678744,0.030673338,0.46709698,0.52611077,0.6834449,0.72533494,0.4673788,0.5270516,0.9944305,0.8793191,0.47034925,-14,5
0.009983629,0.011542447,0.51353794,0.53972876,0.7166156,0.73466235,0.51363766,0.53986204,1.0534996,0.9106437,0.47352678,-14,5
0.047762997,0.026435163,0.486641,0.47601998,0.6975966,0.689942,0.4889223,0.47671878,0.9656411,0.871351,0.45430005,-14,5
0.016874215,-0.023006845,0.47239637,0.48426452,0.687311,0.69589114,0.4726811,0.48479384,0.95747495,0.8727726,0.44242853,-14,5
-0.03167495,0.006916507,0.49188578,0.51602435,0.7013457,0.7183483,0.4928891,0.51607215,1.0089612,0.8882105,0.46908784,-14,5
-0.008827655,0.013156552,0.51163363,0.52201796,0.7152857,0.7225081,0.51171154,0.52219105,1.0339026,0.89682263,0.4791782,-14,5
0.018943941,0.021458337,0.5025091,0.49869856,0.70887876,0.70618594,0.50286806,0.499159,1.0020272,0.88527143,0.46724895,-14,5
0.0045836503,0.009335056,0.48570406,0.49370626,0.69692475,0.7026423,0.48572505,0.49379337,0.9795184,0.8818029,0.44937968,-14,5
-0.0054656463,0.0044042002,0.51829123,0.48249632,0.71992445,0.69461954,0.51832116,0.48251572,1.0008368,0.88538706,0.4657538,-14,5
-0.015478462,0.007194193,0.49374965,0.49988458,0.7026732,0.7070252,0.49398923,0.49993634,0.9939256,0.885046,0.45893255,-14,5
-0.009749671,-0.029429056,0.5393585,0.4945555,0.7344103,0.7032464,0.5394535,0.4954216,1.0348752,0.90894556,0.45682934,-14,5
-0.002813586,-0.019595724,0.48746294,0.48550007,0.69818544,0.69677836,0.48747087,0.48588407,0.97335494,0.8764473,0.45298457,-14,5
0.038609512,0.03700698,0.49677438,0.5051548,0.70482224,0.7107424,0.49826506,0.5065243,1.0047894,0.8807991,0.47852102,-12,5
-0.00013837847,-0.022144597,0.47198033,0.50525665,0.68700826,0.71081406,0.4719804,0.505747,0.9777274,0.87431633,0.46184236,-12,5
0.018001087,0.017317865,0.5225004,0.47146475,0.72284186,0.68663293,0.5228244,0.47176468,0.9945891,0.88879716,0.45235908,-12,5
-0.0019214754,0.012682861,0.5077161,0.4874673,0.712542,0.6981886,0.5077198,0.48762813,0.9953479,0.8850916,0.46039194,-12,5
0.009129381,-0.030451035,0.5031416,0.5166228,0.7093247,0.7187648,0.50322497,0.51755005,1.020775,0.8947993,0.46915793,-12,5
0.0051423274,0.03712138,0.528725,0.46746248,0.7271348,0.6837123,0.5287515,0.46884048,0.997592,0.89308524,0.44720322,-12,5
-0.009502995,-0.0034955405,0.50414205,0.4957074,0.7100296,0.7040649,0.5042323,0.4957196,0.99995184,0.8829678,0.46938226,-10,5
0.023770023,0.0051631816,0.4404717,0.5310767,0.66368043,0.7287501,0.44103673,0.5311034,0.97214013,0.87747604,0.4496398,-10,5
0.00044186367,-0.002067858,0.51094294,0.50481105,0.71480274,0.71050054,0.5109431,0.50481534,1.0157585,0.88510287,0.48202834,-10,5
0.014936455,-0.025131065,0.52445126,0.49715853,0.72419006,0.7050947,0.52467436,0.4977901,1.0224645,0.89485526,0.47084868,-10,5
0.0036284262,0.0048333816,0.48634827,0.5217229,0.69738674,0.72230387,0.4863614,0.5217463,1.0081077,0.89060414,0.46360767,-10,5
-0.015167791,0.03410051,0.5042456,0.5021668,0.7101025,0.7086373,0.50447565,0.50332963,1.0078053,0.8915053,0.46154472,-10,5
-0.028778665,-0.021618936,0.5152923,0.4934388,0.71783864,0.702452,0.51612043,0.49390614,1.0100267,0.89072174,0.4654475,-8,5
0.011012695,0.007701871,0.51451004,0.51125944,0.71729356,0.71502405,0.5146313,0.51131874,1.02595,0.8926418,0.47868648,-8,5
-0.027388161,-0.028029941,0.50836086,0.48974133,0.7129943,0.6998152,0.509111,0.490527,0.99963796,0.88551545,0.4642201,-8,5
0.013635293,-0.02525483,0.50139004,0.5085528,0.708089,0.71312886,0.501576,0.50919056,1.0107666,0.88910615,0.46931532,-8,5
0.0038828806,-0.015440332,0.5170466,0.48134863,0.7190595,0.69379294,0.5170616,0.481587,0.99864864,0.8879882,0.4583945,-6,5
-0.05089046,0.017496439,0.47981548,0.502046,0.69268715,0.70855206,0.4824053,0.5023521,0.9847574,0.87602025,0.4662038,-6,5
-0.02447343,0.021636045,0.4742437,0.51717746,0.6886535,0.71915054,0.4748426,0.5176456,0.99248827,0.88754123,0.45250285,-6,5
-0.058345392,-0.061640985,0.48914745,0.47878686,0.69939077,0.69194424,0.49255165,0.48258647,0.97513807,0.8734504,0.4606762,-6,5
0.005249195,-0.032686267,0.47775105,0.50264466,0.69119537,0.70897436,0.4777786,0.5037131,0.9814917,0.87376606,0.46693087,-6,5
-0.036393195,0.016636603,0.5348709,0.48096335,0.7313487,0.69351524,0.5361954,0.4812401,1.0174356,0.89666057,0.46199068,-6,5
0.00037444383,0.01514993,0.53188145,0.50837296,0.72930205,0.7130028,0.53188163,0.5086025,1.0404841,0.90900326,0.46281436,-6,5
-0.025504788,0.030685462,0.49419814,0.50421566,0.70299226,0.71008146,0.49484867,0.50515723,1.000006,0.88674676,0.46226195,-4,5
0.017048066,-0.012268406,0.49589187,0.52046955,0.7041959,0.7214357,0.49618247,0.5206201,1.0168025,0.8960681,0.46245492,-4,5
-0.017486952,0.10972457,0.4513538,0.51800096,0.6718287,0.7197228,0.4516596,0.53004044,0.98170006,0.8831939,0.44907525,-4,5
0.01107737,-0.022682674,0.49761152,0.5068793,0.70541584,0.7119546,0.49773425,0.50739384,1.005128,0.88175,0.47712168,-4,5
0.0015896033,-0.03344269,0.53430533,0.5094599,0.7309619,0.7137646,0.5343079,0.51057833,1.0448861,0.9071784,0.471077,-4,5
-0.014994966,0.059704192,0.45883486,0.52461016,0.6773735,0.7242998,0.45905972,0.52817476,0.9872345,0.8867172,0.44829342,-4,5
-0.011063446,-0.030042006,0.5203682,0.5145013,0.7213655,0.7172874,0.52049065,0.5154038,1.0358944,0.9072118,0.46136883,-4,5
0.03443418,-0.019688092,0.52300096,0.46147144,0.72318804,0.6793169,0.52418673,0.46185905,0.9860458,0.8766093,0.46647814,-4,5
-0.03567788,0.02082812,0.49782953,0.5104695,0.70557034,0.71447146,0.49910244,0.5109033,1.0100057,0.8885842,0.46949327,-4,5
0.033313185,0.030832436,0.5214957,0.5007968,0.7221466,0.70767,0.5226055,0.5017474,1.0243528,0.9027374,0.45762202,-4,5
-0.025585666,-0.018523289,0.48990634,0.52502567,0.6999331,0.72458655,0.49056095,0.52536875,1.0159297,0.89898944,0.45579344,-2,5
0.008285184,0.06003494,0.5097729,0.4934569,0.71398383,0.7024649,0.50984156,0.49706107,1.0069027,0.8991287,0.44549996,-2,5
0.06830154,-0.057338808,0.49257526,0.50534964,0.70183706,0.7108795,0.49724042,0.50863737,1.0058777,0.8930941,0.45635587,-2,5
0.04530205,-0.06406355,0.49959958,0.46537432,0.7068236,0.6821835,0.5016519,0.4694785,0.9711304,0.8871712,0.42901933,-2,5
0.028862461,-0.028693585,0.5078792,0.50321,0.71265644,0.709373,0.50871223,0.5040333,1.0127456,0.8918121,0.46627966,-2,5
0.066077515,-0.056684524,0.48298347,0.5306475,0.69497013,0.72845554,0.4873497,0.53386056,1.0212102,0.89969164,0.46017957,-2,5
-0.003982313,-0.053194825,0.4862066,0.52468574,0.6972852,0.72435194,0.48622248,0.5275154,1.0137379,0.8997521,0.45186734,-2,5
-0.016693661,0.029659795,0.51651144,0.48421523,0.7186873,0.69585574,0.51679015,0.48509496,1.0018852,0.8951333,0.4479078,-2,5
-0.016350126,0.0621228,0.48154706,0.5042563,0.69393593,0.71011007,0.4818144,0.50811553,0.98993,0.8897224,0.44533575,-2,5
-0.02235068,0.082786545,0.48618948,0.52071184,0.6972729,0.72160363,0.48668903,0.5275655,1.0142546,0.8941178,0.4634738,-2,5
-0.040153828,0.0009010732,0.49833125,0.4966398,0.7059258,0.70472676,0.49994355,0.49664056,0.9965841,0.8990846,0.43385583,0,5
0.0044015944,0.015723305,0.47478628,0.515065,0.6890474,0.7176803,0.47480568,0.51531225,0.9901179,0.8947119,0.43544054,0,5
0.041528486,0.07757046,0.46142012,0.52506876,0.6792791,0.7246163,0.46314478,0.53108597,0.9942307,0.8980114,0.43336612,0,5
-0.048651945,-0.029965142,0.5391202,0.47276306,0.73424804,0.68757766,0.5414872,0.47366098,1.0151482,0.9079443,0.43678975,0,5
-0.022484787,0.10678262,0.509221,0.4964722,0.71359724,0.70460784,0.5097265,0.5078747,1.0176013,0.91500735,0.42469147,0,5
0.04675039,0.03869123,0.5036292,0.48133355,0.7096684,0.6937821,0.5058148,0.48283058,0.98864543,0.8960109,0.43105668,0,5
-0.019559678,0.013870001,0.44817623,0.5643067,0.66945964,0.7512035,0.4485588,0.564499,1.0130578,0.90660435,0.43718004,0,5
-0.032264486,-0.07814571,0.49666703,0.4913288,0.70474607,0.7009485,0.49770802,0.49743554,0.99514365,0.89915836,0.43203908,0,5
0.018135255,0.033510715,0.53122824,0.4447481,0.72885406,0.6668944,0.5315572,0.44587108,0.9774282,0.8962586,0.4173114,0,5
0.066149324,0.02087027,0.5187016,0.4756672,0.7202094,0.6896863,0.52307737,0.4761028,0.9991802,0.90415144,0.42625156,0,5
0.025375012,-0.04097072,0.5371111,0.48117185,0.7328786,0.6936655,0.537755,0.48285043,1.0206053,0.9158896,0.42632347,0,5
-0.07114093,-0.04393799,0.48332667,0.48659006,0.695217,0.6975601,0.48838767,0.48852056,0.97690827,0.90051454,0.40740862,2,5
0.12683204,-0.045188934,0.52914286,0.4492238,0.72742206,0.6702416,0.5452292,0.45126587,0.9964951,0.91440034,0.4004586,2,5
-0.07593103,-0.054142646,0.50932586,0.47543344,0.7136707,0.68951684,0.5150914,0.47836483,0.9934563,0.92212844,0.37833244,2,5
-0.09608317,0.047297657,0.504703,0.48782325,0.7104245,0.6984435,0.51393497,0.49006027,1.0039953,0.919772,0.3975107,2,5
0.12000807,-0.011617325,0.4655797,0.55106884,0.682334,0.7423401,0.47998163,0.5512038,1.0311855,0.93300986,0.40084654,2,5
0.10031207,-0.033155896,0.50829005,0.49556717,0.7129446,0.7039653,0.51835257,0.49666646,1.015019,0.9305068,0.38623324,2,5
0.1893855,-0.015713152,0.50403595,0.45655704,0.7099549,0.67569005,0.5399028,0.45680392,0.9967067,0.9319906,0.35791084,4,5
-0.01278462,0.003787022,0.4994654,0.48540956,0.70672864,0.6967134,0.49962884,0.48542395,0.9850527,0.9319757,0.3412828,4,5
0.04684092,-0.06359209,0.5005148,0.46848214,0.7074707,0.68445754,0.5027089,0.47252607,0.9752349,0.9319871,0.32655007,4,5
0.1579337,0.073017925,0.5083415,0.49346626,0.7129807,0.70247155,0.53328454,0.49879786,1.0320824,0.9574374,0.3396999,4,5
0.06292205,-0.07442982,0.45823747,0.49333087,0.6769324,0.7023752,0.46219665,0.49887067,0.9610673,0.9204789,0.3373217,4,5
-0.07220601,0.0044535846,0.4677381,0.52303773,0.6839138,0.7232135,0.4729518,0.5230576,0.99600935,0.9342338,0.3510222,4,5
0.02456757,-0.08150577,0.4459248,0.5282228,0.667776,0.72678936,0.44652838,0.53486603,0.9813943,0.92504364,0.35452595,4,5
-0.019029088,-0.1631779,0.47999048,0.4610676,0.69281346,0.6790196,0.48035258,0.48769465,0.9680472,0.9201077,0.34849524,4,5
0.12281427,0.08828311,0.45585725,0.5245127,0.67517203,0.7242325,0.4709406,0.5323067,1.0032473,0.94278216,0.3382439,4,5
0.014251322,-0.014904935,0.5400289,0.473054,0.7348666,0.6877892,0.54023206,0.47327614,1.0135081,0.94513583,0.34673676,4,5
-0.013420008,0.015167531,0.55109495,0.44823682,0.7423577,0.6695049,0.551275,0.4484669,0.999742,0.93458986,0.35536435,4,5
0.08063592,0.0141022485,0.49737155,0.46945417,0.70524573,0.68516725,0.5038737,0.46965304,0.9735268,0.9321445,0.32347083,6,5
-0.0029550977,0.020383907,0.4749017,0.5240785,0.68913114,0.7239327,0.47491044,0.52449393,0.9994044,0.9540371,0.2986934,6,5
-0.02936982,-0.0040382072,0.52254975,0.47581637,0.722876,0.6897944,0.52341235,0.47583264,0.999245,0.9500704,0.3108234,6,5
0.038900226,-0.1463544,0.56545234,0.4405651,0.75196564,0.66375077,0.5669656,0.46198472,1.0289503,0.9667786,0.3070659,6,5
-0.003802644,0.0778726,0.5134158,0.50121856,0.7165304,0.7079679,0.51343024,0.5072827,1.0207129,0.9520546,0.3380901,6,5
0.08473697,0.10925977,0.49880895,0.5298897,0.7062641,0.72793525,0.5059893,0.54182744,1.0478168,0.970199,0.32639036,6,5
0.0585455,0.10559131,0.48414412,0.551936,0.69580466,0.7429239,0.48757172,0.56308544,1.0506572,0.984015,0.28700465,6,5
-0.0037361234,-0.17804478,0.5602573,0.43897378,0.7485034,0.662551,0.56027126,0.47067374,1.030945,0.9627586,0.3225536,8,5
0.064615145,-0.0405081,0.5254707,0.4772743,0.72489357,0.69085044,0.5296458,0.47891518,1.0085611,0.9605448,0.29311213,8,5
0.059453823,-0.01378306,0.41282198,0.6013786,0.64251226,0.77548605,0.41635674,0.6015686,1.0179253,0.9628546,0.3013907,8,5
0.067615986,0.015483823,0.44610113,0.5265484,0.667908,0.72563654,0.45067304,0.5267881,0.9774612,0.94648063,0.28571963,8,5
-0.015164843,-0.16532466,0.4448409,0.521193,0.66696393,0.721937,0.44507086,0.5485253,0.99359614,0.95069194,0.2996348,8,5
0.02057213,-0.056576468,0.49467757,0.49882114,0.7033332,0.7062727,0.4951008,0.502022,0.99712276,0.95381546,0.29556516,8,5
0.051914442,0.032307647,0.5167503,0.47385693,0.7188535,0.6883727,0.5194454,0.47490072,0.99434614,0.95032233,0.302049,8,5
0.09408751,0.033061184,0.49195015,0.5078994,0.7013916,0.7126706,0.50080264,0.5089925,1.0097952,0.95298725,0.31876373,8,5
0.051215764,-0.039024442,0.4783728,0.5207045,0.691645,0.72159857,0.48099583,0.5222274,1.0032232,0.96043646,0.2842272,10,5
-0.00461815,-0.030566953,0.5142584,0.48361033,0.7171181,0.695421,0.5142797,0.4845447,0.9988245,0.96139777,0.27301803,10,5
-0.01192292,0.057486523,0.57003444,0.43108752,0.75500625,0.6565726,0.5701766,0.4343922,1.0045688,0.9558477,0.30153614,10,5
0.056855913,0.12556459,0.50096977,0.5095478,0.70779216,0.7138262,0.50420237,0.52531433,1.0295167,0.9740578,0.28412673,10,5
-0.04190201,0.06772456,0.48714122,0.51696026,0.697955,0.7189995,0.48889697,0.5215469,1.0104439,0.96183026,0.29210705,10,5
-0.09193185,-0.05659137,0.46083117,0.53516173,0.67884547,0.7315475,0.4692826,0.5383643,1.0076469,0.9666153,0.27074283,10,5
0.14195031,-0.03864815,0.49984714,0.50936943,0.7069987,0.71370125,0.519997,0.5108631,1.0308602,0.97436017,0.28545114,10,5
-0.028746188,-0.040503975,0.47687083,0.5012735,0.6905584,0.70800674,0.4776972,0.5029141,0.98061126,0.9476181,0.28745633,10,5
0.011598751,0.05137667,0.50999475,0.51068175,0.71413916,0.71462,0.5101293,0.51332134,1.0234506,0.9685538,0.29215428,10,5
0.03819356,0.02261757,0.4988851,0.51494634,0.70631796,0.7175976,0.5003438,0.5154579,1.0158018,0.9648671,0.29126143,10,5
-0.03923589,0.014173068,0.4650838,0.575677,0.68197054,0.7587338,0.46662325,0.5758779,1.0425012,0.9785633,0.2914016,10,6
0.028311688,0.044528373,0.50593007,0.49759847,0.7112876,0.7054066,0.50673157,0.49958122,1.0063128,0.9635133,0.2792042,10,6
0.04663336,0.021896973,0.47370785,0.50007606,0.68826437,0.70716053,0.47588253,0.5005555,0.97643805,0.9457587,0.28631884,10,6
0.11082523,-0.10428992,0.46469367,0.4996485,0.68168443,0.7068582,0.47697592,0.51052487,0.98750085,0.95890564,0.2607696,10,6
0.031820383,-0.067910224,0.49423045,0.47302336,0.70301527,0.6877669,0.495243,0.47763515,0.9728781,0.93862426,0.3030884,10,6
-0.05029104,0.006029617,0.45690596,0.53887165,0.6759482,0.73407876,0.45943514,0.538908,0.9983431,0.95373464,0.2978815,12,6
-0.023947343,0.0692614,0.49649853,0.5069446,0.7046265,0.7120004,0.49707198,0.51174176,1.0088139,0.9679879,0.2679798,12,6
0.046565462,0.032666236,0.5084544,0.47742748,0.7130599,0.6909613,0.51062274,0.47849458,0.9891173,0.9494723,0.29600626,12,6
-0.07204965,-0.12709421,0.48721045,0.4666425,0.6980046,0.6831124,0.4924016,0.48279548,0.9751971,0.93957245,0.30397475,12,6
0.056577675,0.022839688,0.55622506,0.46355593,0.74580497,0.68084943,0.5594261,0.4640776,1.0235038,0.9717247,0.28152236,12,6
-0.10628739,-0.017490156,0.5011474,0.49917623,0.70791763,0.7065241,0.5124444,0.49948215,1.0119265,0.9657438,0.28154135,12,6
-0.12113794,0.010537399,0.4848215,0.5202557,0.69629127,0.72128755,0.49949586,0.5203668,1.0198627,0.97476804,0.2639884,12,6
-0.028643884,0.04260823,0.50097674,0.5137993,0.7077971,0.71679795,0.5017972,0.51561475,1.017412,0.9709454,0.27327093,12,6
-0.022473,-0.23571289,0.4579866,0.4957658,0.6767471,0.7041064,0.45849162,0.5513264,1.009818,0.9574022,0.3052849,14,6
-0.04512791,0.009250957,0.48895115,0.52322304,0.6992504,0.7233416,0.49098766,0.52330863,1.0142963,0.96328807,0.29389167,14,6
-0.011484951,0.017349727,0.5049355,0.5038996,0.71058816,0.70985883,0.5050674,0.50420064,1.009268,0.9590398,0.2991832,14,6
0.07040134,-0.062439986,0.47568682,0.50627553,0.68970054,0.71153045,0.48064315,0.5101743,0.9908174,0.9469864,0.30665016,14,6
-0.030087216,-0.049250036,0.50540966,0.49617767,0.7109217,0.7043988,0.5063149,0.49860325,1.0049181,0.9659586,0.26803383,16,6
-0.027588803,-0.018898558,0.41952366,0.5661912,0.64770645,0.7524568,0.42028478,0.56654835,0.98683316,0.9536228,0.27827433,16,6
-0.0052048657,0.010929886,0.4651495,0.553203,0.6820187,0.74377614,0.46517658,0.55332243,1.018499,0.9565533,0.32172173,16,6
0.011302426,0.0025832802,0.44635338,0.5561856,0.66809684,0.7457785,0.4464811,0.5561922,1.0026733,0.9624578,0.2763119,16,6
-0.015800808,0.021193631,0.47609338,0.54182744,0.6899952,0.7360893,0.47634304,0.5422766,1.0186195,0.9690771,0.28197372,16,6
0.071793854,0.0077064857,0.5224954,0.46977812,0.7228384,0.68540365,0.52764976,0.46983755,0.99748725,0.9595314,0.27710426,16,6
-0.07325366,0.07097311,0.49652275,0.5195923,0.7046437,0.7208275,0.5018889,0.5246295,1.0265183,0.9750633,0.27526325,18,6
-0.116152585,-0.07517811,0.515975,0.45739654,0.718314,0.67631096,0.5294664,0.4630483,0.9925147,0.95457387,0.28513747,18,6
0.10948791,-0.08226232,0.4735455,0.5027727,0.6881464,0.70906466,0.48553312,0.5095397,0.99507284,0.9602346,0.27022657,18,6
-0.09485917,0.039036836,0.41722882,0.58367705,0.6459325,0.7639876,0.4262271,0.5852009,1.0114281,0.96607685,0.27950588,18,6
-0.06190912,0.037923224,0.46349204,0.4946013,0.68080246,0.70327896,0.4673248,0.49603948,0.96336424,0.9353125,0.29758146,18,6
0.06370621,0.041681506,0.5156806,0.50322855,0.7181091,0.70938605,0.51973915,0.5049659,1.0247049,0.97303975,0.27910346,18,6
0.119217955,0.0045661423,0.46612746,0.5225273,0.68273526,0.72286046,0.48034036,0.5225481,1.0028884,0.9606733,0.28283438,20,6
0.053521022,-0.030669916,0.47005352,0.5269055,0.6856045,0.72588253,0.47291803,0.52784616,1.0007643,0.95943284,0.28328934,20,6
-0.1068102,0.051782414,0.5400883,0.47389764,0.734907,0.68840224,0.55149674,0.47657907,1.0280758,0.97263926,0.28644136,20,6
0.028205337,-0.079298235,0.48562816,0.48224345,0.69687027,0.6944375,0.4864237,0.48853165,0.9749553,0.94865096,0.27389172,20,6
-0.03972383,0.099508986,0.49223012,0.53026325,0.70159113,0.7281918,0.49380815,0.5401653,1.0339735,0.98790133,0.24088259,20,6
0.02120249,0.083620355,0.56114966,0.44801325,0.74909925,0.6693379,0.5615992,0.4550056,1.0166048,0.96881986,0.27927226,20,6
-0.11799992,-0.062655136,0.45849118,0.49641505,0.6771198,0.70456725,0.47241518,0.5003407,0.9727558,0.939252,0.30093434,22,6
0.0828636,0.041704528,0.50504196,0.48395467,0.710663,0.6956685,0.51190835,0.48569393,0.9976023,0.95279604,0.29963648,22,6
-0.044428747,0.055053603,0.47575206,0.519084,0.6897478,0.72047484,0.477726,0.5221149,0.9998408,0.9564855,0.2915071,22,6
0.029938826,0.07873222,0.50724703,0.5050023,0.71221274,0.7106351,0.50814337,0.5112011,1.0193444,0.968586,0.28493086,22,6
0.054004163,0.060065158,0.5544537,0.44487274,0.74461645,0.66698784,0.55737007,0.44848058,1.0058508,0.9610766,0.2866749,22,6
0.021207705,0.05202001,0.4738841,0.4890133,0.6883924,0.69929487,0.47433388,0.49171937,0.9660533,0.9385459,0.29186448,22,6
0.10407246,0.046654664,0.45369458,0.57302654,0.67356855,0.7569852,0.46452564,0.5752032,1.0397289,0.9839283,0.26760763,24,6
0.0053504743,-0.066368304,0.485017,0.49820969,0.69643164,0.7058397,0.4850456,0.5026145,0.98766017,0.95459235,0.27643013,24,6
0.07439819,0.052631736,0.59514666,0.41513905,0.7714575,0.64431286,0.6006818,0.41790915,1.0185909,0.9678329,0.28616497,24,6
-0.004526034,0.12169547,0.46657687,0.53753674,0.68306434,0.73316896,0.46659738,0.5523466,1.018944,0.9656658,0.29399562,24,6
0.028735401,-0.11055435,0.48001564,0.5289535,0.69283164,0.7272919,0.4808414,0.5411757,1.0220172,0.9697864,0.28553733,24,6
-0.0064937547,0.023278508,0.51828337,0.47408324,0.719919,0.68853706,0.51832557,0.47462517,0.9929507,0.95114696,0.29710296,24,6
-0.15216175,0.018776111,0.47108603,0.500701,0.6863571,0.7076023,0.4942392,0.5010536,0.9952927,0.9576522,0.2796336,24,6
-0.09155658,-0.011774844,0.4628306,0.5217574,0.68031657,0.72232777,0.47121322,0.5218961,0.9931092,0.9590962,0.27063596,24,6
-0.16309267,-0.15438458,0.43044877,0.54294646,0.65608597,0.736849,0.45704797,0.56678104,1.023829,0.969057,0.29113156,26,6
0.015000509,-0.06442071,0.5072095,0.47791767,0.7121864,0.6913159,0.5074345,0.48206767,0.98950213,0.9443112,0.3126955,26,6
-0.004475724,-0.012939565,0.47121245,0.538623,0.68644917,0.73390937,0.47123244,0.53879035,1.0100229,0.96403193,0.2840162,26,6
0.0024942188,-0.0463077,0.5135343,0.48715323,0.71661305,0.69796365,0.51354057,0.48929766,1.0028383,0.9508378,0.31423828,26,6
-0.18411559,-0.087891996,0.5492873,0.44118264,0.74113923,0.6642158,0.58318585,0.4489076,1.0320935,0.9678058,0.30894247,26,6
-0.15879077,0.07526523,0.43511468,0.5315127,0.6596322,0.72904915,0.46032917,0.5371775,0.9975067,0.95787734,0.2828032,26,6
-0.014237167,-0.16837391,0.5263728,0.50329787,0.72551554,0.70943487,0.5265755,0.5316477,1.0582232,0.99102104,0.27586326,26,6
-0.09107026,-0.038659588,0.4639468,0.4951691,0.68113637,0.70368254,0.47224054,0.49666363,0.9689042,0.942078,0.28529492,26,6
-0.00451738,-0.001598224,0.5089154,0.47138175,0.7133831,0.6865725,0.5089358,0.47138432,0.9803201,0.9466771,0.29003888,26,6
0.008022755,0.042918403,0.4961193,0.514071,0.7043574,0.71698743,0.49618363,0.515913,1.0120966,0.9642639,0.2868653,26,6
-0.038550787,0.08937332,0.5363678,0.44477326,0.73237133,0.6669132,0.53785396,0.45276088,0.9906148,0.95408845,0.28342554,26,6
0.113053694,0.056426436,0.45526552,0.5132013,0.67473364,0.7163807,0.46804667,0.5163852,0.98443186,0.9464018,0.2979188,26,6
-0.100314856,0.030498378,0.5135003,0.499906,0.71658933,0.7070403,0.52356327,0.50083613,1.0243994,0.9752857,0.27058703,26,6
-0.040215746,-0.0027695857,0.5549618,0.46495208,0.74495757,0.681874,0.5565791,0.46495974,1.0215389,0.9784105,0.25347936,28,6
0.0042293016,-0.08342394,0.48292467,0.49831617,0.6949278,0.70591515,0.48294258,0.50527567,0.9882182,0.95629144,0.2715232,28,6
-0.038668796,-0.0062646503,0.53939176,0.49284902,0.73443294,0.7020321,0.540887,0.49288827,1.0337753,0.9788296,0.27507797,28,6
0.0041179545,-0.0016215574,0.51277554,0.50134486,0.71608347,0.7080571,0.51279247,0.5013475,1.01414,0.96189016,0.29817325,28,6
-0.077006504,-0.016042689,0.45922142,0.5118851,0.6776588,0.7154615,0.4651514,0.5121424,0.97729385,0.94415164,0.29303843,28,6
-0.030720394,-0.005526878,0.5258194,0.46094096,0.7251341,0.67892635,0.52676314,0.46097147,0.9877347,0.9411854,0.31922504,28,6
0.011985436,0.038158648,0.50841045,0.49804187,0.7130291,0.70572084,0.5085541,0.49949798,1.0080521,0.9600674,0.2938074,28,6
-0.0916688,0.22110565,0.5154784,0.4625379,0.7179682,0.6801014,0.52388155,0.5114256,1.0353072,0.97482914,0.29157394,28,6
-0.06888815,-0.06704376,0.51295733,0.50328845,0.7162104,0.70942825,0.51770294,0.5077833,1.0254862,0.9709958,0.2874952,30,6
0.012956811,-0.041256294,0.45356652,0.5355398,0.6734735,0.73180586,0.4537344,0.53724194,0.99097633,0.9499456,0.29762322,30,6
-0.07841022,0.03381359,0.5344047,0.4557511,0.73102987,0.6750934,0.54055285,0.45689446,0.99744725,0.95065325,0.30611387,30,6
-0.034929153,-0.016633976,0.4698618,0.5201012,0.6854647,0.72118044,0.47108185,0.5203779,0.9914597,0.9493696,0.30026153,30,6
0.07845797,0.08356929,0.5008555,0.5238354,0.70771146,0.7237648,0.5070112,0.53081924,1.0378304,0.97235096,0.30391458,30,6
0.13382345,-0.05809792,0.5409322,0.4217506,0.7354809,0.6494233,0.5588409,0.425126,0.9839668,0.94771117,0.29293415,30,6
-0.07603817,0.026652116,0.5085974,0.51377493,0.71316016,0.71678096,0.51437914,0.51448524,1.0288644,0.9739007,0.28351697,30,6
-0.103180416,-0.019694012,0.41608673,0.5898671,0.64504784,0.7680281,0.42673296,0.59025496,1.0169878,0.96968114,0.27695903,30,6
0.033586055,0.018790228,0.5247314,0.49399254,0.7243835,0.70284605,0.52585936,0.4943456,1.020205,0.96956766,0.28309616,30,6
0.043437283,-0.052648503,0.49458638,0.50113904,0.70326835,0.70791173,0.4964732,0.50391084,1.0003841,0.9577339,0.28832218,30,6
0.0021370398,0.005978045,0.46085793,0.49172598,0.6788652,0.7012318,0.46086252,0.4917617,0.9526242,0.87235814,0.43773907,-20,6
0.008158925,0.008827338,0.46200836,0.5323411,0.67971194,0.7296171,0.4620749,0.5324191,0.99449396,0.8867525,0.45624998,-20,6
0.058714017,0.029748175,0.49367183,0.48665908,0.7026178,0.69760954,0.4971192,0.48754403,0.9846632,0.8766052,0.46500167,-20,6
0.012010289,-0.012758459,0.47761446,0.5060172,0.69109654,0.7113489,0.47775868,0.5061799,0.9839387,0.8780829,0.4614207,-20,6
-0.0055587105,-0.039310005,0.5293659,0.48614094,0.72757536,0.6972381,0.5293968,0.48768622,1.017083,0.89659584,0.4617348,-20,6
-0.005689715,0.003743223,0.527068,0.49919766,0.7259945,0.7065392,0.5271004,0.4992117,1.0263121,0.9004307,0.46425936,-20,6
-0.027609607,0.01311509,0.4922194,0.498963,0.7015835,0.70637316,0.4929817,0.49913508,0.99211675,0.88393253,0.4591078,-20,6
-0.031629115,-0.012841076,0.52923286,0.4649831,0.7274839,0.6818967,0.53023326,0.465148,0.9953813,0.8764238,0.47672072,-18,6
-0.006144721,0.007354206,0.50739896,0.45958918,0.71231943,0.67793006,0.5074367,0.45964324,0.96708,0.86795115,0.46232113,-18,6
-0.032616884,-0.016812619,0.47308895,0.48319632,0.6878146,0.69512326,0.4741528,0.48347896,0.9576317,0.87094843,0.4461845,-18,6
0.02963769,-0.02712008,0.47254348,0.5165967,0.687418,0.7187466,0.47342184,0.51733214,0.990754,0.88558275,0.4544196,-16,6
-0.0056511187,0.019360833,0.4925417,0.50074613,0.70181316,0.70763415,0.49257368,0.50112104,0.99369466,0.8812727,0.46588945,-16,6
0.010635177,-0.019443428,0.51054895,0.52382433,0.7145271,0.7237571,0.5106621,0.5242024,1.0348644,0.8989575,0.4761722,-16,6
0.009181056,0.0027765287,0.4922222,0.4858083,0.7015855,0.6969995,0.49230647,0.48581597,0.9781225,0.8742758,0.46234655,-16,6
-0.022281064,0.010621023,0.49418223,0.48713923,0.70298094,0.6979536,0.49467868,0.487252,0.98193073,0.8783605,0.4587085,-16,6
0.011481296,-0.02517788,0.5024918,0.4533021,0.70886654,0.67327714,0.5026236,0.453936,0.9565596,0.864737,0.45693496,-16,6
-0.02095031,-0.037675265,0.49420187,0.54151964,0.70299494,0.7358802,0.4946408,0.54293907,1.0375798,0.90674406,0.46410668,-16,6
-0.0038499106,-0.03365192,0.50230765,0.4986747,0.70873666,0.706169,0.50232255,0.49980712,1.0021296,0.8874711,0.46316814,-16,6
0.010847315,0.009206151,0.51416993,0.45498204,0.71705645,0.6745236,0.5142876,0.4550668,0.9693544,0.87320733,0.45482236,-14,6
-0.0028388156,0.027200578,0.55688345,0.47600397,0.7462462,0.68993044,0.55689144,0.47674385,1.0336354,0.897794,0.47707564,-14,6
0.009670556,0.009311354,0.5065079,0.47818202,0.71169364,0.69150704,0.5066014,0.4782687,0.9848701,0.87901735,0.4606503,-14,6
-0.01266917,0.018506732,0.5066863,0.5217682,0.711819,0.7223353,0.5068468,0.5221107,1.0289575,0.9002681,0.46741286,-14,6
-0.0014665341,0.039770585,0.4854949,0.5146625,0.69677466,0.71739984,0.48549706,0.5162442,1.0017413,0.88536704,0.46676165,-12,6
-0.01280893,0.018850977,0.47889596,0.49019676,0.6920231,0.70014054,0.47906,0.4905521,0.9696121,0.86981297,0.4615599,-12,6
-0.009325961,0.0049880054,0.55560195,0.49822766,0.74538714,0.70585245,0.555689,0.4982525,1.0539415,0.9009484,0.49217215,-12,6
0.011964007,0.0018927632,0.47329965,0.5057746,0.6879678,0.7111783,0.4734428,0.5057782,0.979221,0.8807019,0.45120412,-12,6
0.0425929,0.014935887,0.490667,0.5195004,0.7004762,0.72076374,0.49248117,0.5197235,1.0122046,0.88361716,0.48106685,-12,6
0.0013735271,0.02687323,0.48428965,0.5188571,0.6959092,0.72031736,0.48429155,0.5195793,1.0038708,0.8873756,0.4652261,-12,6
-0.009357987,-0.015962688,0.5057411,0.48239213,0.71115476,0.69454455,0.5058287,0.48264694,0.98847556,0.8852748,0.4525087,-12,6
0.041176014,0.006974429,0.504768,0.4632306,0.71047026,0.6806105,0.50646347,0.46327928,0.9697428,0.8679324,0.46522698,-10,6
-0.02080624,-0.0020914478,0.49753806,0.5008279,0.70536375,0.70769197,0.49797097,0.50083226,0.99880326,0.8945212,0.44568494,-10,6
0.021888945,0.032023713,0.48749894,0.5206142,0.69821125,0.721536,0.48797807,0.5216397,1.0096178,0.8934583,0.4597283,-10,6
-0.0107566435,0.0112076625,0.5195775,0.52257407,0.72081727,0.7228928,0.51969326,0.5226996,1.0423928,0.903425,0.47562185,-10,6
-0.033346623,0.011706056,0.49567986,0.51186025,0.70404536,0.7154441,0.49679184,0.5119972,1.0087892,0.88778305,0.4697131,-10,6
0.03837079,-0.030374737,0.46925044,0.494565,0.6850186,0.70325315,0.47072273,0.49548763,0.96621037,0.8733858,0.4510074,-10,6
-0.009961712,-0.008698492,0.5206952,0.49763346,0.7215921,0.7054314,0.52079445,0.49770916,1.0185035,0.89774835,0.461033,-10,6
0.037532352,-0.02884561,0.48590934,0.4937225,0.69707197,0.7026539,0.48731798,0.49455458,0.98187256,0.88372743,0.44821703,-8,6
0.0013113245,0.025520638,0.520288,0.49653047,0.7213099,0.7046492,0.52028966,0.49718177,1.0174716,0.8921238,0.47072977,-8,6
0.0064011505,-0.024643343,0.53481126,0.42758203,0.7313079,0.6538976,0.53485215,0.42818934,0.96304154,0.86864007,0.45662445,-8,6
0.04352346,-0.010718498,0.5128639,0.5133005,0.71614516,0.7164499,0.51475817,0.51341534,1.0281734,0.89700925,0.47280845,-8,6
0.04420799,0.0003587436,0.51005566,0.48503911,0.71418184,0.6964475,0.51201004,0.48503926,0.9970493,0.88578063,0.4609143,-8,6
0.018586751,-0.01270308,0.49170527,0.5349394,0.701217,0.73139554,0.49205077,0.5351008,1.0271516,0.89053404,0.48383948,-8,6
-0.012997499,0.006620773,0.5134623,0.51826656,0.71656287,0.71990734,0.5136312,0.51831037,1.0319417,0.90120625,0.46879512,-8,6
-0.016216818,-0.028065942,0.4996491,0.49403206,0.70685863,0.7028741,0.49991208,0.49481976,0.9947319,0.8867767,0.45646355,-8,6
0.027565025,0.00729757,0.5074178,0.5204853,0.71233267,0.72144663,0.50817764,0.52053857,1.0287162,0.8978528,0.47178018,-8,6
-0.010604599,0.012769348,0.47656873,0.5145863,0.69033957,0.7173467,0.4766812,0.51474935,0.9914305,0.8776,0.4703708,-8,6
0.024136934,-0.04942852,0.5321646,0.47380048,0.7294961,0.68833166,0.5327472,0.47624367,1.0089909,0.8882582,0.46902895,-8,6
-0.035669044,-0.010548176,0.54580605,0.47973675,0.7387869,0.6926303,0.5470783,0.479848,1.0269263,0.9011142,0.4635941,-8,6
-0.022737566,-0.0046476014,0.48649946,0.5179887,0.6974951,0.7197143,0.48701644,0.51801026,1.0050268,0.8903626,0.46073967,-6,6
-0.018341053,0.02021621,0.50358784,0.48853323,0.70963925,0.69895154,0.50392425,0.48894194,0.99286616,0.89038676,0.4473003,-6,6
-0.011603946,-0.04814368,0.4974985,0.5010625,0.70533574,0.70785767,0.49763316,0.5033804,1.0010135,0.8895722,0.4579026,-6,6
0.06270967,0.009998161,0.5176616,0.50714886,0.719487,0.71214384,0.52159405,0.50724876,1.0288429,0.90239495,0.46316966,-6,6
0.020831723,-0.0023914939,0.5132388,0.49839175,0.7164069,0.7059687,0.5136727,0.49839747,1.0120702,0.8882667,0.4722843,-6,6
0.04865758,-0.01914518,0.5222883,0.5095566,0.7226952,0.7138323,0.52465594,0.5099231,1.034579,0.89809936,0.4774898,-6,6
0.059475295,0.023619594,0.509997,0.51325023,0.7141408,0.71641487,0.5135343,0.5138081,1.0273424,0.8926979,0.48003426,-4,6
0.025784066,-0.043943495,0.49369514,0.5180277,0.70263445,0.7197414,0.49436,0.51995873,1.0143187,0.90183246,0.4483491,-4,6
0.019043516,0.034735486,0.49185634,0.4910594,0.7013247,0.7007563,0.49221897,0.49226594,0.9844849,0.87708926,0.46389595,-4,6
0.07114107,0.030298743,0.5200689,0.48854223,0.721158,0.698958,0.5251299,0.4894602,1.0145901,0.8909302,0.4699294,-4,6
-0.043602787,-0.041467234,0.46239185,0.52664435,0.679994,0.72570264,0.46429303,0.5283639,0.99265695,0.8842849,0.4590175,-4,6
-0.003004401,0.02735293,0.49529344,0.5073236,0.7037709,0.71226656,0.49530244,0.5080718,1.0033743,0.89763176,0.4445577,-4,6
-0.00863339,-0.0005355859,0.530143,0.5361061,0.7281092,0.7321927,0.5302175,0.53610635,1.066324,0.91866064,0.47157887,-4,6
0.05941015,-0.0009966269,0.49890855,0.5284488,0.7063346,0.72694486,0.5024381,0.5284499,1.030888,0.8923384,0.484376,-4,6
0.011621743,-0.05114256,0.43767828,0.5237681,0.6615726,0.7237183,0.43781334,0.52638364,0.96419704,0.87607366,0.44349962,-2,6
-0.03431483,-0.009204645,0.5221609,0.49950537,0.722607,0.70675695,0.52333844,0.4995901,1.0229285,0.8982338,0.46487054,-2,6
0.07338012,0.008809712,0.468971,0.5424136,0.6848146,0.7364873,0.47435567,0.5424912,1.0168469,0.903404,0.44800457,-2,6
-0.017952716,0.021925941,0.5070846,0.4922421,0.7120987,0.70159966,0.50740695,0.49272284,1.0001297,0.8932712,0.4496625,-2,6
-0.039310846,-0.05522675,0.5018585,0.48075974,0.7084197,0.6933684,0.5034038,0.4838097,0.9872135,0.8817308,0.4580004,-2,6
-0.013815592,0.050536815,0.5115756,0.44972688,0.7152451,0.6706168,0.51176643,0.45228088,0.9640473,0.8769934,0.44150865,-2,6
0.04131599,-0.0008540973,0.4617946,0.5051025,0.6795547,0.71070564,0.46350163,0.5051033,0.9686049,0.87732005,0.44599828,-2,6
0.014733616,0.052875288,0.47461683,0.5054196,0.6889244,0.7109287,0.4748339,0.50821537,0.98304933,0.8866927,0.44365013,-2,6
-0.0068977363,0.13764517,0.50276035,0.47479528,0.70905596,0.6890539,0.502808,0.4937415,0.9965494,0.8985458,0.43493086,0,6
-0.042767942,-0.09008174,0.4932378,0.51720923,0.7023089,0.7191726,0.49506688,0.525324,1.0203909,0.9138633,0.43040067,0,6
-0.0780337,-0.03968413,0.5567133,0.44577888,0.7461322,0.66766673,0.5628025,0.44735372,1.0101562,0.9063257,0.4344306,0,6
-0.04469323,0.038475472,0.56947327,0.48528007,0.7546345,0.69662046,0.5714707,0.4867604,1.0582311,0.92562085,0.44883978,0,6
0.017525569,0.07974374,0.5022007,0.4813073,0.7086612,0.69376314,0.50250787,0.4876664,0.9901743,0.8989265,0.42673802,0,6
0.038958944,-0.01583922,0.5246613,0.47069326,0.7243351,0.68607086,0.5261791,0.47094417,0.9971232,0.90617484,0.41948822,0,6
-0.038626697,0.033050578,0.49331293,0.48994353,0.7023624,0.6999597,0.49480492,0.49103588,0.9858408,0.8912077,0.4377096,0,6
0.018265354,0.061244152,0.48076037,0.48458284,0.69336885,0.69611984,0.48109394,0.48833367,0.9694277,0.89168215,0.41752917,0,6
0.010841751,-0.040879205,0.50433934,0.51698273,0.71016854,0.7190151,0.5044569,0.51865387,1.0231107,0.9242463,0.4109494,2,6
-0.042455263,-0.008371357,0.45149657,0.53282326,0.67193496,0.72994745,0.45329902,0.5328934,0.9861924,0.90848947,0.40104774,2,6
0.04887267,-0.0114061665,0.47456202,0.5040959,0.6888846,0.7099971,0.47695053,0.50422597,0.98117656,0.9083414,0.39508536,2,6
-0.00012118369,-0.090758376,0.5250975,0.48769474,0.72463614,0.69835144,0.5250974,0.49593183,1.0210292,0.93186367,0.3907165,2,6
0.0720371,0.07662392,0.4527472,0.52856666,0.6728649,0.7270259,0.45793653,0.5344379,0.9923744,0.91178596,0.40127409,2,6
0.029116014,0.010183731,0.50507283,0.48938602,0.7106848,0.6995613,0.5059205,0.48948967,0.9954102,0.91925246,0.38779527,2,6
-0.044385355,0.010799674,0.5008044,0.48363057,0.70767534,0.6954355,0.5027745,0.48374718,0.98652166,0.9276038,0.3550674,4,6
-0.03232569,-0.07363348,0.48878384,0.52027404,0.6991308,0.72130024,0.48982877,0.5256959,1.0155246,0.95138246,0.3322591,4,6
-0.036231883,-0.04380176,0.5035867,0.5464524,0.7096384,0.7392242,0.5048995,0.54837096,1.0532705,0.96567917,0.34746838,4,6
-0.018244933,0.056031592,0.4753248,0.5399459,0.68943805,0.7348101,0.47565767,0.54308546,1.018743,0.95481896,0.3272061,4,6
0.038425714,0.101819925,0.47663087,0.52339506,0.69038457,0.7234605,0.4781074,0.5337624,1.0118698,0.94596386,0.342085,4,6
0.05077503,0.006564755,0.5218028,0.4750422,0.7223592,0.68923306,0.5243809,0.47508532,0.9994662,0.9389942,0.343156,4,6
-0.00955816,-0.028626999,0.48041952,0.5122914,0.69312304,0.71574533,0.4805109,0.5131109,0.9936218,0.9376906,0.3381687,4,6
0.0655499,0.055240057,0.49647248,0.4939412,0.704608,0.7028095,0.50076926,0.49699268,0.9977619,0.9367168,0.34687704,4,6
0.07539794,0.15189609,0.48885125,0.52181375,0.699179,0.72236675,0.49453607,0.54488623,1.0394223,0.9647051,0.3297974,4,6
0.041150033,-0.081967376,0.50973564,0.51348746,0.7139577,0.7165804,0.51142895,0.5202061,1.031635,0.9561579,0.34263265,4,6
0.07147956,0.020570006,0.5328528,0.47288325,0.7299677,0.68766505,0.5379622,0.47330636,1.0112685,0.95818454,0.3052065,6,6
0.026360884,0.030774098,0.5011841,0.4909692,0.70794356,0.70069194,0.50187904,0.49191624,0.9937953,0.9482504,0.30759797,6,6
-0.009994596,0.058705717,0.45954305,0.50767934,0.677896,0.7125162,0.45964298,0.5111257,0.9707687,0.92697775,0.33388752,6,6
-0.077894844,0.045609623,0.5240891,0.449082,0.72393996,0.6701358,0.53015673,0.45116222,0.9813189,0.9330076,0.33288994,6,6
0.09478951,0.044229947,0.46048868,0.5483564,0.67859316,0.74051094,0.46947375,0.55031276,1.0197865,0.96438175,0.29959014,6,6
0.028701931,-0.0073681604,0.46747774,0.5134803,0.68372345,0.7165754,0.46830156,0.51353455,0.98183614,0.94386035,0.30160204,6,6
-0.0053873844,-0.13303068,0.5518551,0.45050323,0.7428695,0.6711954,0.5518841,0.4682004,1.0200845,0.95906186,0.31667784,6,6
0.14533007,0.075491026,0.47768128,0.49285704,0.6911449,0.70203775,0.4988021,0.4985559,0.997358,0.95586634,0.28927067,6,6
0.033643357,0.05039961,0.48926428,0.5256373,0.6994743,0.7250085,0.49039614,0.52817744,1.0185735,0.9649987,0.29555234,8,6
-0.072608866,0.15421855,0.46860316,0.50453717,0.68454593,0.7103078,0.4738752,0.52832055,1.0021957,0.9588248,0.28783807,8,6
-0.091739655,-0.07932246,0.4625125,0.52941144,0.68008274,0.72760665,0.47092864,0.5357035,1.0066321,0.95093894,0.3199176,8,6
-0.12212271,0.03891421,0.51052743,0.47608626,0.71451205,0.68999004,0.52544135,0.4776006,1.003042,0.9613385,0.28083828,8,6
-0.03662034,-0.05707183,0.45579845,0.49819684,0.67512846,0.7058306,0.4571395,0.50145406,0.9585936,0.9372468,0.283129,8,6
-0.046792027,0.025275927,0.46261078,0.5426828,0.680155,0.7366701,0.46480033,0.5433217,1.008122,0.96307516,0.2839158,8,6
0.05014977,0.03224116,0.5169356,0.4833536,0.71898234,0.6952364,0.5194506,0.48439312,1.0038438,0.95305866,0.30906782,8,6
-0.06764913,0.04433752,0.5774012,0.43617898,0.7598692,0.6604385,0.5819776,0.4381448,1.0201224,0.96732867,0.29051295,8,6
-0.002544771,-0.01373229,0.46870822,0.53046376,0.6846227,0.7283294,0.4687147,0.5306523,0.99936694,0.9527228,0.30279735,8,6
-0.06342646,0.03299606,0.48970157,0.5173543,0.6997868,0.71927345,0.49372447,0.518443,1.0121675,0.9554686,0.31503537,8,6
0.038326815,-0.06112039,0.47810546,0.49736452,0.6914517,0.7052407,0.47957438,0.5011002,0.9806746,0.9440481,0.29907802,10,6
0.06731181,-0.0619756,0.4877891,0.5013624,0.698419,0.7080695,0.49231994,0.50520337,0.9975233,0.9579873,0.28245994,10,6
0.013005635,-0.017110443,0.53286034,0.46345338,0.72997284,0.6807741,0.53302956,0.4637462,0.9967756,0.9586574,0.2788397,10,6
0.020732414,-0.011279196,0.49129525,0.50733435,0.7009246,0.7122741,0.49172506,0.50746155,0.99918664,0.9523104,0.3037953,10,6
0.09994508,-0.10521102,0.5087915,0.5063294,0.71329623,0.7115683,0.5187806,0.51739883,1.0361794,0.9779701,0.2824069,10,6
-0.014862634,0.024525553,0.40835828,0.59070617,0.63902915,0.7685741,0.40857917,0.59130764,0.9998868,0.96327484,0.2683064,10,6
-0.13392517,-0.036662083,0.5009239,0.49821582,0.70775974,0.70584404,0.51885986,0.49955994,1.0184199,0.96305686,0.30156466,10,6
0.013124762,0.04219097,0.5628085,0.42754495,0.75020564,0.6538692,0.5629808,0.42932504,0.9923059,0.9483821,0.30475765,10,6
0.0066629723,0.045836784,0.50671244,0.49867642,0.71183735,0.70617026,0.5067568,0.5007774,1.0075343,0.9584318,0.29823273,10,6
-0.016447652,0.029576913,0.48582655,0.53216773,0.6970126,0.72949827,0.48609704,0.53304255,1.0191395,0.965895,0.29357535,10,6
-0.01918011,0.023404505,0.47656867,0.48326373,0.6903395,0.6951717,0.47693652,0.48381147,0.96074796,0.93047154,0.3081731,10,6
0.11405268,-0.12954205,0.5516919,0.4198285,0.74275964,0.64794177,0.5646999,0.43660966,1.0013095,0.95900375,0.28569454,10,6
0.111046836,-0.0012534866,0.5308449,0.47594017,0.7285911,0.6898842,0.5431763,0.47594175,1.0191181,0.9716307,0.27395594,10,6
-0.012386316,-0.001477886,0.5477173,0.44097906,0.7400792,0.66406256,0.54787076,0.44098127,0.98885196,0.94859505,0.29836127,12,6
0.082078554,0.030688467,0.46737808,0.5235462,0.68365055,0.7235649,0.47411495,0.524488,0.9986029,0.95878655,0.2816581,12,6
-0.09585311,0.10851103,0.58075315,0.42222172,0.7620716,0.6497859,0.5899409,0.43399635,1.0239372,0.9686447,0.29268542,12,6
0.15852351,0.09704443,0.5037116,0.49313262,0.7097264,0.702234,0.52884126,0.5025502,1.0313915,0.9737692,0.28838357,12,6
0.051260345,-0.0605345,0.52207035,0.4857962,0.7225444,0.69699085,0.52469796,0.4894606,1.0141586,0.962845,0.29510665,12,6
-0.003127329,0.041094147,0.4485045,0.54983616,0.6697048,0.7415094,0.44851434,0.5515249,1.0000392,0.9606488,0.2778365,12,6
-0.017871886,-0.066709585,0.48080316,0.49960876,0.6933997,0.7068301,0.48112255,0.5040589,0.98518145,0.9478736,0.29447773,12,6
-0.09555115,-0.030967105,0.5412812,0.4545581,0.7357182,0.67420924,0.5504112,0.45551705,1.0059283,0.95883286,0.2942241,14,6
0.058131855,0.06615175,0.5069974,0.47758037,0.7120375,0.6910719,0.5103767,0.48195642,0.9923331,0.95469695,0.28440616,14,6
-0.07825743,0.07094471,0.47645593,0.48517865,0.69025785,0.6965477,0.48258016,0.49021178,0.97279197,0.9435636,0.2871929,14,6
0.016361928,-0.046955988,0.46480846,0.55772513,0.68176866,0.74680996,0.46507618,0.55993,1.0250062,0.97549117,0.27096722,14,6
-0.09133957,0.012147438,0.48451933,0.5263641,0.69607425,0.7255095,0.49286228,0.52651167,1.019374,0.9743918,0.26445118,14,6
-0.009034075,0.024147218,0.48612374,0.55569816,0.69722575,0.7454516,0.48620534,0.5562812,1.0424865,0.9810449,0.28290904,14,6
-0.12126778,-0.12039161,0.4340242,0.54447615,0.65880513,0.73788625,0.4487301,0.5589702,1.0077003,0.95846313,0.29841048,14,6
-0.0391186,0.022262301,0.5711581,0.45956057,0.75575006,0.67790896,0.5726884,0.46005616,1.0327446,0.9778194,0.27679205,14,6
-0.012996322,-0.045671243,0.46328405,0.5323748,0.6806497,0.7296402,0.463453,0.53446066,0.9979136,0.95356584,0.29770088,16,7
-0.0822112,-0.07702538,0.4843018,0.5136652,0.69591796,0.7167044,0.4910605,0.5195981,1.0106587,0.963992,0.28526857,16,7
-0.042767696,-0.0600773,0.49392095,0.5049225,0.7027951,0.710579,0.49575004,0.5085318,1.0042819,0.9579024,0.29445696,16,7
0.026508123,0.024164708,0.43237767,0.5763569,0.6575543,0.75918174,0.43308032,0.57694083,1.0100212,0.9608461,0.29461148,16,7
0.0037628287,-0.07189131,0.48886365,0.5361457,0.6991879,0.7322197,0.48887777,0.54131407,1.0301919,0.9677452,0.30604103,16,7
0.10439491,0.033303317,0.46254343,0.51725316,0.68010545,0.7192031,0.4734417,0.5183623,0.991804,0.9515729,0.29379085,16,7
-0.05007807,-0.061364435,0.5038008,0.50376683,0.7097893,0.7097653,0.5063087,0.5075325,1.013841,0.9673006,0.2795903,16,7
-0.0040554293,-0.058347974,0.44160396,0.5503674,0.6645329,0.74186754,0.4416204,0.5537719,0.9953923,0.9589733,0.2752502,16,7
-0.07544176,0.0071672983,0.45595065,0.51224107,0.6752412,0.71571016,0.46164215,0.5122924,0.9739346,0.9417416,0.29505497,18,7
0.03615816,-0.040547043,0.44619825,0.5666407,0.66798073,0.7527554,0.44750568,0.56828475,1.0157905,0.9626968,0.29833755,18,7
-0.03449714,0.16972257,0.48579246,0.5084939,0.6969881,0.71308756,0.48698246,0.5372996,1.0242822,0.97278905,0.27921945,18,7
-0.016843494,0.09647735,0.48944044,0.49615788,0.6996002,0.70438474,0.48972413,0.50546575,0.9951899,0.9586817,0.27589703,18,7
-0.03319904,-0.029304955,0.48263556,0.5286373,0.6947198,0.72707444,0.4837377,0.5294961,1.0132338,0.96708804,0.2792392,18,7
0.15618992,-0.015133585,0.4956406,0.48510194,0.70401746,0.6964926,0.5200359,0.48533097,1.0053668,0.9646936,0.27337337,18,7
-0.10218526,-0.08101694,0.5338306,0.45385826,0.73063713,0.67369,0.5442724,0.46042198,1.0046945,0.9618306,0.2820926,18,7
-0.04237611,-0.008583881,0.47861212,0.5435877,0.691818,0.737284,0.4804079,0.54366136,1.0240692,0.971843,0.28211766,20,7
0.05271227,0.02475889,0.5194427,0.4768941,0.7207237,0.6905752,0.52222127,0.4775071,0.9997284,0.95386124,0.2997951,20,7
0.089060545,0.029041434,0.47434813,0.5135557,0.68872935,0.716628,0.48227993,0.5143991,0.99667907,0.9560921,0.28734457,20,7
-0.113719374,0.035509348,0.5051944,0.4777216,0.7107703,0.6911741,0.51812655,0.4789825,0.99710906,0.9542714,0.29406655,20,7
-0.10246165,0.045801498,0.47735584,0.52322024,0.69090945,0.7233396,0.48785418,0.525318,1.0131723,0.96751124,0.27765843,20,7
0.025942933,-0.059158094,0.5048819,0.4585898,0.7105504,0.67719257,0.5055549,0.46208948,0.9676444,0.93972874,0.2907822,20,7
0.050463527,-0.054722838,0.46912497,0.50723594,0.684927,0.712205,0.47167158,0.51023054,0.98190206,0.9505795,0.27982235,20,7
-0.03682317,-0.03263827,0.5838627,0.44171447,0.7641091,0.66461605,0.58521867,0.44277975,1.0279984,0.97054905,0.29331365,20,7
0.0067081805,0.08068699,0.453538,0.52818483,0.6734523,0.72676325,0.453583,0.5346952,0.98827815,0.954402,0.27819952,20,7
-0.0101830885,-0.016812205,0.4717015,0.5251452,0.6868053,0.724669,0.4718052,0.5254278,0.99723303,0.95319855,0.2977339,22,7
0.034252107,0.06956515,0.48800448,0.52160066,0.6985732,0.7222193,0.4891777,0.52643996,1.0156176,0.971815,0.2668206,22,7
-0.10701473,-0.01632319,0.49263215,0.48976302,0.7018776,0.6998307,0.50408435,0.49002945,0.99411374,0.9549864,0.28655675,22,7
0.07082049,-0.09431463,0.45144957,0.5374151,0.6719,0.733086,0.45646513,0.54631037,1.0027754,0.9536611,0.30546042,22,7
-0.020615067,0.107130244,0.5525199,0.44910586,0.7433168,0.6701536,0.5529449,0.46058276,1.0135276,0.96962273,0.27084953,22,7
-0.055768415,-0.09889415,0.4828914,0.534957,0.6949039,0.7314075,0.48600152,0.5447371,1.0307386,0.9706246,0.29770193,22,7
-0.047384344,0.05870364,0.41506726,0.57803094,0.6442571,0.76028347,0.4173125,0.58147705,0.99878955,0.95940685,0.2798713,22,7
0.06105994,0.029441036,0.542614,0.45905855,0.73662335,0.6775386,0.5463423,0.45992532,1.0062677,0.96233463,0.28316018,22,7
-0.07909872,0.088539004,0.536937,0.48418307,0.73275983,0.69583267,0.5431936,0.49202222,1.0352159,0.97494674,0.2910237,24,7
0.15230678,-0.0042037927,0.49064255,0.5261669,0.7004588,0.7253736,0.5138399,0.52618456,1.0400244,0.9838138,0.26857924,24,7
0.005852245,0.047181863,0.5118634,0.5032655,0.7154463,0.7094121,0.5118977,0.5054916,1.0173893,0.96900535,0.28003216,24,7
0.04144923,0.09566647,0.48810318,0.49654123,0.6986438,0.70465684,0.48982123,0.5056933,0.99551445,0.95749074,0.28058136,24,7
0.06358042,-0.0459354,0.52495587,0.45870256,0.7245384,0.67727584,0.5289983,0.46081266,0.98981094,0.9520595,0.28877974,24,7
0.017501548,0.08752693,0.4174937,0.5643271,0.64613754,0.75121707,0.4178,0.5719881,0.9897881,0.9530362,0.28549978,24,7
0.049425162,-0.04631071,0.5074034,0.49377948,0.71232253,0.7026944,0.50984627,0.49592414,1.0057704,0.96008044,0.289855,24,7
-0.12147494,0.07190539,0.51554453,0.4923226,0.7180143,0.70165706,0.53030074,0.497493,1.0277936,0.97893065,0.2636068,26,7
0.04535302,0.056555774,0.55844843,0.4850073,0.74729407,0.69642466,0.56050533,0.48820585,1.0487112,0.98399544,0.28366193,26,7
-0.08708944,-0.15729187,0.4931149,0.45439184,0.7022214,0.6740859,0.50069946,0.47913253,0.97983205,0.9408854,0.3075168,26,7
0.02479795,0.03551029,0.4827982,0.49243322,0.6948368,0.70173585,0.48341316,0.4936942,0.9771074,0.94549704,0.28834483,28,7
-0.06342492,-0.019441277,0.48043153,0.5246581,0.6931317,0.72433287,0.48445427,0.52503604,1.0094903,0.95843863,0.30147257,28,7
-0.018877441,0.026579231,0.48205742,0.4898988,0.6943036,0.6999277,0.4824138,0.49060524,0.973019,0.9426298,0.290634,28,7
0.032928206,0.16021562,0.46056342,0.5426494,0.67864823,0.7366474,0.4616477,0.56831837,1.0299661,0.97652346,0.27634758,28,7
-0.0041925088,-0.08243122,0.5240186,0.44280165,0.72389126,0.6654334,0.52403617,0.44959658,0.9736327,0.9450494,0.2837503,28,7
-0.106420994,-0.033670332,0.4249732,0.5619135,0.6518997,0.7496089,0.43629864,0.5630472,0.9993457,0.9582834,0.28467283,28,7
0.062433284,-0.0024926085,0.48902035,0.4927788,0.6992999,0.7019821,0.49291825,0.49278504,0.9857033,0.94915485,0.29121864,28,7
0.009725906,0.095876575,0.53381693,0.46326834,0.7306278,0.6806382,0.5339115,0.47246066,1.0063722,0.9661409,0.2700813,28,7
-0.04388197,-0.093819365,0.49528372,0.49594155,0.70376396,0.7042312,0.49720934,0.5047436,1.0019529,0.9624686,0.27496755,28,7
0.04107172,-0.05902261,0.48793444,0.52531,0.69852304,0.7247827,0.48962134,0.5287937,1.018415,0.9666951,0.289682,28,7
0.07235882,0.018381521,0.45470893,0.5397965,0.6743211,0.7347084,0.45994473,0.5401343,1.000079,0.9597063,0.28114554,28,7
-0.15157788,-0.047787547,0.47750175,0.5073482,0.691015,0.7122838,0.50047755,0.5096318,1.0101094,0.9570636,0.30682036,28,7
0.009692179,-0.037658975,0.46202973,0.54554045,0.6797277,0.7386071,0.46212366,0.5469587,1.0090823,0.9680422,0.2682847,30,7
0.059933376,0.083496734,0.52895594,0.4733101,0.72729355,0.68797535,0.53254795,0.48028183,1.0128298,0.9713063,0.2634269,30,7
0.017193034,-0.07926896,0.5440619,0.474625,0.7376055,0.68893033,0.5443574,0.48090857,1.025266,0.96893716,0.29398438,30,7
-0.08225083,0.006315008,0.4780472,0.51967406,0.6914096,0.7208842,0.48481238,0.51971394,1.0045264,0.96182126,0.28182656,30,7
0.16069968,-0.020300975,0.4350494,0.52561307,0.65958273,0.7249918,0.46087378,0.5260251,0.98689896,0.9468582,0.30059674,30,7
-0.008478008,0.016792351,0.4568593,0.53418565,0.6759137,0.73088,0.45693117,0.53446764,0.9913989,0.9522829,0.2907853,30,7
-0.03925261,0.00839616,0.49513668,0.48293483,0.7036595,0.69493514,0.49667746,0.48300534,0.9796828,0.87969893,0.45366585,-20,7
0.01541788,-0.008763912,0.49728018,0.49483043,0.70518094,0.70344186,0.4975179,0.4949072,0.9924251,0.8801242,0.46669742,-20,7
-0.006893718,0.032240286,0.492023,0.5192447,0.7014435,0.72058636,0.4920705,0.52028406,1.0123546,0.8969015,0.455985,-20,7
0.017119087,0.007006551,0.47745025,0.49374312,0.69097775,0.70266855,0.47774333,0.49379224,0.9715356,0.8722664,0.45900646,-20,7
-0.032411423,-0.019122554,0.48257962,0.49733895,0.6946795,0.7052226,0.48363012,0.49770468,0.98133475,0.8706695,0.4725139,-20,7
-0.011459546,-0.023719883,0.50367516,0.48652565,0.70970076,0.69751394,0.5038065,0.48708826,0.99089473,0.88725287,0.451306,-20,7
0.021383082,0.016401153,0.48103505,0.49813336,0.6935669,0.70578563,0.4814923,0.4984024,0.97989464,0.877131,0.45884186,-18,7
0.016498055,-0.002751382,0.49900338,0.5151129,0.7064017,0.71771365,0.49927557,0.5151204,1.0143961,0.89799964,0.456062,-18,7
-0.038342826,-0.0054411814,0.49609166,0.52551615,0.7043378,0.7249249,0.49756184,0.5255457,1.0231075,0.90365577,0.4544379,-18,7
-0.0035634465,0.013356532,0.4827214,0.509102,0.69478154,0.71351385,0.4827341,0.5092803,0.9920144,0.87908995,0.46820438,-18,7
0.040270157,0.028253976,0.48695016,0.49785113,0.69781816,0.70558566,0.48857188,0.4986494,0.98722124,0.8715527,0.47709224,-18,7
0.0036417525,-0.007645901,0.48600727,0.5218191,0.69714224,0.7223705,0.4860205,0.5218776,1.0078981,0.8914006,0.46184748,-18,7
-0.01331952,-0.0027000024,0.49702635,0.49708894,0.70500094,0.70504534,0.49720377,0.49709624,0.9943,0.87859845,0.47155553,-18,7
-0.027018834,-0.011591654,0.4780512,0.50869703,0.69141245,0.71323,0.47878116,0.5088314,0.98761255,0.88085365,0.46011877,-18,7
0.019678418,-0.020047568,0.47997314,0.4700208,0.69280094,0.6855806,0.4803604,0.4704227,0.9507831,0.8607234,0.45819032,-18,7
0.017393798,0.032538038,0.5360445,0.49118268,0.7321506,0.7008443,0.53634703,0.49224138,1.0285885,0.9076028,0.45259872,-18,7
0.014720889,0.013627514,0.4949678,0.5243964,0.7035395,0.7241522,0.49518448,0.52458215,1.0197667,0.8974118,0.46305358,-16,7
-0.01154696,0.01873758,0.5154139,0.5059234,0.7179233,0.7112829,0.51554716,0.50627446,1.0218217,0.8989302,0.46232688,-16,7
-0.023063801,-0.006534761,0.5085617,0.48787367,0.7131351,0.69847953,0.5090936,0.48791638,0.99701,0.8830819,0.46602178,-16,7
-0.0056159864,-0.024887841,0.49639308,0.50105333,0.7045517,0.70785123,0.49642462,0.50167274,0.9980973,0.88178056,0.46963856,-16,7
-0.0005232617,0.017881833,0.524496,0.4838615,0.724221,0.6956015,0.5244963,0.48418123,1.0086776,0.888643,0.4679649,-16,7
-0.005785093,0.025987279,0.54484665,0.49498293,0.7381373,0.7035502,0.54488015,0.49565828,1.0405385,0.89935,0.48136064,-16,7
-0.009890953,-0.028992996,0.4755844,0.52277786,0.6896263,0.7230338,0.4756822,0.52361846,0.9993006,0.88822883,0.45863947,-14,7
0.014585519,-0.00634933,0.50118244,0.54256177,0.7079424,0.73658794,0.5013951,0.54260206,1.0439972,0.9041071,0.4760121,-14,7
-0.041389387,-0.0030390527,0.48353916,0.47434425,0.6953698,0.68872654,0.48525223,0.4743535,0.95960575,0.87589294,0.43865407,-14,7
0.025972638,0.002239016,0.54499286,0.483232,0.7382363,0.6951489,0.5456674,0.483237,1.0289044,0.9024066,0.4632136,-12,7
0.010738417,-0.030767955,0.4925361,0.50005376,0.70180917,0.7071448,0.4926514,0.50100046,0.99365187,0.88704205,0.45476183,-12,7
-0.040328152,0.0015579578,0.47770238,0.51358104,0.69116014,0.71664566,0.47932872,0.5135835,0.99291223,0.8805707,0.46637687,-12,7
0.006331265,0.015993152,0.51975834,0.4968235,0.7209427,0.70485705,0.5197984,0.49707934,1.0168778,0.8912654,0.47172412,-12,7
-0.014156543,-0.03851069,0.48611063,0.53409827,0.69721633,0.7308203,0.48631108,0.53558135,1.0218924,0.89448345,0.47094774,-12,7
-0.04095546,-0.028753504,0.5128222,0.48294714,0.7161161,0.69494396,0.51449955,0.48377395,0.9982735,0.88829446,0.45739087,-12,7
-0.011708366,-0.008456001,0.4995918,0.5134733,0.7068181,0.7165705,0.49972886,0.5135448,1.0132737,0.8906559,0.46904764,-12,7
0.0056623267,0.0035856334,0.5143194,0.5040313,0.71716064,0.70995164,0.5143515,0.5040442,1.0183957,0.8947306,0.46674702,-10,7
0.005841202,-0.020404955,0.51341486,0.487548,0.7165297,0.69824636,0.513449,0.48796436,1.0014133,0.88845325,0.46050432,-10,7
-0.03997098,0.030401645,0.45839137,0.50135815,0.67704606,0.70806646,0.459989,0.5022824,0.96227145,0.8771391,0.4392021,-10,7
-0.006616459,-0.06336102,0.4923881,0.50494504,0.7017037,0.71059483,0.49243188,0.50895965,1.0013914,0.88785034,0.4616419,-10,7
0.021883331,0.033043995,0.52054965,0.48379946,0.7214913,0.69555694,0.5210285,0.4848914,1.0059199,0.88758904,0.4670179,-10,7
0.015913596,0.016619457,0.44107157,0.51711357,0.6641322,0.7191061,0.4413248,0.5173898,0.9587146,0.86836976,0.45238099,-10,7
0.006378304,0.046214975,0.4641046,0.49781114,0.68125224,0.70555735,0.46414524,0.49994695,0.96409225,0.8708699,0.45351726,-10,7
-0.0024429467,-0.013560393,0.49689925,0.48209876,0.7049108,0.6943333,0.4969052,0.48228264,0.9791878,0.88101625,0.45055327,-10,7
0.010032276,0.022583589,0.50727296,0.50208807,0.712231,0.70858175,0.5073736,0.5025981,1.0099716,0.89677966,0.45360535,-10,7
0.028676784,-0.023682112,0.49947932,0.48662084,0.70673853,0.6975821,0.5003016,0.48718172,0.9874834,0.87553823,0.4700172,-10,7
-0.017298598,0.050778616,0.51510155,0.49510953,0.7177057,0.7036402,0.5154008,0.497688,1.0130888,0.8921533,0.46599498,-8,7
-0.02761532,0.036744535,0.47476715,0.53945565,0.6890335,0.73447645,0.47552976,0.5408058,1.0163355,0.89609736,0.46189296,-8,7
0.021859514,0.035276406,0.47032064,0.5028849,0.6857993,0.7091438,0.47079846,0.5041294,0.9749278,0.8747082,0.4580539,-8,7
0.009590286,-0.025907235,0.4833033,0.47940308,0.6952002,0.69238937,0.48339528,0.48007426,0.9634695,0.8668236,0.46052828,-8,7
-0.0017395727,0.03197784,0.47977406,0.4930618,0.69265723,0.7021836,0.47977713,0.4940844,0.9738615,0.8690915,0.4674841,-8,7
5.964376e-05,0.051496185,0.45373207,0.54998314,0.6735964,0.7416085,0.45373207,0.552635,1.0063671,0.88795084,0.46680874,-8,7
-0.021985333,-0.015572691,0.48180047,0.5048213,0.6941185,0.71050775,0.48228383,0.5050638,0.9873476,0.88063633,0.460247,-8,7
-0.008467201,-0.010859236,0.46991193,0.52496225,0.6855012,0.7245428,0.46998364,0.5250802,0.9950639,0.8802672,0.4692478,-8,7
0.028701771,-0.04750552,0.4948509,0.4953762,0.7034564,0.70382965,0.49567467,0.49763295,0.9933077,0.89048004,0.447608,-8,7
-0.0069889612,-0.053847603,0.4821897,0.5234304,0.6943988,0.72348493,0.48223853,0.52633,1.0085685,0.8898262,0.46559405,-6,7
0.03082184,0.005656104,0.52962196,0.5131567,0.7277513,0.7163496,0.53057194,0.5131887,1.0437605,0.89913183,0.48510063,-6,7
-0.014579959,-0.02492509,0.48268688,0.52717435,0.6947567,0.7260677,0.4828995,0.52779555,1.010695,0.89394104,0.4599614,-6,7
-0.013696301,0.016201427,0.49797773,0.48757613,0.70567536,0.6982665,0.49816537,0.48783863,0.986004,0.8788712,0.4621573,-6,7
0.05009742,-0.06290619,0.48439327,0.5132369,0.69598365,0.7164055,0.486903,0.5171941,1.0040971,0.88058645,0.47818893,-6,7
0.057993755,-0.011808604,0.50049126,0.54315,0.7074541,0.7369871,0.5038545,0.5432894,1.0471439,0.89751184,0.49154496,-6,7
0.009342015,0.03977208,0.4943031,0.4974244,0.70306695,0.7052832,0.49439037,0.4990062,0.99339664,0.8869775,0.45460704,-6,7
0.0558011,-0.011274089,0.49194974,0.48144987,0.7013913,0.6938659,0.49506348,0.48157698,0.9766405,0.8743616,0.46057826,-6,7
-0.026227323,-0.016575556,0.4917831,0.4867785,0.7012725,0.69769514,0.49247095,0.48705322,0.9795242,0.8759583,0.46067476,-6,7
0.043523554,-0.023688395,0.46352214,0.48133326,0.6808246,0.69378185,0.46541643,0.48189443,0.94731086,0.86563367,0.44495976,-6,7
0.00940267,-0.056741938,0.48412442,0.5121863,0.6957905,0.7156719,0.48421282,0.5154059,0.9996187,0.87942827,0.47563094,-6,7
-0.0006465707,0.045324296,0.487832,0.47750556,0.69844973,0.69101775,0.4878325,0.47955984,0.9673923,0.86939764,0.45993474,-6,7
0.007941635,0.019229174,0.49219018,0.510666,0.70156264,0.71460897,0.49225324,0.5110358,1.003289,0.8910973,0.45742175,-6,7
0.03418971,0.00027238298,0.49047458,0.48393604,0.7003389,0.6956551,0.49164352,0.48393613,0.9755796,0.8741282,0.45986906,-4,7
0.02148914,-0.09421509,0.4999862,0.48128253,0.70709705,0.6937453,0.500448,0.49015903,0.990607,0.8804384,0.46415013,-4,7
-0.019254798,0.002602717,0.47726288,0.5181836,0.69084215,0.7198497,0.47763366,0.5181904,0.995824,0.88931125,0.45271355,-4,7
-0.049985506,-0.013058731,0.49195927,0.51807475,0.7013981,0.71977407,0.49445784,0.51824534,1.0127032,0.8985928,0.45302764,-4,7
0.036875386,-0.06349282,0.48137152,0.5070449,0.69380945,0.7120709,0.4827313,0.5110762,0.99380755,0.88490564,0.4590747,-4,7
-0.0026438318,0.01805218,0.5033026,0.5042982,0.7094382,0.7101396,0.50330955,0.50462407,1.0079336,0.88975275,0.46505222,-4,7
0.026849221,0.06543302,0.47319064,0.48052716,0.68788856,0.69320065,0.47391152,0.48480868,0.9587202,0.86012375,0.46787533,-4,7
-0.04089512,0.0042048646,0.5064665,0.4777298,0.7116646,0.69118,0.5081389,0.4777475,0.9858864,0.88232684,0.45539626,-2,7
-0.004148664,0.058788687,0.4797938,0.5035049,0.6926715,0.7095808,0.47981098,0.506961,0.98677194,0.8819976,0.45700344,-2,7
0.102720514,0.0025427472,0.52327424,0.4567024,0.723377,0.6757976,0.53382576,0.45670885,0.99053466,0.8870474,0.4513108,-2,7
0.040669657,-0.052930504,0.4847842,0.50036216,0.69626445,0.70736283,0.48643818,0.5031638,0.9896021,0.8918375,0.44071302,-2,7
-0.023734158,-0.036913045,0.53436,0.48229587,0.7309993,0.69447523,0.5349233,0.48365843,1.0185817,0.9073972,0.44182807,-2,7
-0.088848375,0.044459447,0.5032981,0.51451033,0.70943505,0.71729374,0.5111921,0.51648694,1.0276791,0.90571105,0.45537508,-2,7
0.06279604,0.016120628,0.48182353,0.4701132,0.69413507,0.685648,0.4857669,0.47037303,0.9561399,0.8645528,0.45682415,-2,7
0.049229056,0.038342714,0.4938741,0.47565278,0.70276177,0.68967587,0.49629766,0.47712296,0.97342056,0.87179023,0.46195495,-2,7
-0.007902792,-0.003843747,0.50606406,0.5025468,0.7113818,0.70890534,0.5061265,0.50256157,1.0086881,0.8931402,0.459335,-2,7
0.017029092,-0.025518114,0.4986472,0.49843836,0.7061496,0.7060017,0.49893722,0.49908954,0.9980267,0.89718056,0.4394243,-2,7
-0.009983144,-0.027478734,0.46739542,0.4844627,0.68366325,0.69603354,0.46749508,0.48521778,0.9527129,0.8737166,0.4351231,-2,7
-0.03994599,0.020178623,0.5081648,0.48343456,0.7128568,0.69529456,0.5097605,0.48384175,0.9936022,0.8856325,0.45744652,-2,7
-0.023552634,0.001706712,0.5386472,0.4692309,0.7339259,0.6850043,0.53920186,0.46923375,1.0084357,0.9002196,0.44501716,-2,7
-0.085910335,-0.015943144,0.47255486,0.5099597,0.68742627,0.7141146,0.4799354,0.5102139,0.99014926,0.89201933,0.44096583,-2,7
-0.0185355,0.0036216993,0.50360096,0.4998679,0.7096485,0.70701337,0.5039445,0.49988097,1.0038254,0.8840629,0.47144282,-2,7
0.044514354,0.054316226,0.49107403,0.48821712,0.70076674,0.69872534,0.49305555,0.4911674,0.98422295,0.88332623,0.4516168,-2,7
0.0016978923,0.034459278,0.46299967,0.54008365,0.6804408,0.7349038,0.46300256,0.54127103,1.0042735,0.9038287,0.43285942,0,7
-0.015362959,-0.042363442,0.50079817,0.51373786,0.7076709,0.7167551,0.50103426,0.5155325,1.0165668,0.907145,0.44006208,0,7
0.015653074,0.05892916,0.50300133,0.5078976,0.7092259,0.7126694,0.5032463,0.5113703,1.0146166,0.9263307,0.3956363,2,7
-0.06484358,-0.0054926295,0.4716393,0.53644973,0.68676,0.7324273,0.47584397,0.53647995,1.0123239,0.92220664,0.40231678,2,7
0.02163056,0.0018103365,0.5184858,0.5057351,0.7200596,0.7111505,0.5189537,0.5057384,1.0246919,0.9350149,0.38786486,2,7
0.111929595,-0.02048324,0.4601791,0.5328372,0.678365,0.729957,0.47270733,0.53325677,1.005964,0.92116237,0.396767,2,7
0.05142816,0.01611831,0.48042244,0.48089266,0.6931251,0.6934642,0.48306733,0.48115242,0.96421975,0.9042632,0.38278946,2,7
-0.022875674,0.01673312,0.5039471,0.49349982,0.7098923,0.7024954,0.50447035,0.4937798,0.9982502,0.94530344,0.32349893,4,7
-0.056964617,-0.004314391,0.46254805,0.5247391,0.68010885,0.7243888,0.465793,0.5247576,0.9905507,0.9354844,0.33973476,4,7
-0.08566104,0.099542096,0.49408966,0.5101625,0.70291513,0.7142566,0.5014275,0.5200711,1.0214986,0.9488445,0.34812737,4,7
0.061600924,-0.09568091,0.50973237,0.4573059,0.71395546,0.67624396,0.5135271,0.46646073,0.9799878,0.9298053,0.33977932,4,7
0.0023870543,-0.02202141,0.4574545,0.5602883,0.6763538,0.74852407,0.4574602,0.5607732,1.0182334,0.9438866,0.35680744,4,7
-0.043830212,0.033076063,0.5096617,0.48523384,0.71390593,0.69658726,0.51158273,0.4863279,0.9979106,0.940085,0.3378622,4,7
-0.015368495,-0.0070795715,0.49035233,0.5381957,0.70025164,0.73361826,0.4905885,0.5382458,1.0288343,0.9525074,0.3486602,4,7
-0.08619334,-0.11021545,0.50353825,0.4884865,0.70960426,0.6989181,0.5109675,0.50063396,1.0116014,0.94210213,0.35220033,4,7
0.01784868,-0.004580984,0.4004255,0.5928335,0.6327918,0.7699568,0.40074408,0.59285456,0.9935987,0.93167555,0.35437173,4,7
0.0092154555,0.04644061,0.506637,0.48174375,0.71178436,0.6940776,0.50672185,0.48390043,0.99062234,0.9378953,0.33312866,4,7
-0.04381115,-0.026237376,0.53775406,0.4873228,0.73331714,0.6980851,0.53967345,0.4880112,1.0276847,0.945222,0.3663878,4,7
-0.022818005,0.050583057,0.48574817,0.51382303,0.69695634,0.7168145,0.48626888,0.5163816,1.0026505,0.94179,0.34012085,4,7
-0.0016988777,0.024208415,0.48409095,0.52809864,0.69576645,0.72670394,0.48409384,0.52868474,1.0127785,0.9619315,0.29574698,6,7
0.005199153,0.047944084,0.47939909,0.5316088,0.6923865,0.72911507,0.4794261,0.5339074,1.0133336,0.95300484,0.3242148,6,7
-0.013294581,0.09031371,0.5059757,0.5144543,0.7113197,0.7172547,0.50615245,0.5226109,1.0287633,0.9660864,0.3089343,6,7
0.0071132593,0.028219014,0.4956916,0.5043369,0.7040537,0.7101668,0.49574217,0.50513315,1.0008754,0.9510284,0.3105163,6,7
-0.026950695,-0.12820071,0.5420203,0.4717524,0.7362203,0.6868423,0.54274666,0.48818785,1.0309346,0.9705802,0.2981755,6,7
-0.09457604,0.03453715,0.5460017,0.45685565,0.73891926,0.675911,0.55494636,0.45804846,1.0129948,0.95319855,0.3231213,6,7
0.043485083,-0.02620779,0.4892964,0.49010012,0.6994972,0.7000715,0.4911874,0.49078694,0.9819743,0.93823177,0.31889728,6,7
0.04135612,0.028776268,0.54496014,0.47028103,0.73821414,0.6857704,0.54667044,0.4711091,1.0177796,0.9612521,0.30622524,6,7
0.07220729,-0.048562355,0.48788804,0.4899376,0.69848984,0.6999554,0.49310195,0.49229592,0.9853978,0.9366281,0.3288248,6,7
0.10523402,-0.026613064,0.47800872,0.52267516,0.69138175,0.72296274,0.48908293,0.52338344,1.0124664,0.9618634,0.29544097,6,7
-0.016444167,-0.022745512,0.5555687,0.48462254,0.7453648,0.69614834,0.5558391,0.4851399,1.0409791,0.97050434,0.31480202,6,7
-0.03399576,0.028924255,0.5146483,0.45641744,0.71738994,0.67558676,0.51580405,0.45725405,0.97305804,0.93087655,0.32638472,8,7
-0.096101366,-0.010004943,0.5034733,0.5257707,0.7095585,0.7251005,0.51270866,0.5258708,1.0385795,0.9760462,0.29310974,8,7
-0.012063198,-0.050513856,0.47612798,0.51425225,0.69002026,0.71711385,0.47627348,0.51680386,0.9930774,0.9486199,0.30528304,8,7
0.024286885,-0.045632266,0.5038353,0.5189353,0.7098136,0.72037166,0.50442517,0.5210176,1.0254428,0.9727713,0.28135163,8,7
-0.03280085,-0.036278542,0.51916057,0.4958098,0.720528,0.7041376,0.5202364,0.49712592,1.0173622,0.9631833,0.29939994,8,7
-0.02393109,-0.008022841,0.5181354,0.4919802,0.71981627,0.701413,0.51870817,0.49204457,1.0107527,0.9612832,0.29442725,8,7
0.03121254,0.028273342,0.5399883,0.47162944,0.73483896,0.6867528,0.54096246,0.4724288,1.0133913,0.9651619,0.286101,8,7
0.0060938895,0.0020403937,0.4705019,0.5428696,0.6859314,0.73679686,0.47053903,0.5428738,1.0134128,0.9641426,0.28955448,8,7
-0.055732105,0.06998573,0.49110702,0.5190561,0.7007903,0.72045547,0.4942131,0.52395403,1.018167,0.9653572,0.29368827,8,7
0.07681511,-0.0802254,0.460912,0.5489358,0.678905,0.740902,0.46681252,0.5553719,1.0221844,0.96842545,0.29040775,10,7
-0.064467,-0.026524475,0.4815617,0.4958185,0.6939465,0.7041438,0.4857177,0.49652204,0.9822397,0.94406796,0.30162147,10,7
0.11392001,0.06907974,0.5596648,0.4558075,0.7481075,0.6751352,0.5726425,0.4605795,1.0332221,0.9780786,0.27673864,10,7
-0.0055090776,0.09565146,0.5158985,0.47709978,0.71826077,0.6907241,0.51592886,0.486249,1.0021778,0.9560752,0.29681322,10,7
-0.04242163,0.025827711,0.45725304,0.5077238,0.67620486,0.7125474,0.45905265,0.5083909,0.9674435,0.92848116,0.32460162,10,7
-0.040169947,-0.006210669,0.44267327,0.5667757,0.66533697,0.75284505,0.44428688,0.5668143,1.0111011,0.96988165,0.26538804,10,7
0.039061256,0.034787774,0.5168513,0.4354583,0.7189237,0.6598926,0.51837707,0.43666852,0.9550455,0.92525345,0.31456563,10,7
0.014902394,-0.031421445,0.47961873,0.50747144,0.6925451,0.7123703,0.47984082,0.50845885,0.9882996,0.94830316,0.2983635,12,7
0.113325365,0.065029025,0.5588696,0.4348342,0.7475758,0.6594196,0.5717122,0.43906295,1.0107753,0.9654552,0.28048432,12,7
-0.054901138,-0.00039424747,0.55184174,0.4943534,0.7428605,0.7031027,0.55485594,0.4943536,1.0492096,0.9861461,0.27699354,12,7
0.017947106,0.074168146,0.47274828,0.51558983,0.68756694,0.71804583,0.47307038,0.52109075,0.9941612,0.9516218,0.29761907,12,7
0.046464927,-0.04876385,0.509415,0.47157255,0.71373314,0.68671143,0.5115739,0.47395048,0.9855244,0.95181787,0.28207645,12,7
0.026438747,0.01511015,0.5018909,0.51119006,0.70844257,0.71497554,0.50258994,0.51141834,1.0140083,0.9725781,0.26095992,12,7
0.05287762,-0.09391464,0.52880424,0.47776535,0.7271893,0.69120574,0.5316003,0.48658526,1.0181856,0.96052504,0.30915567,12,7
-0.051513534,0.04831785,0.47152135,0.5155509,0.6866741,0.7180187,0.47417495,0.5178855,0.99206054,0.9529382,0.28977442,12,7
0.10056974,0.012549348,0.48795795,0.51035696,0.69853985,0.7143927,0.49807224,0.51051444,1.0085866,0.9675683,0.2690693,14,7
0.024221746,0.056997396,0.44425368,0.5257977,0.6665236,0.7251191,0.4448404,0.5290464,0.9738869,0.9443544,0.28649884,14,7
0.1122715,0.088295445,0.5286906,0.45268476,0.7271111,0.67281854,0.5412954,0.46048087,1.0017763,0.95735055,0.29198667,14,7
-0.15345383,0.010948651,0.47630295,0.52003163,0.69014704,0.72113216,0.49985102,0.52015156,1.0200026,0.97812545,0.2515415,14,7
-0.12987332,0.05460839,0.5217758,0.48797417,0.72234046,0.6985515,0.5386429,0.4909562,1.0295992,0.9758645,0.27800623,14,7
-0.0019511562,-0.11505713,0.4829967,0.5182168,0.69497967,0.7198728,0.48300052,0.5314549,1.0144553,0.9661524,0.28461373,14,7
-0.05449382,-0.16027308,0.5043049,0.48146355,0.7101443,0.69387573,0.5072744,0.507151,1.0144255,0.96629936,0.2840616,14,7
0.021290898,-0.053898536,0.4602371,0.53475004,0.6784077,0.7312661,0.46069044,0.5376551,0.9983455,0.9570637,0.28700966,16,7
-0.07617591,-0.04906276,0.557288,0.4646435,0.74651724,0.68164766,0.5630908,0.46705067,1.0301415,0.9775245,0.2731065,16,7
0.0187518,-0.03332273,0.46708947,0.5380192,0.68343943,0.7334979,0.4674411,0.5391297,1.0065707,0.9556443,0.3054746,16,7
0.0879138,-0.04806199,0.5157095,0.48209044,0.71812916,0.69432735,0.5234384,0.4844004,1.0078387,0.9669484,0.26990655,16,7
-0.09560664,0.12750514,0.40339944,0.5289365,0.6351373,0.7272802,0.41254008,0.54519403,0.9577341,0.93856055,0.2771972,16,7
-0.07246467,0.012729781,0.42183065,0.5539311,0.64948493,0.7442655,0.42708176,0.5540932,0.98117495,0.93904537,0.31522804,16,7
-0.08743363,-2.6635826e-06,0.44851232,0.56681347,0.66971064,0.75287014,0.45615694,0.56681347,1.0229704,0.97217184,0.2790203,16,7
0.038673468,0.04029961,0.47195664,0.5565518,0.686991,0.746024,0.47345227,0.55817586,1.0316281,0.9737017,0.28902107,16,7
0.025726207,0.16909672,0.5070789,0.47903967,0.7120947,0.6921269,0.50774074,0.5076334,1.0153742,0.96837354,0.27861583,16,7
0.20502923,0.048033718,0.48612568,0.47480968,0.6972271,0.6890643,0.52816266,0.4771169,1.0052795,0.96387064,0.27610308,16,7
0.022048913,0.013095316,0.47744754,0.5131961,0.6909758,0.7163771,0.4779337,0.51336753,0.9913013,0.9517182,0.29246154,16,7
0.009011611,-0.046958223,0.4702414,0.4916788,0.6857415,0.7011981,0.4703226,0.49388385,0.96420646,0.93329245,0.3052404,16,7
0.018827781,0.019534007,0.46238244,0.5202973,0.6799871,0.72131634,0.46273693,0.5206789,0.98341584,0.9461702,0.2969473,16,7
-0.020584412,0.026038304,0.47963858,0.52055615,0.6925594,0.72149575,0.48006228,0.52123415,1.0012965,0.962432,0.27389976,16,7
0.10007133,0.0027815625,0.46022442,0.551996,0.67839843,0.7429643,0.4702387,0.5520038,1.0222425,0.97367597,0.27239236,18,7
0.005481217,0.009477902,0.43667573,0.5647701,0.66081446,0.7515119,0.43670577,0.56486,1.0015657,0.9502739,0.31391937,18,7
-0.031063166,-0.03806346,0.48310867,0.53799516,0.6950602,0.7334815,0.48407358,0.53944397,1.0235176,0.96915483,0.29026958,18,7
0.042693984,-0.008314429,0.5037294,0.49616015,0.70973897,0.70438635,0.5055522,0.49622926,1.0017815,0.9568666,0.29357746,18,7
0.03732191,-0.023033597,0.5153845,0.48177022,0.71790284,0.6940967,0.51677746,0.48230076,0.9990783,0.9657708,0.2576141,18,7
0.082195565,-0.12783472,0.51317906,0.4933977,0.71636516,0.70242274,0.5199352,0.5097394,1.0296746,0.98105925,0.2592245,18,7
0.0037971418,-0.060099658,0.5657923,0.40804803,0.75219166,0.6387864,0.56580675,0.41166005,0.9774668,0.9472658,0.28311527,18,7
0.0029105619,0.07729614,0.4461562,0.5459732,0.66794926,0.7389,0.44616467,0.55194783,0.99811244,0.9565766,0.28822494,18,8
0.012282953,0.071535245,0.54059374,0.47674838,0.73525083,0.6904697,0.54074454,0.48186567,1.0226102,0.975485,0.26653185,18,8
0.0009898031,0.020525992,0.46677974,0.53423494,0.6832128,0.73091376,0.4667807,0.5346563,1.001437,0.96044654,0.28103277,18,8
0.09853035,-0.021616533,0.4153292,0.60318,0.6444604,0.7766466,0.4250374,0.60364723,1.0286846,0.97127473,0.2920788,18,8
-0.047607023,0.0034996644,0.4992745,0.4864844,0.7065936,0.6974843,0.50154096,0.48649663,0.9880375,0.95473236,0.27662918,20,8
-0.07835844,-0.06540701,0.4908203,0.48184174,0.70058566,0.69414824,0.49696028,0.48611984,0.98308015,0.9478394,0.29099938,20,8
-0.006443063,-0.020128697,0.5157957,0.4650019,0.7181892,0.6819105,0.5158372,0.46540707,0.9812442,0.9533967,0.2688477,20,8
0.043345183,-0.059180316,0.4939292,0.47836626,0.702801,0.69164026,0.49580798,0.48186854,0.9776765,0.9311506,0.33261856,20,8
0.15604387,-0.034271196,0.46420944,0.5186821,0.6813292,0.7201959,0.48855916,0.51985663,1.0084157,0.96671367,0.27180943,20,8
-0.13062495,0.02222094,0.50513434,0.47143984,0.71072805,0.68661475,0.5221972,0.47193357,0.99413073,0.95240664,0.29504648,20,8
0.008421276,0.05249655,0.47687083,0.50297177,0.6905584,0.70920503,0.4769417,0.50572765,0.98266935,0.939288,0.3168712,20,8
-0.12167381,0.14224747,0.46801656,0.4807666,0.6841174,0.6933733,0.4828211,0.501001,0.983822,0.9572774,0.25969604,20,8
-0.056981146,0.025254909,0.5010525,0.48419756,0.70785064,0.69584304,0.5042993,0.48483533,0.9891346,0.9569737,0.27080607,22,8
0.0046670325,0.10821352,0.5129757,0.46924746,0.71622324,0.6850164,0.5129975,0.48095763,0.9939552,0.9446083,0.31885788,22,8
0.0858295,-0.061516337,0.48213065,0.5249095,0.69435626,0.7245064,0.48949733,0.5286938,1.0181912,0.9668103,0.28891012,22,8
0.018224515,-0.04750274,0.4807145,0.5606539,0.6933358,0.74876827,0.48104665,0.5629104,1.043957,0.9826757,0.2798311,22,8
-0.088120036,-0.0075875,0.52434295,0.49358398,0.7241153,0.7025553,0.5321081,0.49364153,1.0257497,0.9719402,0.28474882,22,8
0.03198553,0.016599458,0.40989286,0.58948505,0.64022875,0.7677793,0.41091597,0.5897606,1.0006766,0.955649,0.29565427,22,8
0.03796495,-0.027930822,0.54194236,0.46663326,0.7361674,0.6831056,0.5433837,0.4674134,1.010797,0.96651345,0.27685526,22,8
-0.05803678,-0.002636291,0.5240079,0.45999944,0.7238839,0.6782326,0.5273762,0.46000636,0.9873826,0.9530145,0.28132883,22,8
-0.008141157,0.034963146,0.5924728,0.41260195,0.7697225,0.642341,0.59253913,0.41382438,1.0063635,0.9605502,0.28932136,22,8
0.017209578,0.098746955,0.50974107,0.4589242,0.71396154,0.67743945,0.51003724,0.46867517,0.9787123,0.9462637,0.28861284,24,8
-0.068020955,0.06500611,0.4607178,0.49871802,0.67876196,0.7061997,0.4653446,0.5029438,0.9682884,0.94152784,0.28603107,24,8
0.076578364,0.07163267,0.5074654,0.49862224,0.71236604,0.7061319,0.5133297,0.5037535,1.0170832,0.9626738,0.30057028,24,8
0.10489351,0.01951499,0.490221,0.49171925,0.7001578,0.70122695,0.5012236,0.49210006,0.9933238,0.9592581,0.2704581,24,8
-0.023626134,-0.029220436,0.46297717,0.5383589,0.6804243,0.7337295,0.46353534,0.53921276,1.0027483,0.9634181,0.27308163,24,8
-0.11504838,-0.024414059,0.5298359,0.47085524,0.72789824,0.68618894,0.543072,0.47145128,1.0145233,0.9659275,0.2854951,24,8
-0.15729721,0.031653613,0.43558878,0.53067374,0.6599915,0.72847354,0.46033117,0.5316757,0.9920069,0.9569654,0.27608714,24,8
0.06364274,-0.01015,0.4468658,0.5390091,0.6684802,0.7341724,0.4509162,0.5391121,0.99002826,0.9495663,0.29724085,24,8
0.03920667,-0.0633833,0.51928914,0.4899121,0.7206172,0.6999372,0.52082634,0.49392954,1.0147558,0.96886253,0.27579194,24,8
0.009664822,-0.117353044,0.50448895,0.49228203,0.71027386,0.70162815,0.5045824,0.5060538,1.0106362,0.9621275,0.29145622,24,8
0.05955194,0.058992106,0.49639347,0.4942234,0.704552,0.70301026,0.49993992,0.4977035,0.99764335,0.9565214,0.287594,24,8
0.082932875,0.0035328027,0.50728655,0.47745925,0.7122405,0.69098425,0.5141644,0.47747177,0.99163616,0.9512002,0.29471073,24,8
-0.15424699,-0.10045545,0.41836375,0.58405435,0.6468105,0.7642345,0.44215587,0.59414566,1.0363015,0.9762374,0.2885515,24,8
0.059600577,-0.009838235,0.48293334,0.49472415,0.69493407,0.7033663,0.48648557,0.49482095,0.98130655,0.95450246,0.26501232,26,8
-0.07587303,-0.12237332,0.49820086,0.5037842,0.70583344,0.70977753,0.50395757,0.5187594,1.022717,0.96799195,0.29276034,26,8
0.049199093,-0.034440737,0.47609478,0.5222052,0.68999624,0.72263765,0.47851536,0.52339137,1.0019066,0.9620344,0.27639905,26,8
0.062549405,-0.016143633,0.53821063,0.46870628,0.7336284,0.6846213,0.54212296,0.4689669,1.0110899,0.96618557,0.27852356,26,8
-0.16876477,0.029805437,0.5146495,0.4675101,0.7173908,0.6837471,0.54313105,0.46839848,1.0115294,0.9661788,0.27933514,28,8
-0.06163355,0.02643168,0.49344224,0.51087356,0.70245445,0.71475416,0.49724093,0.51157224,1.0088131,0.96955705,0.2622446,28,8
-0.099149555,-0.0034582438,0.5192395,0.51119184,0.7205827,0.7149768,0.52907014,0.5112038,1.0402739,0.97477794,0.3001364,28,8
-0.04653373,0.036948808,0.53288037,0.46625003,0.72998655,0.682825,0.53504574,0.46761525,1.002661,0.95389557,0.3045394,28,8
-0.01557065,0.029539282,0.5432453,0.44954187,0.7370518,0.6704788,0.5434878,0.45041445,0.99390227,0.95388937,0.28982288,28,8
0.04775801,-0.07679525,0.49264318,0.5164823,0.70188546,0.71866703,0.494924,0.5223798,1.0173038,0.96495,0.29355618,28,8
0.06957899,0.026152391,0.43558925,0.55456007,0.65999186,0.7446879,0.44043052,0.555244,0.9956746,0.95699275,0.2825585,28,8
-0.11797881,0.1274265,0.42594585,0.5349348,0.6526453,0.7313924,0.4398648,0.5511724,0.99103713,0.9570171,0.27414468,28,8
-0.017960472,-0.06896517,0.5178838,0.50084037,0.71964145,0.7077008,0.51820636,0.5055965,1.023803,0.96601826,0.30101755,28,8
-0.15978438,-0.023347497,0.441414,0.5540974,0.66438997,0.7443772,0.46694505,0.5546425,1.0215875,0.96631026,0.29636464,30,8
-0.033852506,0.14194529,0.43403476,0.5401445,0.6588131,0.73494524,0.43518072,0.56029296,0.99547374,0.9592538,0.27441928,30,8
0.05918123,0.025855916,0.4934184,0.51230544,0.70243746,0.71575516,0.49692082,0.512974,1.0098948,0.9572083,0.30601835,30,8
-0.035513382,0.006264422,0.4904546,0.5197116,0.70032465,0.72091025,0.4917158,0.5197509,1.0114667,0.9647449,0.2841371,30,8
-0.084876925,-0.016630854,0.44872177,0.5277398,0.669867,0.72645706,0.45592585,0.5280164,0.9839423,0.94697136,0.29527524,30,8
-0.018631227,-0.105349794,0.55947876,0.42865774,0.74798316,0.6547196,0.5598259,0.43975633,0.9995823,0.95971847,0.28021884,30,8
-0.021950617,0.07333275,0.46035537,0.5320216,0.67849493,0.7293981,0.46083724,0.53739923,0.9982364,0.9577247,0.28460467,30,8
-0.083451375,-0.07987855,0.5220142,0.47172397,0.7225055,0.68682164,0.52897835,0.47810456,1.0070829,0.9546092,0.30952242,30,8
0.033665318,-0.16731831,0.4828943,0.51643384,0.69490594,0.7186333,0.48402768,0.5444292,1.0284569,0.97616875,0.27486625,30,8
0.005869684,0.0013125422,0.4901383,0.48867685,0.70009875,0.69905424,0.49017268,0.48867857,0.97885126,0.880995,0.45022118,-20,8
-0.00028397702,0.00271967,0.45954502,0.51387984,0.6778975,0.7168541,0.45954508,0.5138873,0.97343236,0.87442935,0.4569525,-20,8
0.008008716,-0.017501928,0.5273385,0.439467,0.7261808,0.6629231,0.52740264,0.43977335,0.96717596,0.88060796,0.437842,-20,8
-0.007584164,0.013977736,0.48930967,0.50667393,0.69950676,0.7118103,0.48936716,0.5068693,0.99623644,0.8793944,0.4721249,-20,8
0.031474955,-0.017055163,0.50337744,0.51852936,0.70949095,0.72008985,0.5043681,0.51882017,1.0231884,0.9044831,0.45287827,-18,8
-0.0017061234,-0.020658083,0.49843714,0.523023,0.7060008,0.7232033,0.49844006,0.5234498,1.0218898,0.8972603,0.46563262,-18,8
-0.014547202,0.00042789616,0.53679526,0.5032058,0.73266315,0.70936996,0.5370069,0.503206,1.0402129,0.90714127,0.46616265,-18,8
-0.025421929,0.02746898,0.50798464,0.5421392,0.7127304,0.736301,0.50863093,0.5428937,1.0515246,0.90384513,0.48434347,-18,8
0.0062571308,-0.00083652884,0.51558745,0.5043462,0.71804416,0.71017337,0.51562667,0.5043469,1.0199735,0.8904524,0.47651666,-18,8
0.02911838,-0.015668003,0.48489353,0.5220045,0.69634295,0.7224988,0.48574144,0.52224994,1.0079913,0.89446425,0.45598787,-18,8
0.010076463,-0.024244817,0.47762424,0.5079499,0.69110364,0.712706,0.47772577,0.50853765,0.98626345,0.8814332,0.4575358,-18,8
0.012560645,-0.016729893,0.5070251,0.48941395,0.712057,0.69958127,0.5071829,0.48969382,0.9968767,0.8836435,0.46481267,-18,8
0.044282876,-0.023458429,0.4933045,0.49879467,0.7023564,0.70625395,0.49526548,0.49934492,0.9946104,0.87374353,0.48081458,-18,8
-0.020874735,0.026799664,0.5037613,0.5024874,0.70976144,0.7088635,0.5041971,0.50320566,1.0074027,0.88755196,0.46867284,-16,8
0.005989464,-0.03126984,0.49061742,0.51136917,0.7004409,0.7151008,0.49065328,0.512347,1.0030003,0.88875496,0.46164367,-16,8
0.013920043,0.0030249427,0.5008553,0.5123313,0.70771134,0.7157732,0.50104904,0.5123404,1.0133896,0.89538825,0.46007547,-16,8
0.011456011,-0.015263375,0.4921789,0.5103266,0.7015546,0.7143715,0.4923101,0.51055956,1.0028697,0.8879148,0.4631167,-16,8
0.013549517,0.022091627,0.47386947,0.4962359,0.6883818,0.7044401,0.47405306,0.49672395,0.97077703,0.8729267,0.45692012,-16,8
-0.019627102,-0.0017662477,0.50917685,0.47334886,0.7135663,0.68800354,0.509562,0.473352,0.98291403,0.8838779,0.44908112,-16,8
-0.014850693,0.023554059,0.5182556,0.49867874,0.7198997,0.7061719,0.5184762,0.49923354,1.0177097,0.88948333,0.47595075,-14,8
-0.011392176,0.012580438,0.5004111,0.46999556,0.7073974,0.6855622,0.50054085,0.4701538,0.9706947,0.8703959,0.4616338,-14,8
-0.0066978335,0.011525705,0.49061596,0.5095221,0.7004398,0.7138082,0.49066085,0.50965494,1.0003158,0.8891378,0.45798442,-14,8
0.041706275,0.013084564,0.48748848,0.48800057,0.69820374,0.6985704,0.4892279,0.48817182,0.9773997,0.8722781,0.46532843,-14,8
-0.0016110386,-0.033212088,0.52370465,0.46803945,0.7236744,0.68413407,0.52370715,0.4691425,0.9928497,0.8822199,0.46318224,-14,8
-0.019643787,-0.01981831,0.48783928,0.51914823,0.6984549,0.7205194,0.48822516,0.519541,1.0077661,0.8892075,0.46591443,-14,8
0.010672256,-0.023043534,0.52321446,0.5093778,0.7233356,0.7137071,0.5233284,0.5099088,1.0332372,0.91066283,0.45158648,-14,8
0.025269473,0.00863861,0.48945305,0.48153704,0.6996092,0.6939287,0.4900916,0.48161167,0.97170323,0.8698361,0.46377632,-14,8
0.005479648,-0.011926675,0.5367209,0.45189807,0.7326124,0.67223364,0.53675085,0.45204026,0.9887912,0.87187445,0.47814858,-14,8
0.003152281,-0.024045521,0.47395536,0.52914155,0.68844414,0.72742116,0.4739653,0.5297197,1.003685,0.89320326,0.45373225,-14,8
0.022096988,-0.027679618,0.47623867,0.48718315,0.6901005,0.69798505,0.47672692,0.4879493,0.96467626,0.87461495,0.4469059,-12,8
-0.016733719,-0.023606353,0.5589073,0.4790418,0.74760103,0.6921285,0.5591873,0.47959906,1.0387864,0.9124863,0.45404312,-12,8
4.083151e-05,0.0013990528,0.5049971,0.4637033,0.7106315,0.6809576,0.50499713,0.46370524,0.9687024,0.8715993,0.45718378,-12,8
-0.032038145,0.030270807,0.47943115,0.50755346,0.6924097,0.71242785,0.4804576,0.50846976,0.98892736,0.881457,0.46039224,-12,8
0.01749265,0.014272833,0.5159312,0.51914823,0.7182835,0.7205194,0.5162372,0.51935196,1.0355891,0.9056927,0.4640151,-12,8
-0.009866939,0.025320457,0.49784973,0.49761796,0.70558465,0.70542043,0.4979471,0.49825907,0.99620616,0.883779,0.4638327,-12,8
0.02569639,-0.0027312366,0.49408787,0.52173877,0.7029138,0.7223149,0.49474818,0.5217463,1.0164944,0.8900567,0.4735963,-12,8
-0.028496433,-0.05418362,0.46539336,0.4997257,0.68219745,0.7069128,0.46620542,0.5026615,0.96886694,0.8711723,0.45817646,-12,8
0.0049930983,0.012382078,0.47410426,0.5158647,0.68855226,0.7182372,0.4741292,0.51601803,0.9901472,0.8832475,0.45828062,-12,8
-0.0031559854,-0.041974388,0.48551637,0.5038774,0.69679004,0.7098432,0.48552632,0.5056392,0.9911655,0.8865212,0.45304048,-12,8
0.018010234,-0.007489183,0.49821752,0.5091419,0.70584524,0.7135418,0.49854192,0.50919807,1.00774,0.8834753,0.47666696,-12,8
-0.017987685,0.053349495,0.49584162,0.5198777,0.7041602,0.7210254,0.4961652,0.52272385,1.018889,0.8966497,0.46358198,-12,8
-0.021961778,0.021522777,0.5161096,0.4765517,0.7184077,0.6903272,0.5165919,0.47701496,0.9936069,0.8835629,0.46143627,-12,8
0.035527237,0.030141335,0.49307898,0.48578456,0.7021958,0.69698244,0.49434114,0.48669302,0.98103416,0.8784954,0.45747137,-10,8
-0.022740237,-0.04612105,0.5276986,0.48383367,0.7264286,0.69558156,0.5282157,0.48596084,1.0141765,0.8867145,0.4774033,-10,8
0.017061785,0.040449284,0.4887161,0.52444136,0.6990823,0.72418326,0.48900723,0.5260775,1.0150847,0.88614225,0.47941288,-10,8
-0.03193101,-0.039155044,0.53035647,0.48661548,0.72825575,0.6975783,0.53137606,0.48814863,1.0195247,0.89631116,0.46492028,-10,8
0.016577413,-0.011581591,0.52087915,0.5136809,0.72171956,0.71671534,0.521154,0.513815,1.034969,0.89741987,0.47917283,-10,8
0.02194933,-0.016656272,0.5165603,0.5070571,0.71872133,0.7120794,0.51704216,0.5073345,1.0243766,0.8946123,0.4733344,-10,8
-0.011501224,0.018674072,0.51314414,0.53058124,0.7163408,0.72841007,0.51327634,0.5309299,1.0442064,0.9111459,0.46262237,-10,8
-0.025779486,0.028445194,0.48686504,0.4954496,0.6977571,0.7038818,0.48752967,0.4962587,0.9837884,0.87672514,0.4638334,-10,8
-0.0086566955,-0.00756751,0.5113581,0.48438972,0.7150931,0.69598114,0.511433,0.484447,0.99588,0.8867885,0.45769665,-10,8
-0.027844073,-0.009462609,0.474396,0.49300498,0.6887641,0.70214313,0.47517127,0.4930945,0.9682658,0.8692224,0.46121377,-10,8
-0.005563585,-0.016171167,0.51474786,0.481926,0.7174593,0.6942089,0.51477885,0.48218745,0.99696624,0.8833164,0.46553028,-10,8
0.0064093843,-0.04542297,0.49338835,0.51255417,0.70241606,0.7159289,0.49342942,0.51461744,1.0080469,0.88364756,0.4766696,-8,8
0.014469071,-0.016104477,0.4746638,0.5327368,0.68895847,0.7298882,0.4748732,0.5329962,1.0078694,0.8877965,0.46870735,-8,8
-0.032344848,-0.0374718,0.51978326,0.4826221,0.72095996,0.6947101,0.5208295,0.48402622,1.0048558,0.8824171,0.47560054,-8,8
0.036789052,-0.011469219,0.47938037,0.48963773,0.692373,0.6997412,0.48073384,0.48976928,0.9705031,0.87552035,0.45162737,-8,8
0.015079856,-0.03383993,0.48944873,0.5209375,0.6996061,0.72176,0.48967612,0.5220826,1.0117588,0.89570713,0.45767614,-8,8
-0.04361992,0.0016472312,0.5245365,0.5050619,0.7242489,0.7106771,0.5264392,0.50506467,1.0315039,0.89871895,0.47308353,-8,8
-0.00948185,0.0049376097,0.51067173,0.4816749,0.714613,0.694028,0.5107616,0.48169932,0.99246097,0.87725604,0.47210473,-8,8
0.00767575,0.010249376,0.5145856,0.4965111,0.71734625,0.70463544,0.5146445,0.49661615,1.0112607,0.89310217,0.46220043,-8,8
-0.0023516128,0.01678446,0.5041183,0.5051734,0.7100129,0.7107555,0.5041238,0.5054551,1.009579,0.88760525,0.4708884,-8,8
-0.004639931,-0.0057797944,0.45759416,0.5178195,0.67645705,0.7195968,0.45761567,0.5178529,0.97546864,0.8697178,0.46803805,-8,8
-0.0011606049,-0.0113277,0.49142373,0.528227,0.7010162,0.7267923,0.49142504,0.5283553,1.0197804,0.89787143,0.4621766,-8,8
0.033216417,0.012919962,0.49539876,0.5101825,0.7038457,0.7142706,0.49650207,0.51034945,1.0068514,0.8848159,0.4732361,-6,8
0.010306293,0.012962276,0.5047648,0.4889494,0.710468,0.69924915,0.504871,0.48911738,0.99398834,0.88153577,0.4657071,-6,8
0.016531985,0.013918329,0.50882435,0.48481387,0.71331924,0.6962858,0.5090977,0.48500758,0.9941053,0.88666517,0.4559935,-6,8
-0.032258574,-0.014361535,0.50011516,0.5350384,0.7071882,0.7314632,0.50115573,0.5352447,1.0364004,0.8987765,0.47812265,-6,8
0.02449323,-0.022976773,0.47736928,0.5026358,0.69091916,0.7089681,0.4779692,0.5031637,0.98113286,0.8834835,0.4478726,-4,8
0.025206685,0.017236084,0.49314448,0.45996836,0.7022425,0.67820966,0.49377987,0.46026546,0.95404536,0.8621075,0.4591471,-4,8
0.03191232,0.006089654,0.5042331,0.48657697,0.71009374,0.6975507,0.5052516,0.48661405,0.9918656,0.8897116,0.44752517,-4,8
-0.0013567414,-0.054179173,0.52153593,0.50164413,0.72217447,0.7082684,0.5215378,0.50457954,1.0261173,0.90287435,0.45927685,-4,8
0.04794678,0.0021910518,0.5296671,0.50673836,0.7277823,0.7118556,0.531966,0.5067432,1.0387092,0.908041,0.4627859,-4,8
0.069236584,-0.023607533,0.5087984,0.48742652,0.71330106,0.6981594,0.5135921,0.48798382,1.001576,0.886497,0.46443412,-4,8
-0.079612404,-0.008615693,0.5107604,0.48450005,0.71467507,0.69606036,0.51709855,0.48457432,1.0016729,0.8907584,0.45631382,-4,8
-0.004739642,0.07484348,0.5012765,0.48735824,0.7080088,0.69811046,0.50129896,0.4929598,0.99425876,0.8915954,0.4464485,-2,8
0.033883013,0.0070676664,0.5044834,0.51612985,0.7102699,0.71842176,0.50563145,0.51617986,1.0218112,0.8863195,0.48605457,-2,8
-0.052513655,-0.020578848,0.4966573,0.48579216,0.70473915,0.6969879,0.49941498,0.48621565,0.98563063,0.88317096,0.4534751,-2,8
0.040347356,0.051446326,0.5183033,0.46167573,0.71993285,0.67946726,0.5199312,0.46432245,0.98425364,0.89045775,0.43742278,-2,8
-0.056010872,0.08061489,0.51655704,0.50018567,0.718719,0.7072381,0.51969427,0.5066844,1.0263788,0.9012183,0.46280062,-2,8
-0.044921443,0.031307265,0.48607785,0.5154236,0.69719285,0.7179301,0.4880958,0.5164038,1.0044996,0.8962935,0.44850582,-2,8
-0.03971699,0.038230028,0.51119035,0.4856095,0.7149758,0.69685686,0.5127678,0.487071,0.99983877,0.8954096,0.44506234,0,8
0.045210473,0.054887407,0.49922296,0.48002753,0.7065571,0.69284016,0.50126696,0.48304015,0.98430717,0.893269,0.43171468,0,8
0.014610523,0.024370369,0.52057254,0.48011345,0.72150713,0.6929022,0.52078605,0.4807074,1.0014935,0.897702,0.44229472,0,8
0.03043035,-0.057025127,0.4905426,0.5347775,0.7003875,0.73128486,0.4914686,0.53802943,1.0294981,0.9185414,0.43102184,0,8
0.015379161,-0.0016999454,0.53943825,0.48634967,0.7344646,0.69738775,0.53967476,0.48635256,1.0260272,0.90372074,0.4575109,0,8
0.055805407,-0.0047022216,0.4837829,0.47951066,0.695545,0.6924671,0.4868971,0.47953278,0.9664298,0.88127387,0.43564466,0,8
0.034091067,0.028494794,0.43278214,0.5741534,0.65786177,0.7577291,0.43394434,0.57496536,1.0089097,0.9139501,0.41665927,2,8
-0.0305942,-0.013082828,0.49991012,0.42300123,0.70704323,0.65038544,0.5008461,0.4231724,0.9240185,0.86130035,0.42682576,2,8
-0.00232004,0.026233714,0.4864517,0.4972933,0.6974609,0.70519024,0.48645705,0.49798152,0.98443854,0.9031471,0.4108089,2,8
-0.042975646,0.0008555576,0.5052533,0.5622246,0.71081173,0.7498164,0.5071002,0.56222534,1.0693256,0.94787455,0.41335148,2,8
0.042857826,-0.018832032,0.5392921,0.4586165,0.7343651,0.6772123,0.5411289,0.45897114,1.0001,0.9121678,0.40993893,2,8
0.02078411,-0.023059368,0.5643798,0.50572056,0.7512522,0.71114033,0.5648118,0.5062523,1.071064,0.9456912,0.42039526,2,8
0.116146185,-0.007859041,0.47805938,0.5091185,0.6914184,0.7135254,0.4915493,0.50918025,1.0007296,0.91990924,0.39306033,4,8
0.024492858,0.030189518,0.5054542,0.52104425,0.710953,0.72183394,0.50605404,0.5219556,1.0280097,0.94134146,0.37667757,4,8
-0.10709553,0.027226418,0.46592098,0.49821007,0.68258405,0.70584,0.47739044,0.49895135,0.9763418,0.9086485,0.3882007,4,8
-0.27135724,0.05108282,0.5019387,0.45787376,0.7084763,0.6766637,0.57557344,0.4604832,1.0360566,0.93978053,0.3909848,4,8
0.013607275,9.407103e-05,0.40995777,0.5257243,0.6402795,0.72506845,0.4101429,0.5257243,0.9358672,0.8873466,0.38533512,4,8
0.0012567751,0.0023450656,0.4425761,0.49951744,0.66526395,0.7067655,0.44257766,0.49952298,0.94210064,0.8979351,0.3685284,4,8
0.13060714,-0.008847587,0.4724958,0.4953459,0.6873833,0.7038081,0.489554,0.49542415,0.98497814,0.9190316,0.37464526,4,8
-0.045556694,0.006167069,0.53352034,0.46030736,0.73042476,0.6784595,0.5355957,0.46034542,0.99594116,0.92861545,0.36553317,4,8
0.0813081,-0.029651562,0.45651233,0.5509454,0.675657,0.74225694,0.46312332,0.5518247,1.014948,0.94032365,0.3615791,4,8
-0.09576516,0.04403621,0.52201587,0.49070573,0.72250664,0.7005039,0.5311868,0.4926449,1.0238317,0.941748,0.37005717,4,8
0.031473085,-0.03184106,0.54611266,0.523696,0.73899436,0.72366846,0.54710317,0.5247099,1.071813,0.96373934,0.3781792,4,8
0.10791807,-0.003762152,0.5671398,0.43894762,0.75308686,0.6625312,0.57878613,0.43896177,1.0177479,0.9281051,0.39543477,4,8
-0.027923908,-0.072771795,0.53592837,0.4540425,0.7320713,0.67382675,0.5367081,0.45933825,0.9960464,0.9183391,0.390768,4,8
0.07284519,-0.040720783,0.51182806,0.46474558,0.7154216,0.6817225,0.5171345,0.46640372,0.98353827,0.9149878,0.38253838,4,8
0.015071388,0.05816257,0.5027012,0.53449154,0.70901424,0.7310893,0.5029284,0.53787446,1.040803,0.957458,0.35224575,6,8
0.06248828,-0.048514962,0.51338005,0.44169658,0.71650547,0.6646026,0.51728487,0.44405025,0.9613352,0.90756255,0.37103277,6,8
0.03307057,0.04563521,0.5098776,0.51275295,0.71405715,0.7160677,0.5109713,0.5148355,1.0258068,0.94907427,0.35364506,8,8
-0.021313684,-0.058695115,0.50641084,0.5081464,0.7116255,0.7128439,0.50686514,0.51159155,1.0184567,0.9463946,0.35041958,8,8
0.02423247,-0.019986166,0.51609993,0.4652956,0.71840096,0.6821258,0.51668715,0.46569502,0.9823822,0.9334562,0.33322918,8,8
-0.041799456,-0.04157737,0.43440613,0.5036636,0.6590949,0.7096926,0.4361533,0.5053923,0.9415456,0.9032216,0.35459322,8,8
-0.10836369,0.021198008,0.5255903,0.48720813,0.72497606,0.69800293,0.537333,0.48765746,1.0249906,0.9397125,0.37673712,8,8
9.525567e-06,-0.048981436,0.5037544,0.48428956,0.70975655,0.69590914,0.5037544,0.4866887,0.99044305,0.9321372,0.3486593,10,8
0.042956702,0.04843791,0.539114,0.49703398,0.7342438,0.70500636,0.54095936,0.49938023,1.0403395,0.95820826,0.34953746,10,8
-0.08144468,0.13254037,0.56708205,0.49734902,0.7530485,0.70522976,0.5737152,0.51491594,1.0886312,0.9871432,0.33790445,10,8
-0.003944779,0.043412004,0.50085586,0.5095141,0.7077117,0.7138026,0.5008714,0.5113987,1.0122701,0.9431043,0.35046306,10,8
-0.07477822,0.023870435,0.50337887,0.50747657,0.70949197,0.7123739,0.5089706,0.5080464,1.0170171,0.9421801,0.35960212,10,8
-0.0813299,-0.06647162,0.49845496,0.5334014,0.70601344,0.73034334,0.50506955,0.53782,1.0428894,0.96724594,0.32760468,10,8
-0.045455992,-0.008499346,0.47289592,0.52891684,0.6876743,0.72726667,0.47496215,0.5289891,1.0039512,0.9445083,0.3344477,10,8
0.00012951344,-0.05932098,0.5021778,0.5016098,0.70864505,0.70824414,0.50217783,0.50512874,1.0073066,0.93546486,0.3636098,10,8
0.0313477,0.035967886,0.49151635,0.56361747,0.7010823,0.7507446,0.492499,0.5649112,1.0574102,0.9709246,0.33869672,10,8
0.036609024,-0.114003226,0.47439432,0.5101894,0.6887629,0.7142754,0.47573456,0.5231862,0.99892074,0.9331604,0.35795575,10,8
-0.044690482,0.039487645,0.4780433,0.5638465,0.6914067,0.75089717,0.4800405,0.5654058,1.0454464,0.95413196,0.36753035,10,8
0.021933354,0.037136324,0.55182004,0.43489546,0.7428459,0.659466,0.55230117,0.4362746,0.9885757,0.9319588,0.34645134,12,8
-0.016568124,-0.011238173,0.59365916,0.40008265,0.7704928,0.63252085,0.5939337,0.40020892,0.99414265,0.9354406,0.34509927,12,8
0.065818235,-0.07029856,0.46846005,0.52366513,0.6844414,0.7236471,0.4727921,0.528607,1.0013992,0.9409203,0.34068775,12,8
-0.028068352,-0.05690701,0.5285838,0.49128243,0.7270377,0.7009154,0.5293716,0.49452084,1.0238925,0.95454115,0.33577335,12,8
-0.077231735,-0.04758671,0.46521875,0.45595023,0.6820695,0.6752409,0.47118348,0.4582147,0.92939824,0.8869668,0.37774083,12,8
0.045222186,-0.08520967,0.49798504,0.5499098,0.70568055,0.741559,0.5000301,0.55717045,1.0572006,0.9695548,0.34229234,12,8
0.044082765,-0.0909275,0.5016773,0.4713145,0.7082918,0.6865235,0.5036205,0.47958234,0.9832028,0.9167936,0.37774643,12,8
-0.11374882,-0.03583765,0.5077704,0.5417669,0.7125801,0.73604816,0.5207092,0.54305124,1.0637604,0.9731077,0.34179226,14,8
0.07588568,-0.031795926,0.48450333,0.5282955,0.69606274,0.7268394,0.49026197,0.52930653,1.0195684,0.9478378,0.3480975,14,8
0.00021064933,0.07411607,0.4959134,0.5324629,0.7042112,0.72970057,0.49591345,0.53795606,1.0338695,0.95474315,0.3497643,14,8
-0.023827212,0.14300777,0.44569775,0.5759313,0.667606,0.75890136,0.4462655,0.5963825,1.0426481,0.9673326,0.32697958,14,8
0.064447895,-0.023856841,0.53480756,0.49956447,0.73130536,0.70679873,0.53896105,0.50013363,1.0390947,0.9520324,0.36431977,14,8
0.051321443,-0.041058592,0.5634786,0.441873,0.75065213,0.6647353,0.56611246,0.4435588,1.0096713,0.9457545,0.33944014,14,8
0.079485305,0.032773916,0.4928036,0.5273878,0.7019997,0.7262147,0.49912155,0.52846193,1.0275834,0.9458969,0.36450297,14,8
0.069390215,0.004139701,0.526641,0.4211076,0.7257004,0.64892805,0.531456,0.42112473,0.9525807,0.909696,0.3536013,16,8
0.020646336,-0.0860464,0.5067785,0.4327766,0.7118838,0.6578576,0.5072048,0.44018057,0.9473854,0.9041976,0.3602944,16,8
-0.07691723,0.012864884,0.49973965,0.45876113,0.70692265,0.67731905,0.5056559,0.45892662,0.96458244,0.9141879,0.35894704,16,8
0.013795305,0.05993869,0.47711128,0.56171536,0.6907324,0.74947673,0.4773016,0.56530803,1.0426097,0.9633155,0.3385747,16,8
0.00036389753,0.025216807,0.52136314,0.5209271,0.7220548,0.72175276,0.5213633,0.521563,1.0429263,0.9585859,0.35219225,16,8
0.017850291,0.02156203,0.4354031,0.531986,0.65985084,0.7293737,0.43572176,0.532451,0.96817267,0.9191271,0.3512521,16,8
-0.15701512,0.049355265,0.5370047,0.4293918,0.732806,0.65527993,0.5616584,0.43182772,0.99348605,0.9355772,0.34377524,16,8
-0.054662827,0.014695197,0.4785651,0.5994147,0.691784,0.7742188,0.48155314,0.5996307,1.0811838,0.98592174,0.33036667,16,8
-0.08373566,-0.02160065,0.46085572,0.55063385,0.6788635,0.7420471,0.46786737,0.55110043,1.0189679,0.9473661,0.34851852,16,8
-0.10940747,-0.032169707,0.42937934,0.5087303,0.65527046,0.7132533,0.44134933,0.5097652,0.95111454,0.9130084,0.34282678,16,8
0.028458903,-0.04012514,0.44445485,0.5317924,0.6666745,0.72924095,0.44526476,0.53340244,0.9786672,0.93088794,0.3348356,18,8
0.013476146,-0.02545192,0.60497564,0.417365,0.7778018,0.64603794,0.60515726,0.4180128,1.02317,0.94958854,0.3484992,18,8
0.10395381,-0.07039753,0.4733538,0.4864739,0.6880071,0.6974768,0.4841602,0.4914297,0.9755899,0.92259896,0.35270533,18,8
0.10788534,-0.05924728,0.5003071,0.5613182,0.7073239,0.7492117,0.5119463,0.5648284,1.0767747,0.9763709,0.35138962,18,8
-0.08929792,0.027202345,0.56629676,0.4805162,0.75252694,0.6931928,0.57427084,0.48125616,1.0555271,0.9642488,0.35461438,18,8
0.003927652,0.02048682,0.48137718,0.4852258,0.6938135,0.6965815,0.48139262,0.4856455,0.9670381,0.91639596,0.3567304,20,8
0.15131001,-0.008251339,0.5143157,0.49482474,0.7171581,0.7034378,0.53721046,0.49489284,1.0321033,0.9543841,0.348216,20,8
0.08785683,-0.02774699,0.5192901,0.4842838,0.72061783,0.695905,0.527009,0.4850537,1.0120627,0.9448395,0.34545785,20,8
-0.043522608,-0.05438041,0.48996764,0.463857,0.69997686,0.6810705,0.49186188,0.46681428,0.9586761,0.91746783,0.34194863,20,8
0.05473663,0.05439741,0.5490002,0.5129935,0.74094546,0.71623564,0.5519963,0.5159526,1.0679488,0.95966667,0.3833913,20,8
-0.09258584,0.05476719,0.49673635,0.50974363,0.70479524,0.7139633,0.50530845,0.5127431,1.0180515,0.94568026,0.35176757,20,8
0.013300169,0.1082836,0.47912055,0.50842804,0.69218534,0.7130414,0.4792975,0.5201534,0.9994509,0.94496113,0.3263424,20,8
-0.007242389,0.034476165,0.5039415,0.447746,0.70988834,0.66913825,0.5039939,0.4489346,0.95292854,0.9089588,0.35598102,22,8
-0.026067168,-0.031559177,0.4729703,0.5082865,0.68772835,0.7129421,0.4736498,0.50928247,0.9829322,0.93647784,0.32548663,22,8
0.06665806,0.050402343,0.4819206,0.56025326,0.694205,0.7485007,0.48636392,0.56279373,1.0491576,0.96100223,0.35444665,22,8
-0.03555106,0.120514795,0.5444429,0.49187142,0.7378637,0.70133543,0.54570675,0.5063952,1.052102,0.96892065,0.33659273,22,8
-0.019566692,-0.015358828,0.49870276,0.5082493,0.7061889,0.712916,0.49908563,0.5084852,1.0075707,0.9416047,0.34778064,22,8
-0.023810156,-0.19540626,0.48013914,0.46311975,0.69292074,0.680529,0.48070607,0.5013033,0.9820094,0.9277547,0.34825373,24,9
-0.07290185,0.040279433,0.46235222,0.5636864,0.67996484,0.7507905,0.46766686,0.5653088,1.0329757,0.9608836,0.33117723,24,9
-0.015635245,0.09616534,0.5095602,0.48615104,0.7138349,0.6972453,0.50980467,0.49539882,1.0052035,0.94700813,0.32920986,24,9
-0.006129913,-0.055716865,0.490238,0.50428295,0.70017,0.71012884,0.49027562,0.5073873,0.9976629,0.9264813,0.37322286,24,9
0.087604314,0.038407512,0.44307354,0.5266575,0.6656377,0.72571176,0.45074806,0.5281327,0.97888076,0.927002,0.34575707,24,9
-0.03465818,0.040443916,0.4673434,0.5522308,0.68362516,0.74312234,0.4685446,0.5538665,1.0224111,0.9502302,0.3456497,24,9
-0.060924582,-0.1305071,0.4295269,0.5181593,0.655383,0.7198328,0.43323871,0.53519136,0.96843004,0.92195,0.34414852,24,9
0.06940942,0.026635472,0.5097404,0.5316267,0.71396106,0.72912735,0.5145581,0.5323361,1.0468943,0.96604633,0.33711812,26,9
0.0012494009,0.10506014,0.45031887,0.52165604,0.671058,0.7222576,0.45032048,0.5326936,0.98301405,0.9339235,0.33286792,26,9
-0.09251269,-0.024846975,0.47158432,0.52780956,0.68671995,0.72650504,0.4801429,0.52842695,1.0085697,0.93778807,0.35933736,26,9
-0.117350765,-0.0108404085,0.52555245,0.495143,0.72494996,0.703664,0.5393236,0.49526048,1.034584,0.9614494,0.33196276,26,9
0.05433812,0.073309176,0.45739397,0.5624515,0.6763091,0.74996763,0.4603466,0.5678257,1.0281723,0.9651381,0.3109353,26,9
0.061863538,0.08829032,0.49010584,0.523354,0.70007557,0.72343206,0.49393293,0.53114915,1.0250821,0.9494579,0.35158458,26,9
-0.16437076,0.02778677,0.46526313,0.52222455,0.68210196,0.72265106,0.4922809,0.52299666,1.0152775,0.9454404,0.34845367,26,9
-0.029821852,-0.028344803,0.5053779,0.47103995,0.71089935,0.6863235,0.50626725,0.47184336,0.9781106,0.9255254,0.34858754,26,9
0.0089796195,5.351007e-05,0.51419246,0.47387832,0.7170721,0.6883882,0.51427305,0.47387832,0.98815143,0.930726,0.34914267,26,9
0.078543216,-0.024454074,0.49773234,0.48863137,0.7055015,0.6990217,0.50390136,0.48922935,0.9931306,0.93550575,0.3434525,26,9
-0.12699983,-0.043235328,0.5491748,0.48278326,0.7410633,0.69482607,0.5653038,0.48465258,1.0499563,0.96323806,0.34946924,26,9
-0.09619802,-0.05029016,0.47812957,0.52524245,0.69146913,0.7247361,0.4873836,0.52777153,1.0151552,0.94907796,0.3382399,28,9
-0.1366291,-0.0006911969,0.49448466,0.5110198,0.70319605,0.7148565,0.5131522,0.5110203,1.0241724,0.9537856,0.33832738,28,9
0.023368716,-0.0026672669,0.5476959,0.4996238,0.7400648,0.7068407,0.54824203,0.49963093,1.0478729,0.97283024,0.3185504,28,9
-0.030888759,-0.0034626126,0.4818651,0.47919536,0.69416505,0.6922394,0.48281923,0.47920734,0.9620266,0.9161239,0.35034767,28,9
0.0022606952,-0.12750635,0.44484806,0.45463887,0.6669693,0.67426914,0.4448532,0.47089675,0.9157499,0.88774157,0.35730216,28,9
0.014555626,2.8876588e-05,0.4760753,0.51689154,0.6899821,0.7189517,0.47628716,0.51689154,0.99317867,0.9308082,0.3560545,28,9
-0.05106785,-0.088929325,0.4454333,0.5132078,0.6674079,0.71638525,0.4480412,0.5211162,0.96915746,0.9187628,0.3535992,28,9
-0.056643076,0.06631608,0.43537515,0.5627878,0.6598296,0.7501918,0.43858358,0.5671855,1.0057691,0.94043267,0.34836122,28,9
0.111771524,0.09193313,0.45847657,0.53582966,0.677109,0.73200387,0.47096944,0.54428136,1.0152508,0.95664203,0.31636494,28,9
0.056611575,-0.00069789216,0.55920684,0.48208034,0.74780136,0.6943201,0.5624117,0.48208082,1.0444925,0.9624788,0.34369624,30,9
0.068626374,0.026803998,0.518472,0.49126938,0.72005004,0.7009061,0.52318156,0.49198782,1.0151694,0.94960165,0.3367879,30,9
0.06239756,-0.047149267,0.525808,0.5317177,0.7251262,0.72918975,0.5297015,0.53394073,1.0636423,0.96394944,0.36666557,30,9
0.08241081,-0.04570424,0.45584527,0.51370746,0.67516315,0.7167339,0.4626368,0.5157963,0.97843313,0.9268703,0.34546292,30,9
-0.009232913,0.023705883,0.48245448,0.52018195,0.69458944,0.7212364,0.4825397,0.52074397,1.0032836,0.9417764,0.34108782,30,9
-0.015358549,0.048637897,0.48485473,0.50217646,0.6963151,0.7086441,0.4850906,0.5045421,0.9896327,0.92977273,0.35377303,30,9
0.05282114,-0.003765801,0.45137295,0.5422456,0.67184293,0.7363733,0.454163,0.54225975,0.99642277,0.93936354,0.33766684,30,9
0.04922399,0.06739776,0.52801037,0.47139886,0.7266432,0.68658495,0.53043336,0.4759413,1.0063746,0.94552445,0.3351987,30,9
0.04755995,-0.11500614,0.502023,0.48580623,0.7085358,0.696998,0.5042849,0.49903268,1.0033176,0.9393549,0.3477498,30,9
0.008508222,0.023455448,0.4938541,0.48990807,0.7027475,0.6999343,0.4939265,0.49045825,0.9843847,0.9316184,0.34127983,30,9
-0.007673839,0.06853065,0.48849958,0.46524686,0.69892746,0.68209004,0.48855844,0.46994328,0.9585017,0.90697527,0.36864302,30,9
-0.011427664,0.016254168,0.5039687,0.47991967,0.70990753,0.6927624,0.50409937,0.4801839,0.9842832,0.87953365,0.45902482,-20,9
0.010902492,0.015577271,0.4920416,0.53720856,0.7014568,0.73294514,0.49216044,0.53745127,1.0296117,0.89684534,0.47463688,-20,9
-0.0138416635,-0.022186331,0.49534172,0.49455303,0.70380515,0.7032446,0.49553326,0.49504524,0.9905785,0.88429487,0.45672876,-20,9
0.026554499,-0.0010051066,0.50685745,0.5208022,0.7119392,0.7216663,0.50756264,0.5208032,1.0283659,0.892502,0.4814623,-20,9
-0.015727442,0.029006701,0.53591084,0.46822315,0.7320593,0.68426836,0.5361582,0.46906453,1.0052228,0.8874047,0.46662158,-20,9
-0.0052458574,0.03841826,0.49268416,0.49393636,0.7019146,0.70280606,0.49271166,0.49541232,0.9881241,0.8845166,0.45360163,-20,9
0.0055589103,-0.022217643,0.5024767,0.4871408,0.7088559,0.6979547,0.5025076,0.48763445,0.990142,0.8867776,0.45140624,-18,9
0.005376257,0.0044226726,0.5214208,0.4910418,0.7220947,0.70074373,0.5214497,0.4910614,1.012511,0.88463134,0.47951898,-18,9
-0.0010515172,0.033720333,0.5146668,0.47096837,0.7174028,0.68627137,0.51466787,0.47210544,0.98677325,0.87647545,0.4675085,-18,9
-0.027436942,-0.003745757,0.48385668,0.47168177,0.69559807,0.68679094,0.48460943,0.4716958,0.95630527,0.87106407,0.44446892,-18,9
0.008340698,-0.0063666096,0.49287936,0.49464715,0.70205367,0.70331156,0.49294895,0.49468768,0.98763657,0.88294536,0.45611855,-18,9
0.015103598,-0.03387189,0.49661997,0.48299035,0.7047127,0.6949751,0.49684805,0.48413768,0.9809857,0.87991846,0.45467487,-18,9
-0.019470362,0.021454606,0.5260253,0.5083847,0.725276,0.713011,0.5264044,0.5088451,1.0352495,0.900988,0.47272626,-18,9
0.0058958177,-0.022459488,0.46535873,0.5156191,0.68217206,0.7180662,0.46539348,0.51612353,0.9815171,0.8815329,0.45212466,-16,9
0.020660246,-0.020468634,0.4847058,0.4849953,0.6962082,0.696416,0.48513263,0.4854143,0.97054696,0.881644,0.439603,-16,9
0.011679938,-0.028214157,0.4833476,0.5101949,0.69523203,0.7142793,0.48348397,0.510991,0.99447495,0.88508725,0.4594513,-16,9
-0.003654622,0.014620534,0.49316043,0.5147871,0.7022538,0.7174866,0.49317378,0.5150008,1.0081745,0.8885722,0.4675618,-16,9
0.003405435,-0.0030662548,0.49554074,0.501111,0.70394653,0.70789194,0.4955523,0.50112045,0.99667263,0.88690454,0.45833728,-16,9
-0.008763412,0.043642223,0.4867247,0.50420684,0.6976566,0.71007526,0.4868015,0.50611144,0.992913,0.88619435,0.45560133,-16,9
-0.039938465,0.006087199,0.53275394,0.46821612,0.72989994,0.68426317,0.534349,0.4682532,1.0026021,0.8842814,0.46973252,-14,9
-0.0288386,0.009399392,0.48657727,0.49770623,0.6975509,0.70548296,0.48740894,0.49779457,0.98520356,0.8722131,0.47375926,-14,9
0.011025969,-0.013519215,0.5114732,0.47775972,0.71517354,0.6912016,0.51159465,0.47794247,0.9895372,0.87540996,0.47243476,-14,9
-0.015368175,0.004452148,0.51275545,0.50709105,0.71606946,0.71210325,0.51299167,0.5071109,1.0201025,0.89527225,0.46753624,-14,9
-0.017453767,0.001817991,0.5118383,0.54359674,0.71542877,0.73729014,0.5121429,0.54359996,1.055743,0.9083159,0.48031774,-14,9
0.031167777,0.01607328,0.47401577,0.5276432,0.688488,0.72639054,0.47498715,0.5279016,1.0028887,0.88878703,0.46146113,-14,9
-0.0024199896,-0.00686689,0.49471375,0.5016299,0.7033589,0.70825833,0.49471962,0.50167704,0.99639666,0.88800305,0.45590267,-14,9
0.010566723,-0.007932709,0.51285666,0.48087263,0.7161401,0.6934498,0.5129683,0.48093557,0.99390393,0.8778925,0.4724497,-14,9
-0.014686527,0.0034890636,0.5055789,0.5210806,0.7110407,0.72185916,0.5057945,0.5210927,1.0268872,0.8974241,0.47065607,-14,9
0.012562814,-0.0073873866,0.51344764,0.49144667,0.7165526,0.7010326,0.5136055,0.49150124,1.0051067,0.89767563,0.44641367,-12,9
-0.012783399,-0.002991187,0.49846688,0.49502134,0.70602185,0.7035775,0.4986303,0.4950303,0.9936607,0.8931951,0.44256428,-12,9
-0.0048553403,0.00024190824,0.49164456,0.4814725,0.7011737,0.69388217,0.49166816,0.4814725,0.97314066,0.8748008,0.45592132,-12,9
0.019505987,0.017963314,0.48997802,0.51103634,0.6999843,0.71486807,0.49035856,0.51135904,1.0017176,0.87957513,0.47756156,-12,9
0.032252762,0.017880637,0.4987667,0.4793933,0.70623416,0.69238234,0.49980694,0.47971302,0.97951996,0.8767431,0.45917478,-12,9
0.009018373,0.022598896,0.49785453,0.5064523,0.7055881,0.71165466,0.49793586,0.5069631,1.004899,0.8859223,0.46908492,-12,9
0.0247599,-0.0066464134,0.51659286,0.48990318,0.7187439,0.69993085,0.5172059,0.48994735,1.0071533,0.8880695,0.46742466,-12,9
0.000544318,0.026447566,0.49477708,0.49076146,0.70340395,0.7005437,0.4947774,0.49146095,0.98623836,0.88290024,0.45467073,-12,9
0.04436796,-0.0031125369,0.50706404,0.5173781,0.7120843,0.71929,0.50903255,0.5173878,1.0264204,0.89987516,0.4654515,-10,9
-0.0025810143,0.01865529,0.499591,0.4994136,0.7068175,0.70669204,0.49959767,0.49976164,0.9993593,0.8897501,0.45574567,-10,9
0.043707497,0.034875672,0.49387977,0.5265867,0.7027658,0.72566295,0.4957901,0.527803,1.0235932,0.89632785,0.46924362,-10,9
-0.001855081,-0.010019419,0.5108084,0.4658293,0.7147086,0.6825169,0.51081187,0.46592972,0.97674155,0.8683275,0.4719629,-10,9
-0.029312428,0.01667455,0.4970952,0.52850866,0.7050498,0.726986,0.49795443,0.52878666,1.026741,0.8945669,0.47591084,-10,9
-0.0020451937,0.009319174,0.51777023,0.49257654,0.71956253,0.70183796,0.51777446,0.49266338,1.0104378,0.8874096,0.47216734,-10,9
0.008527776,0.0010695145,0.4687091,0.49918187,0.68462336,0.706528,0.4687818,0.49918303,0.96796477,0.870442,0.45858,-10,9
0.03600567,-0.039068695,0.48045006,0.46964753,0.69314504,0.68530834,0.48174644,0.47117382,0.95292026,0.8672572,0.44809064,-10,9
0.0019944618,-0.0008326918,0.49701214,0.50026727,0.70499086,0.7072957,0.49701613,0.5002679,0.997284,0.8820539,0.46825734,-10,9
0.03002623,0.016516697,0.5064868,0.51279,0.71167886,0.7160936,0.50738835,0.51306283,1.0204511,0.8921763,0.47378558,-8,9
-0.012604149,0.018101247,0.48192018,0.47853392,0.6942047,0.6917615,0.4820791,0.47886157,0.96094066,0.8657501,0.45980155,-8,9
0.026930902,-0.013615012,0.46615297,0.5223843,0.682754,0.7227616,0.46687827,0.52256966,0.98944795,0.881557,0.46076596,-8,9
-0.0052935984,-0.0060560033,0.4727514,0.4888104,0.6875692,0.6991498,0.47277942,0.48884702,0.9616264,0.8704118,0.45167437,-8,9
0.044763714,-0.010855374,0.4735,0.5495006,0.6881134,0.74128306,0.4755038,0.54961836,1.0251222,0.90477395,0.45442966,-8,9
0.020375166,0.004920493,0.48886997,0.4952495,0.69919235,0.70373964,0.48928508,0.49527374,0.9845588,0.88243747,0.45372128,-8,9
0.052477594,0.008681035,0.49182403,0.4996404,0.7013017,0.70685244,0.49457794,0.49971578,0.9942937,0.89098775,0.44769916,-8,9
-0.011611744,0.04061625,0.5143399,0.48136353,0.71717495,0.69380367,0.51447475,0.48301318,0.99748796,0.88187605,0.46880975,-8,9
-0.03208752,0.027748566,0.55151683,0.48481327,0.7426418,0.69628537,0.5525464,0.48558328,1.0381298,0.90670025,0.4647842,-8,9
0.021985384,-0.00608435,0.4902745,0.4874236,0.700196,0.6981573,0.49075785,0.48746064,0.97821844,0.8766587,0.45791698,-8,9
-0.011908864,-0.016292349,0.49075398,0.49417353,0.70053834,0.7029748,0.4908958,0.49443895,0.9853348,0.87682986,0.46530017,-8,9
0.033869598,0.047826316,0.49703225,0.5005226,0.70500517,0.7074762,0.49817944,0.50280994,1.0009893,0.88790655,0.46109787,-6,9
-0.012131726,0.01537235,0.47347224,0.54028046,0.6880932,0.73503774,0.47361943,0.54051685,1.0141363,0.8966104,0.45850408,-6,9
0.008947435,-0.028310766,0.48222214,0.49290717,0.6944222,0.70207345,0.48230222,0.49370867,0.9760109,0.8710034,0.46622312,-6,9
0.04411647,0.022107976,0.49532288,0.5213914,0.7037918,0.7220744,0.49726918,0.52188015,1.0191493,0.9028375,0.451701,-6,9
-0.033140473,-0.013445784,0.49752963,0.5044422,0.7053578,0.71024096,0.49862793,0.50462306,1.003251,0.8899965,0.4595184,-6,9
0.015120514,-0.034268297,0.48276454,0.5027169,0.6948126,0.7090253,0.48299313,0.5038912,0.98688436,0.88576937,0.4497744,-6,9
-0.01008964,0.030867495,0.47901514,0.53423476,0.6921092,0.73091364,0.47911698,0.53518754,1.0143046,0.8950854,0.4616564,-6,9
-0.008975871,0.017280001,0.5189186,0.48082986,0.72036004,0.693419,0.5189991,0.48112845,1.0001276,0.8843284,0.46700191,-6,9
-0.07486153,-0.018590312,0.4904381,0.46805727,0.70031285,0.6841471,0.49604237,0.46840286,0.96444523,0.8722855,0.45117977,-6,9
0.031191958,-0.017374482,0.51841927,0.49239668,0.7200134,0.7017098,0.51939225,0.49269858,1.0120908,0.89560646,0.4582356,-4,9
0.040753886,0.043953344,0.52682245,0.48940855,0.72582537,0.6995774,0.5284834,0.49134046,1.0198238,0.8921687,0.4731372,-4,9
-0.008629379,-0.04643119,0.49493784,0.503878,0.7035182,0.70984364,0.49501228,0.5060339,1.0010462,0.88897765,0.4590914,-4,9
-0.022199214,0.034233514,0.50482404,0.5021123,0.7105097,0.70859885,0.5053169,0.5032842,1.0086012,0.88725424,0.47051138,-4,9
-0.006662923,-0.012183779,0.5389498,0.48946372,0.734132,0.69961685,0.5389942,0.48961216,1.0286063,0.8990126,0.4694493,-4,9
0.048568487,-0.057024408,0.5295763,0.46743357,0.72771996,0.68369114,0.5319352,0.4706854,1.0026206,0.8864618,0.4656244,-4,9
0.00086068874,-0.0007920256,0.51760745,0.47228688,0.7194494,0.6872313,0.51760817,0.47228748,0.9898957,0.88324314,0.45801446,-4,9
0.018663988,-0.05409283,0.48055148,0.5209409,0.69321823,0.72176236,0.4808998,0.5238669,1.0047667,0.88335633,0.47375977,-4,9
0.044124726,-0.017199647,0.49094784,0.4914087,0.7006767,0.7010055,0.49289486,0.49170455,0.98459935,0.88451946,0.44969392,-2,9
0.021408167,0.046174277,0.47852802,0.4791811,0.6917572,0.6922291,0.47898632,0.48131317,0.96029955,0.8745014,0.4422068,-2,9
-0.013980935,0.018938491,0.5279247,0.49741817,0.72658426,0.7052788,0.52812016,0.4977768,1.025897,0.9021411,0.4604763,-2,9
-0.01042182,0.07259479,0.50454813,0.4826495,0.7103155,0.6947298,0.5046568,0.48791948,0.99257624,0.8840823,0.4593198,-2,9
-0.06912141,0.04265731,0.482935,0.46600366,0.69493526,0.6826446,0.48771274,0.46782333,0.95553607,0.8680967,0.44938207,-2,9
0.039184786,0.049933724,0.49252024,0.5275109,0.70179784,0.72629946,0.4940557,0.53000426,1.02406,0.911474,0.43963072,0,9
-0.019078232,0.007850777,0.5433574,0.4915383,0.7371278,0.7010979,0.5437214,0.49159998,1.0353212,0.9068116,0.46153438,0,9
0.02602621,0.015997306,0.5368036,0.45681405,0.7326688,0.6758802,0.53748095,0.45706993,0.9945509,0.89395547,0.4420345,0,9
0.02602046,-0.035748016,0.5329801,0.44595152,0.73005486,0.667796,0.53365713,0.44722944,0.9808866,0.8813064,0.4518689,0,9
-0.04268283,0.030736275,0.45345473,0.47343898,0.67339045,0.68806905,0.45527655,0.47438368,0.9296602,0.86437595,0.4272171,0,9
-0.016628165,0.10939774,0.46199065,0.49521053,0.67969894,0.703712,0.4622672,0.50717837,0.9694456,0.8882358,0.4248325,2,9
0.090356186,0.009665389,0.50938,0.53222406,0.71370864,0.7295369,0.51754415,0.53231746,1.0498617,0.921118,0.44877967,2,9
-0.014278645,0.039663687,0.47774985,0.48878586,0.69119453,0.6991322,0.47795373,0.49035907,0.9683128,0.89454293,0.410007,2,9
-0.10061894,0.0565501,0.42538685,0.50684494,0.65221685,0.71193045,0.43551105,0.5100429,0.9455539,0.8759484,0.42221817,2,9
0.05453971,-0.08579678,0.54698366,0.48723084,0.73958343,0.6980192,0.5499582,0.49459195,1.0445502,0.92254186,0.43984848,2,9
0.03446059,0.0071708765,0.4630552,0.5006799,0.6804816,0.70758736,0.46424273,0.50073135,0.9649741,0.8837272,0.4289526,2,9
-0.067144625,0.06340918,0.512067,0.5126929,0.71558857,0.71602577,0.51657546,0.5167137,1.0332892,0.9206345,0.4309538,2,9
0.08829484,-0.054854758,0.4929785,0.5167631,0.7021243,0.71886235,0.5007745,0.5197722,1.0205467,0.916307,0.42535663,2,9
0.05995151,-0.03300237,0.5504056,0.49175084,0.7418933,0.7012495,0.5539998,0.49284005,1.0468398,0.9214145,0.44478652,4,9
0.17491244,0.07823838,0.4727176,0.5352216,0.68754464,0.73158836,0.503312,0.54134285,1.0446548,0.9300385,0.42389053,4,9
-0.038366154,0.065471806,0.5578385,0.44446954,0.7468859,0.66668546,0.55931044,0.4487561,1.0080665,0.92219484,0.39701793,6,9
0.119821325,-0.103305824,0.518435,0.42044073,0.7200243,0.648414,0.53279215,0.43111283,0.963905,0.88687986,0.42112833,6,9
-0.0151623,-0.09062876,0.44457543,0.50386477,0.6667649,0.70983434,0.44480532,0.5120783,0.9568836,0.8823424,0.42232162,6,9
-0.09622434,-0.1093266,0.45555046,0.49942875,0.67494476,0.7067027,0.4648096,0.51138103,0.9761906,0.89289117,0.42300823,6,9
0.026670042,-0.03061849,0.49296066,0.5023965,0.7021116,0.70879936,0.49367195,0.5033339,0.99700594,0.9162383,0.39687937,6,9
-0.02081832,-0.065582894,0.49001032,0.5503473,0.7000074,0.74185395,0.4904437,0.5546484,1.0450921,0.9237594,0.43790486,6,9
-0.14266932,0.060692597,0.44172317,0.47957146,0.6646226,0.69251096,0.4620777,0.4832551,0.94533277,0.88023597,0.41293755,6,9
-0.12903112,-0.04222863,0.52229863,0.53455085,0.7227023,0.7311298,0.5389476,0.5363341,1.0752817,0.9482296,0.4196933,6,9
-0.10291277,0.0069724545,0.541329,0.49583358,0.7357507,0.7041545,0.55192006,0.49588224,1.0478023,0.93719065,0.41167453,6,9
0.037259478,0.00081426464,0.5080872,0.4812917,0.71280235,0.69375193,0.5094755,0.4812924,0.99076784,0.8944451,0.436733,6,9
-0.08837858,-0.037887253,0.51797396,0.46677643,0.7197041,0.6832104,0.52578473,0.4682119,0.9939966,0.91344583,0.3995163,8,9
0.0071395924,-0.059575856,0.463286,0.4765008,0.6806512,0.6902904,0.463337,0.4800501,0.94338703,0.87042725,0.43097973,8,9
-0.054257013,0.104712896,0.50693935,0.46761554,0.71199673,0.6838242,0.50988317,0.4785804,0.9884635,0.90540516,0.4107371,8,9
-0.004430024,0.1318659,0.4498865,0.44290686,0.6707358,0.6655125,0.44990617,0.46029547,0.91020155,0.8656702,0.40101963,8,9
0.010731069,0.030272072,0.5272767,0.48160917,0.72613823,0.6939807,0.5273919,0.48252553,1.0099174,0.9185209,0.40772152,8,9
0.0039093103,-0.09661947,0.5038135,0.45074356,0.7097982,0.6713744,0.50382876,0.46007887,0.9639077,0.8982836,0.396225,8,9
0.08166811,0.07838076,0.4437489,0.54494715,0.6661448,0.7382054,0.45041856,0.5510907,1.0015093,0.92575246,0.38012058,8,9
-0.026213907,-0.012245417,0.5798454,0.45236152,0.7614758,0.6725783,0.58053255,0.4525115,1.0330441,0.91450644,0.44353354,8,9
0.09635506,-0.07638836,0.52823555,0.42219645,0.7267982,0.64976645,0.5375199,0.42803162,0.9655515,0.9030537,0.38735706,10,9
-0.041228145,-0.035483718,0.43487573,0.5129162,0.65945107,0.7161817,0.43657547,0.51417536,0.9507508,0.8828954,0.41381937,10,9
-0.059352946,0.06539086,0.46985435,0.5234041,0.68545926,0.72346675,0.4733771,0.5276801,1.0010571,0.9070712,0.42223117,10,9
-0.042359225,0.05122052,0.44556963,0.55468047,0.66751003,0.74476874,0.44736394,0.557304,1.004668,0.9218621,0.3934949,10,9
0.016995478,-0.08713457,0.47051454,0.48205614,0.6859406,0.6943026,0.47080338,0.48964858,0.96045196,0.8922093,0.40548065,10,9
-0.091604,0.081576794,0.5053424,0.50848955,0.7108744,0.7130845,0.51373374,0.51514435,1.028878,0.9272419,0.41121826,10,9
0.031312153,-0.04872512,0.48729318,0.5081341,0.6980639,0.71283525,0.4882736,0.5105083,0.99878186,0.91421926,0.40371397,12,9
-0.0030107927,0.10079515,0.46526337,0.4809136,0.68210214,0.69347936,0.46527243,0.49107325,0.9563457,0.8811301,0.4242116,12,9
-0.005927475,0.12486978,0.3778755,0.5472491,0.6147158,0.73976284,0.37791067,0.56284153,0.94075227,0.88386995,0.39940733,12,9
-0.09170627,0.07325693,0.5206847,0.42067415,0.72158486,0.64859396,0.5290948,0.42604074,0.9551355,0.8857332,0.41305238,12,9
0.0459891,0.0034803692,0.48627082,0.45904955,0.6973312,0.67753196,0.4883858,0.45906168,0.9474475,0.89550257,0.3814743,12,9
-0.12335004,-0.07084618,0.41466329,0.5213448,0.64394355,0.7220421,0.4298785,0.52636397,0.95624244,0.890356,0.40436205,12,9
0.05427347,0.08551731,0.46949574,0.5794019,0.6851976,0.7611846,0.47244135,0.5867151,1.0591564,0.94727945,0.4022663,12,9
0.048549756,0.041124925,0.47533774,0.5223298,0.6894474,0.7227239,0.47769484,0.524021,1.0017159,0.913472,0.40900466,12,9
-0.059803765,0.03452224,0.4940632,0.4781806,0.7028963,0.691506,0.4976397,0.4793724,0.97701204,0.9032879,0.40135148,12,9
-0.06469549,-0.006547969,0.521914,0.4862826,0.7224362,0.69733965,0.5260995,0.48632547,1.012425,0.92439616,0.39738742,12,9
-0.006731892,0.033881817,0.43817163,0.53285015,0.66194534,0.72996587,0.43821692,0.533998,0.97221494,0.88745165,0.4297029,14,9
0.06794196,-0.005671,0.5047441,0.5414024,0.71045345,0.7358005,0.5093602,0.5414345,1.0507948,0.9382806,0.41282478,14,9
0.03954961,-0.040847447,0.5777235,0.48340446,0.76008123,0.6952729,0.5792877,0.485073,1.0643607,0.9444467,0.41518813,14,9
0.0165489,0.060842305,0.58101463,0.45957857,0.76224315,0.67792225,0.5812886,0.46328035,1.0445689,0.94542444,0.38825443,14,9
-0.085627645,0.112916104,0.47842315,0.48322907,0.6916814,0.6951468,0.48575526,0.49597913,0.9817344,0.90469265,0.40406144,16,9
0.06963014,-0.1188993,0.39955932,0.5338558,0.632107,0.73065436,0.40440768,0.54799277,0.95240045,0.8943552,0.39055,16,9
-0.02436012,0.039668426,0.5042844,0.5584829,0.71012986,0.74731714,0.5048778,0.5600565,1.0649344,0.9306427,0.44591308,16,9
-0.12012443,0.11646582,0.52957106,0.46922937,0.7277163,0.68500316,0.54400086,0.48279363,1.0267946,0.92101455,0.4225242,16,9
0.0120798685,-0.038040817,0.5285594,0.47240105,0.7270209,0.6873144,0.5287053,0.47384816,1.0025535,0.9097656,0.41818646,18,9
-0.13611206,-0.0056216065,0.46629325,0.5170095,0.6828567,0.7190337,0.4848197,0.51704115,1.0018609,0.89559186,0.4469631,18,9
-0.027659964,-0.030741353,0.48602957,0.54373085,0.6971582,0.7373811,0.48679462,0.5446759,1.0314705,0.92033696,0.42947686,18,9
-0.008853868,-0.07178607,0.47508225,0.5183653,0.6892621,0.71997595,0.47516066,0.52351856,0.99867916,0.90058243,0.43316332,20,9
0.028571242,0.1027468,0.49611914,0.5100896,0.70435727,0.71420556,0.4969355,0.5206465,1.0175819,0.9203898,0.41287357,20,9
-0.03498265,0.10269806,0.5137086,0.5262637,0.71673465,0.7254404,0.5149324,0.53681064,1.051743,0.93508166,0.42114767,20,9
0.0372146,-0.0064897984,0.5342792,0.5409252,0.73094404,0.7354762,0.5356642,0.5409673,1.0766315,0.95875543,0.3967613,22,9
0.061536424,0.08373579,0.49646193,0.47176015,0.7046006,0.686848,0.5002487,0.47877184,0.9790205,0.89682525,0.41800115,22,9
0.06665747,0.01897752,0.4663359,0.48087198,0.6828879,0.6934493,0.4707791,0.48123214,0.9520112,0.8923731,0.394565,22,9
0.0062224064,0.055581413,0.48426467,0.45259118,0.69589126,0.672749,0.48430339,0.4556805,0.93998384,0.8784909,0.41016766,22,9
-0.02534476,-0.021329902,0.49038678,0.45735365,0.7002762,0.67627925,0.49102914,0.4578086,0.94883776,0.88343,0.41035253,22,9
-0.11399434,-0.0711381,0.5690131,0.4437831,0.75432956,0.6661705,0.5820078,0.44884372,1.0308515,0.9111181,0.44801277,22,9
-0.096891016,0.07749671,0.48604023,0.51358855,0.69716585,0.7166509,0.49542812,0.51959425,1.0150224,0.9232277,0.40332735,22,9
-0.014338877,0.018631758,0.49987966,0.5161867,0.70702165,0.71846133,0.50008523,0.51653385,1.0166192,0.9167862,0.4196692,22,9
-0.02212612,-0.016031388,0.5355134,0.49888915,0.7317878,0.7063209,0.53600293,0.49914616,1.0351491,0.9303814,0.41175184,24,9
-0.089339286,-0.061248504,0.4930743,0.4838369,0.7021925,0.6955838,0.5010558,0.4875883,0.9886441,0.90659857,0.40831736,24,9
0.0066183507,-0.014687026,0.58617854,0.49380487,0.765623,0.70271254,0.58622235,0.49402058,1.0802429,0.94604814,0.43039036,24,10
0.011600051,-0.030899016,0.58654875,0.45615345,0.76586473,0.6753913,0.5866833,0.45710817,1.0437915,0.94366413,0.39152205,24,10
-0.012336545,-0.019075247,0.53043824,0.48393267,0.7283119,0.6956527,0.5305904,0.48429656,1.014887,0.915843,0.41966492,24,10
0.0523987,0.12998211,0.4954524,0.4072652,0.7038838,0.63817334,0.49819797,0.42416054,0.9223585,0.86703056,0.41305763,24,10
0.11934963,0.04199591,0.46170074,0.56522554,0.6794856,0.75181484,0.47594512,0.5669892,1.0429343,0.94979733,0.375259,24,10
0.0075352862,-0.0068707634,0.5364468,0.45783702,0.7324253,0.6766365,0.53650355,0.45788425,0.99438787,0.909443,0.4090246,26,10
-0.07107127,0.028302401,0.47302622,0.5172696,0.687769,0.71921456,0.47807732,0.5180706,0.99614793,0.9060038,0.41869456,26,10
0.021674097,-0.045913436,0.5915805,0.41059935,0.7691427,0.64078027,0.59205025,0.4127074,1.0047576,0.92158115,0.39426622,26,10
0.14756525,0.038083415,0.450526,0.49600974,0.6712123,0.7042796,0.47230148,0.49746013,0.9697616,0.90911216,0.37851915,26,10
0.03183817,0.023933148,0.3605399,0.6016884,0.60044974,0.7756857,0.3615536,0.6022612,0.96381474,0.8947028,0.40413082,26,10
0.05252894,0.029907066,0.52930456,0.48855656,0.7275332,0.69896823,0.53206384,0.489451,1.0215149,0.9234586,0.41077867,26,10
-0.050874487,-0.06613204,0.57909626,0.40576935,0.76098377,0.63700026,0.58168447,0.4101428,0.99182725,0.90014267,0.42611077,26,10
0.00017345324,0.0033591576,0.50213385,0.51551694,0.70861405,0.7179951,0.50213385,0.5155282,1.017662,0.93343496,0.38257182,26,10
0.16083963,-0.032697096,0.44682574,0.5168895,0.66845024,0.7189503,0.47269517,0.51795864,0.99065375,0.9085489,0.40643904,26,10
-0.02126497,0.09532629,0.5146357,0.44180846,0.7173811,0.66468674,0.51508784,0.45089555,0.9659834,0.8975463,0.40049222,28,10
-0.14722928,0.031681243,0.52838117,0.5318738,0.7268983,0.7292968,0.55005765,0.53287745,1.0829351,0.94094753,0.44446912,28,10
-0.17645541,-0.030250326,0.5063854,0.56520236,0.71160764,0.7517994,0.53752196,0.5661174,1.1036394,0.9611293,0.42411053,28,10
0.114197806,0.0072104298,0.47463664,0.5383127,0.6889388,0.73369795,0.48767778,0.53836465,1.0260425,0.9326785,0.39516225,28,10
0.11267685,0.030841991,0.46416378,0.40729678,0.68129563,0.6381981,0.4768598,0.408248,0.8851079,0.84931284,0.4046919,28,10
-0.009904651,0.038647726,0.55183035,0.44377142,0.74285287,0.6661617,0.5519284,0.44526508,0.9971936,0.914677,0.40069875,30,10
0.022859227,0.046243694,0.5008265,0.5015671,0.70769095,0.70821404,0.50134903,0.5037056,1.0050547,0.9156612,0.4081901,30,10
-0.07053417,-0.07645816,0.5074483,0.5426997,0.71235406,0.7366815,0.5124234,0.5485455,1.060969,0.9431663,0.41401228,30,10
-0.08557801,-0.109347805,0.57761747,0.45053685,0.7600115,0.6712204,0.584941,0.46249375,1.0474348,0.94424367,0.39476424,30,10
0.054949746,0.09444657,0.46986812,0.54216415,0.68546927,0.736318,0.4728876,0.5510843,1.023972,0.92296267,0.4148637,30,10
-0.00566769,0.06274891,0.538413,0.46127984,0.7337663,0.67917585,0.5384451,0.46521723,1.0036623,0.89109427,0.4578355,-20,10
0.0023380022,0.048894003,0.5039395,0.5331701,0.70988697,0.730185,0.503945,0.5355607,1.0395057,0.90422535,0.4710437,-20,10
0.00037254207,0.017114365,0.48620677,0.51609147,0.6972853,0.71839505,0.4862069,0.51638436,1.0025914,0.88289773,0.47231656,-20,10
0.00013897754,-0.015286783,0.49048656,0.4977762,0.7003475,0.70553255,0.49048653,0.49800992,0.9884964,0.8761103,0.47002897,-20,10
0.0066626817,-0.014479361,0.5238072,0.48185742,0.7237453,0.6941595,0.52385163,0.48206708,1.0059187,0.88847893,0.46532133,-20,10
0.025285557,0.041512348,0.5317962,0.53048706,0.7292436,0.72834545,0.53243566,0.53221035,1.064646,0.9171462,0.4727461,-20,10
-0.0038207949,0.026841652,0.54349434,0.47721875,0.7372207,0.6908102,0.543509,0.47793925,1.0214481,0.90070367,0.45845515,-20,10
0.007665721,-0.02886365,0.48296395,0.5128589,0.69495606,0.7161417,0.4830227,0.513692,0.9967147,0.88625634,0.45963517,-18,10
0.016630705,0.029120587,0.46541324,0.55057365,0.682212,0.7420065,0.4656898,0.55142164,1.0171115,0.8867439,0.48041305,-18,10
0.000946166,-0.0040106997,0.50391746,0.5105203,0.7098714,0.71450704,0.50391835,0.51053643,1.0144547,0.889808,0.47190732,-18,10
0.05383062,-0.005222902,0.503544,0.51399887,0.7096083,0.7169371,0.50644165,0.51402617,1.0204678,0.89015317,0.47759312,-18,10
-0.010757205,0.0062609557,0.5018623,0.51057184,0.7084224,0.7145431,0.50197804,0.510611,1.0125891,0.89410627,0.46169585,-18,10
0.029628575,-0.003010943,0.5184985,0.49341106,0.7200684,0.7024323,0.5193764,0.49342012,1.0127964,0.8940791,0.46197304,-16,10
0.027037604,-0.03712671,0.4822792,0.49721697,0.69446325,0.7051361,0.48301026,0.49859536,0.98160565,0.8803941,0.4544358,-16,10
0.007673258,0.0031443238,0.48782507,0.511042,0.6984447,0.714872,0.48788393,0.51105195,0.9989359,0.88051295,0.47289836,-16,10
0.021733899,0.020134054,0.5158294,0.45933193,0.7182126,0.67774034,0.51630175,0.4597373,0.97603905,0.87159127,0.4651534,-16,10
-0.010900205,0.0006875992,0.50940776,0.49529207,0.7137281,0.7037699,0.50952655,0.4952925,1.004819,0.8907359,0.45979193,-16,10
0.018373465,-0.008813718,0.4631036,0.49111027,0.68051714,0.7007926,0.4634412,0.49118793,0.9546292,0.8721067,0.44052142,-16,10
-0.00066911615,-0.013038652,0.52331305,0.48711583,0.7234038,0.69793683,0.5233134,0.48728585,1.0105994,0.89306474,0.46155682,-16,10
0.010632239,0.017467685,0.51289564,0.46010518,0.71616733,0.6783105,0.51300865,0.4604103,0.973419,0.8749452,0.45594937,-16,10
0.013923315,0.0049927104,0.4526825,0.5039656,0.6728168,0.7099054,0.4528764,0.50399053,0.956867,0.8696431,0.44787028,-14,10
-0.0044751544,-0.015908223,0.479373,0.5308169,0.6923677,0.72857183,0.47939304,0.53107005,1.010463,0.8907651,0.4658333,-14,10
0.007495342,0.007990813,0.52638304,0.509578,0.7255226,0.71384734,0.5264392,0.5096419,1.0360811,0.9033861,0.46901453,-14,10
0.0019849334,-0.033175863,0.49783581,0.49039277,0.7055748,0.7002805,0.49783975,0.4914934,0.98933315,0.8806708,0.46233344,-14,10
0.0266229,0.01976498,0.4943842,0.47924843,0.7031246,0.6922777,0.49509296,0.47963908,0.97473204,0.8662759,0.47360125,-14,10
-0.023451656,0.012941722,0.5002482,0.5283675,0.70728225,0.72688895,0.5007982,0.528535,1.0293332,0.90196,0.46454436,-14,10
-0.025110872,0.030656977,0.5135447,0.4677248,0.7166203,0.6839041,0.51417524,0.46866465,0.98283994,0.86790717,0.47914207,-14,10
-0.056267492,-0.035101324,0.48502314,0.52026296,0.69643605,0.72129256,0.48818916,0.5214951,1.0096843,0.8915595,0.4634715,-14,10
0.010792265,-0.0060368553,0.5034771,0.5213454,0.7095612,0.7220425,0.50359356,0.5213818,1.0249753,0.89623404,0.4708927,-14,10
0.0021207994,-0.010521232,0.47341332,0.5283395,0.6880504,0.72686964,0.4734178,0.52845013,1.001868,0.8855829,0.46648774,-14,10
-0.00061621564,0.01317002,0.4959689,0.4953599,0.7042506,0.7038181,0.49596927,0.49553338,0.99150264,0.8836793,0.45892656,-14,10
-0.016049335,-0.017827222,0.50183505,0.5053055,0.70840317,0.71084845,0.5020926,0.50562334,1.007716,0.89621997,0.4522231,-14,10
-0.0096916715,-0.02664207,0.46151236,0.5212526,0.679347,0.72197825,0.4616063,0.52196234,0.9835686,0.87765145,0.46184033,-12,10
0.023760116,-0.0030871816,0.51855075,0.46158683,0.7201047,0.6794018,0.51911527,0.46159634,0.9807117,0.8782724,0.45754692,-12,10
0.015326738,-0.011260299,0.46587354,0.5319551,0.6825493,0.72935253,0.46610844,0.5320819,0.99819034,0.8825551,0.46828058,-12,10
0.040787023,-0.018986115,0.51037484,0.4970871,0.71440524,0.70504403,0.5120384,0.4974476,1.0094861,0.89066076,0.46498328,-12,10
0.026064578,-0.007764972,0.47868484,0.53124595,0.6918705,0.7288662,0.47936422,0.53130627,1.0106704,0.8910471,0.46551636,-12,10
-0.028528433,0.014875603,0.51633084,0.5260943,0.71856165,0.7253236,0.5171448,0.52631557,1.0434604,0.90814793,0.4676833,-12,10
0.0160698,0.031038038,0.5179374,0.49530327,0.7196787,0.70377785,0.51819575,0.4962666,1.0144624,0.89025676,0.47106817,-12,10
-0.016541878,-0.018263109,0.4901044,0.47024092,0.70007455,0.6857411,0.49037808,0.4705745,0.9609526,0.87292343,0.44604623,-12,10
0.014811318,0.00028426806,0.5074419,0.5006082,0.71234953,0.7075367,0.5076612,0.5006083,1.0082695,0.89341426,0.45834538,-12,10
0.0022552512,0.01281809,0.47685844,0.52422696,0.6905494,0.7240352,0.4768635,0.5243913,1.0012548,0.8864305,0.46421516,-12,10
-0.010080129,-0.036181822,0.4761762,0.4770435,0.6900552,0.69068336,0.47627783,0.4783526,0.9546304,0.8659222,0.4525584,-12,10
0.014900747,-0.024312545,0.49307626,0.48937356,0.7021939,0.6995524,0.49329826,0.48996466,0.9832629,0.8710984,0.473762,-12,10
-0.012168836,-0.0535136,0.51336455,0.4938047,0.7164946,0.70271236,0.5135126,0.4966684,1.010181,0.8967762,0.45384294,-10,10
0.010228365,-0.010871656,0.55167174,0.46354273,0.74274606,0.6808397,0.55177635,0.46366096,1.0154372,0.8962126,0.46069542,-10,10
0.026372852,-0.011246176,0.50440305,0.4850343,0.71021336,0.69644403,0.5050986,0.48516083,0.9902594,0.8813237,0.46209085,-10,10
0.017715227,0.04198278,0.49019825,0.50022113,0.7001416,0.7072631,0.49051207,0.5019837,0.9924958,0.88957226,0.44850528,-10,10
0.001199048,0.016182896,0.48683792,0.5135728,0.6977377,0.71663994,0.48683935,0.5138346,1.000674,0.88505816,0.46620387,-10,10
0.0047751684,0.044016007,0.5024876,0.49322224,0.7088636,0.7022978,0.5025104,0.49515972,0.9976701,0.88226736,0.46826744,-10,10
-0.031997062,0.029141042,0.48596516,0.51893705,0.697112,0.72037286,0.48698896,0.51978624,1.0067751,0.89301574,0.457491,-10,10
-0.0017663809,0.012909225,0.49372062,0.47394025,0.7026526,0.6884332,0.49372378,0.4741069,0.96783066,0.8721737,0.45513034,-10,10
0.017546616,0.012256157,0.4920587,0.532737,0.70146894,0.7298884,0.49236658,0.53288716,1.0252538,0.8920518,0.4790588,-10,10
0.0128743,-0.0049530054,0.537465,0.48294917,0.73312,0.69494545,0.5376307,0.48297366,1.0206044,0.8974974,0.4637918,-10,10
-0.020077411,-0.01431291,0.46970928,0.5067862,0.6853534,0.7118892,0.47011238,0.506991,0.9771035,0.8777075,0.45467895,-8,10
-0.033171404,-0.0090903165,0.5358584,0.48020494,0.7320235,0.6929682,0.53695875,0.48028758,1.0172464,0.89624506,0.46259177,-8,10
0.010597013,0.0025795605,0.5065215,0.4942923,0.71170324,0.70305926,0.5066338,0.49429893,1.0009327,0.8828857,0.47058016,-8,10
-0.026982434,0.018583398,0.49781543,0.5044646,0.7055604,0.71025676,0.4985435,0.50481,1.0033535,0.8889979,0.46155846,-8,10
-0.044728763,-0.01240906,0.48972315,0.5252397,0.6998022,0.72473425,0.4917238,0.5253937,1.0171175,0.88397264,0.48549965,-8,10
0.02052734,-0.00026988238,0.4992558,0.49497843,0.70658034,0.70354706,0.49967724,0.4949785,0.99465567,0.8858592,0.4581585,-8,10
-0.013621613,0.0075355517,0.5040641,0.50990164,0.7099747,0.71407396,0.5042496,0.5099584,1.014208,0.89527196,0.46118987,-8,10
-0.0022148646,-0.0107399775,0.52116746,0.48239893,0.7219193,0.69454944,0.52117234,0.48251423,1.0036865,0.8886615,0.46256608,-8,10
-0.019227125,-0.015075536,0.52442765,0.50676113,0.7241738,0.71187156,0.5247973,0.5069884,1.0317857,0.8975394,0.47561404,-6,10
0.01947048,0.04346505,0.50393873,0.5013697,0.70988643,0.7080746,0.5043178,0.5032589,1.0075767,0.8908278,0.4626041,-6,10
-0.038507767,0.011657734,0.49809307,0.4676978,0.7057571,0.6838843,0.49957594,0.4678337,0.96740955,0.8787514,0.44182077,-6,10
0.024900042,-0.039736513,0.47557738,0.50483966,0.6896212,0.7105207,0.47619736,0.50641865,0.982616,0.8793949,0.45747212,-6,10
0.020930268,0.06766542,0.4810919,0.51399446,0.69360787,0.7169341,0.48152995,0.51857305,1.000103,0.88816094,0.45964468,-6,10
-0.010669009,-0.041313723,0.48843393,0.5328931,0.6988805,0.7299953,0.48854777,0.5346,1.0231478,0.8908841,0.47903365,-6,10
0.005977953,-0.0113131255,0.5008576,0.4924929,0.70771295,0.7017784,0.50089335,0.49262092,0.99351424,0.8843403,0.459844,-6,10
-0.0053326134,0.025579464,0.48864365,0.5251951,0.6990305,0.7247035,0.48867208,0.52584946,1.0145216,0.89502037,0.4620175,-6,10
-0.008101913,0.0038239416,0.50519645,0.47593832,0.71077174,0.6898828,0.5052621,0.47595295,0.98121506,0.87255824,0.46888933,-6,10
-0.026873536,0.00013485551,0.5257247,0.49210817,0.72506875,0.70150423,0.52644694,0.4921082,1.0185552,0.89608413,0.46431488,-6,10
0.027436132,0.0033830702,0.5155293,0.4828823,0.7180037,0.69489735,0.51628196,0.48289376,0.9991757,0.88455975,0.46554238,-4,10
0.02408175,0.02373635,0.5216778,0.47917053,0.72227263,0.69222146,0.5222577,0.47973394,1.0019917,0.88626397,0.46532562,-4,10
-0.021588992,-0.030098364,0.50667655,0.4904508,0.71181214,0.7003219,0.50714266,0.49135673,0.9984993,0.88496614,0.46404123,-4,10
0.053913243,-0.014405103,0.47063363,0.5054033,0.6860274,0.71091723,0.47354025,0.50561076,0.979151,0.870063,0.47131875,-4,10
-0.044221207,-0.02882193,0.49093443,0.49594623,0.70066714,0.7042345,0.49288994,0.496777,0.9896669,0.88601065,0.45238495,-4,10
-0.039290525,0.017883562,0.4875266,0.54181737,0.69823104,0.73608243,0.48907033,0.5421372,1.0312076,0.9006075,0.4691627,-4,10
-0.012777447,-0.059343442,0.47720054,0.5027885,0.69079703,0.7090758,0.4773638,0.5063101,0.983674,0.8711969,0.47401458,-4,10
0.010607686,-0.025148813,0.48969215,0.52185345,0.69978005,0.7223942,0.4898047,0.522486,1.0122907,0.88664865,0.47554684,-4,10
0.059317112,3.504334e-05,0.48633856,0.46821433,0.69737977,0.6842619,0.48985705,0.46821433,0.9580714,0.8689662,0.45052087,-4,10
0.038165975,0.041296095,0.50453556,0.4853685,0.71030664,0.69668394,0.5059921,0.48707384,0.99306595,0.8876838,0.45286134,-2,10
0.007429572,-0.01766488,0.46294776,0.50400966,0.68040264,0.7099364,0.46300295,0.5043217,0.9673246,0.8736036,0.4518201,-2,10
-0.012112074,0.034016803,0.5388962,0.46117985,0.7340955,0.67910224,0.53904295,0.462337,1.0013798,0.890398,0.45669597,-2,10
0.0006090496,-0.02044712,0.51058245,0.51569635,0.7145505,0.71812,0.5105828,0.5161144,1.0266972,0.9035049,0.45866773,-2,10
0.020632721,-0.027707007,0.49135533,0.52481663,0.70096743,0.7244423,0.49178103,0.52558434,1.0173653,0.89508307,0.4649641,-2,10
-0.045527373,0.043074217,0.50749993,0.47868642,0.7123903,0.6918717,0.5095727,0.4805418,0.99011445,0.88462555,0.45557883,-2,10
-0.026806926,0.062392764,0.50563467,0.4939411,0.71107996,0.70280945,0.50635326,0.49783394,1.0041871,0.89386356,0.45298484,0,10
-0.0012990832,-0.09232202,0.4915239,0.46242696,0.70108765,0.6800198,0.4915256,0.4709503,0.9624759,0.8908437,0.41094217,2,10
0.024959385,-0.1377697,0.4570314,0.50908595,0.67604095,0.7135026,0.45765436,0.5280664,0.9857209,0.89339453,0.43309003,2,10
0.07431196,0.022939265,0.5550821,0.43782926,0.74503833,0.66168666,0.56060433,0.43835548,0.99895984,0.9008161,0.43300137,2,10
-0.03305936,-0.017914852,0.51105344,0.54145193,0.71488005,0.7358342,0.5121464,0.54177284,1.0539192,0.9327075,0.42892426,2,10
0.018903717,0.08704139,0.499524,0.48831052,0.7067701,0.69879216,0.49988136,0.4958867,0.9957681,0.9022578,0.42626163,2,10
0.037533086,0.0016862899,0.5114553,0.5041411,0.715161,0.71002895,0.512864,0.5041439,1.0170078,0.91647494,0.42081055,2,10
-0.019061022,-0.021707881,0.55579257,0.45572025,0.745515,0.6750705,0.55615586,0.45619148,1.0123473,0.908965,0.431428,2,10
0.08873977,-0.08436925,0.5497413,0.49374953,0.7414454,0.70267314,0.5576161,0.50086766,1.0584837,0.93273103,0.43416196,2,10
0.020474829,0.011806513,0.549286,0.5053573,0.74113834,0.71088487,0.5497052,0.50549674,1.055202,0.9291781,0.437984,2,10
-0.06761419,0.064381585,0.5281247,0.5074323,0.7267219,0.7123428,0.53269637,0.51157725,1.0442736,0.9303509,0.42275405,4,10
0.020717843,-0.018679727,0.50696677,0.46729985,0.712016,0.68359333,0.507396,0.46764874,0.97504485,0.9019902,0.40181896,4,10
0.103559494,0.009534016,0.5053388,0.47622466,0.7108719,0.6900903,0.51606333,0.47631556,0.9923789,0.9199176,0.38227016,4,10
-0.08651138,0.027699046,0.538738,0.52835464,0.73398775,0.7268801,0.5462222,0.5291219,1.0753441,0.95483404,0.4045195,4,10
-0.121996894,0.014626481,0.5419935,0.46400923,0.73620206,0.6811822,0.5568768,0.46422315,1.0210998,0.9320563,0.39034712,4,10
0.0057607214,-0.043946758,0.4500019,0.47255927,0.6708218,0.6874295,0.45003513,0.47449058,0.92452574,0.8764689,0.3953834,4,10
-0.015054153,0.005803928,0.4637441,0.5634984,0.6809876,0.7506653,0.46397072,0.5635321,1.0275028,0.92488223,0.41484413,4,10
-0.020908186,0.05363714,0.49664202,0.52304065,0.7047283,0.7232155,0.49707916,0.5259176,1.0229967,0.917599,0.42545125,4,10
-0.032486536,0.11271481,0.48900133,0.47162688,0.6992863,0.68675095,0.49005675,0.48433152,0.97438824,0.9028845,0.39898372,4,10
0.12615871,-0.017419519,0.46594682,0.5150355,0.682603,0.7176598,0.48186284,0.515339,0.9972018,0.91286075,0.4048297,4,10
-0.028437532,-0.04584635,0.5053263,0.4858619,0.71086305,0.69703794,0.506135,0.48796374,0.9940987,0.91278446,0.4011525,6,10
0.061988886,-0.065487035,0.48496002,0.57689685,0.6963907,0.7595373,0.4888026,0.5811854,1.069988,0.9576112,0.3911122,6,10
0.004037207,-0.020866074,0.44225073,0.49603117,0.66501933,0.7042948,0.442267,0.49646655,0.9387336,0.8826031,0.39968148,6,10
0.022190193,-0.041554503,0.5430491,0.5285265,0.7369186,0.72699827,0.5435415,0.53025323,1.0737948,0.9488982,0.4163978,6,10
0.11731152,-0.085841484,0.51577544,0.47132963,0.71817505,0.6865345,0.52953744,0.47869837,1.0082358,0.9342158,0.3680715,6,10
0.079807475,0.08173788,0.48583287,0.49546605,0.69701713,0.7038935,0.4922021,0.50214714,0.99434924,0.92056197,0.38329467,6,10
0.12255641,0.08179826,0.46045452,0.49191165,0.678568,0.70136416,0.47547463,0.49860263,0.9740772,0.9118266,0.37768957,6,10
-0.02433268,0.06058924,0.49397478,0.5411703,0.7028334,0.7356428,0.49456683,0.5448413,1.0394082,0.935493,0.40529135,8,10
0.03403216,0.0021953955,0.43866754,0.529161,0.66231984,0.7274345,0.4398257,0.52916574,0.9689915,0.89794815,0.4033368,8,10
-0.12545107,0.015260503,0.50900084,0.5455275,0.7134429,0.73859835,0.52473885,0.5457604,1.0704992,0.96647,0.36937103,8,10
-0.05861622,-0.033018462,0.5665659,0.4688151,0.7527057,0.6847007,0.5700017,0.46990535,1.0399071,0.9356384,0.40557078,8,10
-0.097177036,-0.010809235,0.48962232,0.5264915,0.69973016,0.7255974,0.4990657,0.52660835,1.0256741,0.93324506,0.3933544,8,10
-0.07241225,-0.032070868,0.4536526,0.5268785,0.6735374,0.72586393,0.4588961,0.527907,0.9868032,0.8996037,0.4213268,8,10
-0.15011506,-0.055117097,0.4710129,0.49663913,0.6863038,0.7047263,0.49354738,0.49967703,0.99322444,0.9247605,0.3715406,8,10
-0.030981041,-0.081745505,0.47925097,0.5165355,0.6922795,0.71870404,0.48021084,0.5232179,1.0034287,0.9150535,0.40756074,8,10
-0.07119446,-0.022526609,0.48412615,0.48974934,0.6957917,0.69982094,0.4891948,0.49025673,0.9794516,0.91198456,0.384364,10,10
0.0032416414,-0.07282134,0.57126486,0.45526108,0.75582063,0.67473036,0.5712754,0.46056405,1.0318395,0.94461966,0.37354133,10,10
-0.017744394,-0.040935144,0.56239057,0.44150487,0.74992704,0.66445833,0.5627054,0.44318053,1.005886,0.9330316,0.36788306,10,10
0.006608952,-0.051872924,0.47207376,0.45032007,0.6870763,0.6710589,0.47211742,0.45301086,0.9251283,0.898481,0.34330767,10,10
0.06329086,0.018931903,0.41585076,0.55268127,0.6448649,0.74342537,0.4198565,0.55303967,0.9728962,0.9117099,0.37640566,10,10
-0.0025573764,-0.09948316,0.43610236,0.49874768,0.6603805,0.7062207,0.4361089,0.5086445,0.94475347,0.8938234,0.38188112,10,10
-0.04888151,0.014674384,0.5681515,0.45210642,0.75375825,0.6723886,0.5705409,0.45232177,1.0228627,0.9482982,0.35155803,10,10
-0.061630722,-0.03275023,0.5412983,0.40425503,0.73572975,0.63581055,0.54509664,0.40532762,0.9504242,0.8984201,0.3785043,10,10
-0.006507054,0.012512382,0.4969248,0.4710618,0.70492893,0.68633944,0.49696714,0.47121835,0.9681854,0.9044695,0.38745385,10,10
0.16374981,0.0010222122,0.48016,0.5285204,0.69293576,0.7269941,0.506974,0.5285214,1.0354954,0.9359658,0.39932877,10,10
0.06927176,0.1236598,0.456162,0.46073455,0.6753977,0.6787743,0.46096063,0.47602627,0.9369869,0.89303535,0.37346318,10,10
-0.011163879,0.05876538,0.4917011,0.48736906,0.701214,0.6981182,0.4918257,0.49082237,0.98264813,0.9144542,0.38265088,10,10
-0.05561193,0.015934689,0.49923658,0.54398906,0.70656675,0.73755616,0.5023293,0.544243,1.0465723,0.95243263,0.37342256,10,10
0.09086761,0.13072638,0.5218765,0.49678245,0.7224102,0.70482796,0.5301334,0.51387185,1.0440052,0.9441411,0.3906441,12,10
0.0465222,-0.06667428,0.4456404,0.57498276,0.667563,0.75827616,0.4478047,0.5794282,1.0272329,0.94451517,0.36759213,12,10
0.0005126372,0.0047415122,0.4630694,0.5300663,0.68049204,0.72805655,0.46306968,0.5300888,0.99315846,0.91939026,0.3845517,12,10
0.21316893,-0.045203976,0.47695315,0.4999051,0.6906179,0.70703965,0.5223942,0.5019485,1.0243427,0.9469923,0.35713893,12,10
0.06001944,-0.12138177,0.52792716,0.46816224,0.726586,0.68422383,0.5315294,0.4828958,1.0144253,0.9385954,0.36532733,12,10
0.067859225,0.066796705,0.55000836,0.51227623,0.7416255,0.7157347,0.55461323,0.51673806,1.0713513,0.96915513,0.36344138,12,10
-0.0001412984,-0.06003999,0.4657799,0.45445257,0.6824807,0.674131,0.4657799,0.45805737,0.9238373,0.8906085,0.36146057,12,10
0.059374757,0.0626351,0.5710354,0.5290915,0.7556688,0.7273868,0.57456076,0.53301466,1.1075754,0.9819127,0.37871206,12,10
0.1126495,0.10845327,0.42127544,0.52833056,0.6490573,0.7268635,0.43396533,0.5400927,0.97405803,0.9047031,0.39442402,12,10
-0.13654327,-0.001390554,0.48160934,0.554892,0.6939808,0.7449107,0.5002534,0.5548939,1.0551474,0.9452361,0.4020896,14,10
0.018624129,-0.06399709,0.5320587,0.4090982,0.7294235,0.63960785,0.5324056,0.41319382,0.94559944,0.8925878,0.38585815,14,10
-0.033155125,-0.10694674,0.40906847,0.5020606,0.6395846,0.7085623,0.41016772,0.5134982,0.9236659,0.8868845,0.3702726,14,10
-0.006851718,0.09146285,0.49621326,0.53481066,0.7044241,0.7313075,0.49626017,0.54317605,1.0394363,0.94784945,0.37552312,14,10
0.12754506,0.014148718,0.501506,0.48215398,0.7081709,0.6943731,0.51777375,0.48235416,1.0001279,0.92648613,0.37649873,14,10
-0.08317164,-0.09082524,0.5305443,0.5018049,0.72838473,0.7083819,0.5374618,0.5100541,1.0475159,0.9510109,0.378278,14,10
-0.030050643,0.06462246,0.5615573,0.4581197,0.7493713,0.6768454,0.5624603,0.46229577,1.0247562,0.9425987,0.36913925,14,10
-0.09073986,0.14562288,0.54108,0.3651296,0.7355814,0.60425955,0.5493137,0.3863356,0.9356493,0.8861333,0.38783637,14,10
-0.1279548,0.05475402,0.5046932,0.4741128,0.7104176,0.6885585,0.5210656,0.4771108,0.99817634,0.9185477,0.39299688,14,10
-0.16359219,-0.007804677,0.49030942,0.54735994,0.700221,0.73983777,0.5170718,0.54742086,1.0644927,0.96169394,0.37368092,14,10
-0.018786615,0.093442455,0.5927059,0.40240067,0.769874,0.6343506,0.5930588,0.41113216,1.004191,0.91456866,0.40957922,14,10
0.12042688,0.052790634,0.47267002,0.5876351,0.68751,0.7665736,0.4871726,0.5904219,1.0775945,0.95380753,0.40968978,14,10
0.09064474,-0.0021206997,0.5145986,0.49333632,0.7173553,0.70237905,0.52281505,0.4933408,1.0161558,0.9341443,0.37885392,16,10
-0.08266951,0.025094114,0.59852225,0.472715,0.7736422,0.68754274,0.60535645,0.4733447,1.0787013,0.95079017,0.41797036,16,10
-0.030606544,-0.05209523,0.48288202,0.4869603,0.6948971,0.69782543,0.4838188,0.4896742,0.973493,0.91620445,0.36614546,16,10
0.033405136,-0.034209713,0.4882913,0.4825899,0.69877845,0.6946869,0.48940718,0.48376018,0.9731674,0.9067936,0.38844907,16,10
-0.0049913516,0.028671559,0.4136511,0.5647199,0.6431571,0.7514785,0.41367605,0.565542,0.979218,0.9104475,0.38768974,16,10
0.0001436323,0.06367575,0.5508593,0.38944328,0.74219894,0.6240539,0.5508593,0.39349788,0.94435716,0.8934169,0.38231328,16,10
-0.036665868,-0.03487059,0.4722981,0.52972627,0.68723947,0.72782296,0.47364247,0.5309422,1.0045847,0.9280496,0.3785611,16,10
-0.05725736,0.002887046,0.47632602,0.50975955,0.6901638,0.7139745,0.47960442,0.50976783,0.98937225,0.9313023,0.34935415,16,10
0.12825435,0.07586807,0.50893533,0.47603306,0.713397,0.6899515,0.52538455,0.48178902,1.0071735,0.9308244,0.3751524,16,10
0.06467723,-0.038246125,0.50585395,0.48073542,0.7112341,0.69335085,0.51003706,0.4821982,0.99223536,0.91636974,0.3905148,16,10
0.0154510625,-0.04012691,0.41535932,0.5529578,0.64448375,0.7436113,0.41559803,0.55456793,0.97016597,0.9033782,0.39252242,16,10
-0.02400673,0.11577797,0.4943682,0.48962617,0.7031132,0.6997329,0.4949445,0.50303066,0.99797523,0.91483927,0.40130323,16,10
-0.024437785,-0.12985393,0.49446705,0.48795983,0.70318353,0.6985412,0.4950642,0.50482184,0.99988604,0.9243094,0.3814947,18,10
0.045884214,0.005519133,0.4436262,0.5681797,0.6660527,0.75377697,0.44573155,0.56821024,1.0139418,0.9358175,0.37173575,18,10
0.031211164,0.15745577,0.44892764,0.47623056,0.67002064,0.6900946,0.44990176,0.5010228,0.95092463,0.899928,0.375572,18,10
-0.0024132766,0.0063623525,0.5393065,0.4932306,0.73437494,0.70230377,0.53931236,0.4932711,1.0325835,0.94112617,0.3832297,18,10
-0.0633355,0.101288006,0.49473068,0.5258982,0.7033709,0.7251884,0.4987421,0.5361574,1.0348995,0.95390856,0.35349387,18,10
0.06301957,0.03907266,0.53181463,0.48656914,0.7292562,0.69754505,0.5357861,0.4880958,1.0238819,0.9389404,0.37719056,18,10
0.040845044,-0.072321594,0.6083181,0.44755226,0.7799475,0.6689935,0.60998636,0.45278266,1.062769,0.9505141,0.3991141,18,10
0.059515864,0.02561836,0.47318596,0.52822405,0.6878851,0.72679025,0.4767281,0.52888036,1.0056084,0.91789126,0.40383676,18,10
0.0979132,-0.022925947,0.5625608,0.4538551,0.75004053,0.6736877,0.5721477,0.4543807,1.0265285,0.9296791,0.402772,18,10
0.042069517,0.05956898,0.45459434,0.47720402,0.6742361,0.69079953,0.45636418,0.48075247,0.9371166,0.8977921,0.36205804,18,10
0.013332963,-0.038980532,0.487748,0.4938931,0.6983896,0.7027753,0.48792577,0.49541256,0.98333836,0.9069246,0.40103126,20,10
-0.019572746,0.072276816,0.5370883,0.45842174,0.73286307,0.6770685,0.53747135,0.46364567,1.001117,0.9316448,0.36490425,20,10
0.03833756,-0.07440629,0.5350635,0.48180568,0.73148036,0.69412225,0.53653324,0.487342,1.0238752,0.934043,0.3891516,20,10
-0.14814478,0.11878235,0.50612307,0.5235691,0.7114233,0.7235808,0.52807,0.53767824,1.0657482,0.9638623,0.36975363,20,10
0.0695289,-0.047003586,0.5368788,0.43464518,0.73272014,0.65927625,0.541713,0.4368545,0.9785676,0.9040941,0.4014741,20,10
0.12145718,0.033387657,0.55769545,0.4356342,0.7467901,0.6600259,0.57244724,0.43674895,1.0091962,0.9382163,0.359091,20,10
0.06002713,-0.06921768,0.47258186,0.5006348,0.6874459,0.70755553,0.4761851,0.5054259,0.98161095,0.9138961,0.38262907,20,10
-0.08409025,-0.10415368,0.4635647,0.60593605,0.6808559,0.77841896,0.4706359,0.61678404,1.08742,0.97401273,0.3724502,20,10
-0.06719742,0.063194856,0.48260653,0.49241084,0.69469887,0.70171994,0.48712206,0.49640444,0.98352647,0.9164425,0.37902448,20,10
0.024382006,-0.06600094,0.45408267,0.5944607,0.67385656,0.7710128,0.45467716,0.5988169,1.053494,0.95386386,0.37899575,22,10
0.030012518,0.046160117,0.48912898,0.49657655,0.69937754,0.7046819,0.49002975,0.49870732,0.9887371,0.92555547,0.36343384,22,10
0.037448194,0.03710229,0.47961465,0.49338225,0.69254214,0.7024117,0.481017,0.49475884,0.97577584,0.90954304,0.3853664,22,10
-0.01258418,-0.0022657197,0.48334134,0.4834965,0.69522756,0.69533914,0.48349968,0.4835016,0.96700126,0.9074191,0.37893522,22,11
0.08908219,-0.10767183,0.4330926,0.52824765,0.6580977,0.72680646,0.4410282,0.53984094,0.9808691,0.90613,0.39974678,22,11
0.03962096,-0.011108633,0.42693648,0.54513824,0.65340376,0.7383348,0.4285063,0.5452616,0.9737679,0.916576,0.36559033,22,11
0.029604185,-0.021831,0.48352098,0.49887398,0.6953567,0.7063101,0.4843974,0.49935058,0.98374796,0.91567624,0.3811628,22,11
-0.06654365,-0.09448449,0.4738298,0.44648352,0.68835294,0.66819423,0.47825786,0.45541084,0.93366873,0.8938624,0.36698598,22,11
0.08977479,-0.019843768,0.49990517,0.47292855,0.7070397,0.687698,0.50796473,0.47332236,0.981287,0.9099387,0.3915337,22,11
0.037417866,-0.05286423,0.56105214,0.5349077,0.74903417,0.73137385,0.56245226,0.53770226,1.1001545,0.9637857,0.4138497,22,11
-0.055890355,0.02716209,0.5131663,0.49611688,0.7163563,0.70435566,0.51629007,0.49685466,1.0131447,0.9283103,0.38908178,24,11
-0.0003492441,0.042215273,0.5450161,0.46021336,0.73825204,0.67839026,0.5450163,0.46199548,1.0070118,0.9219725,0.396205,24,11
-0.13109839,0.03441152,0.5368984,0.49280316,0.7327335,0.7019994,0.55408514,0.4939873,1.0480725,0.9531743,0.3735388,24,11
-0.08816424,-0.041525044,0.5265436,0.4067465,0.72563326,0.63776684,0.53431654,0.4084708,0.94278735,0.88316417,0.40349516,24,11
0.007196719,0.011847038,0.4977265,0.5933994,0.7054973,0.77032423,0.49777827,0.5935397,1.091318,0.9655825,0.39870846,24,11
-0.07973613,0.06305162,0.47569484,0.48143312,0.6897063,0.6938538,0.48205268,0.4854086,0.9674613,0.90680665,0.38100255,24,11
0.07996569,0.057596162,0.48164275,0.45604277,0.6940049,0.67530936,0.48803726,0.45936006,0.94739735,0.8930484,0.3871201,24,11
0.09018954,0.110448554,0.46932378,0.45450938,0.6850721,0.6741731,0.47745794,0.4667083,0.9441662,0.90292907,0.35900602,26,11
0.11487514,0.052388586,0.5548089,0.44643354,0.744855,0.6681568,0.56800526,0.4491781,1.0171833,0.9347731,0.378659,26,11
0.015490938,-0.0842434,0.44212845,0.46840063,0.6649274,0.684398,0.44236842,0.47549757,0.917866,0.8844744,0.36819968,26,11
0.078604445,-0.02190819,0.4898469,0.42150992,0.6998906,0.64923793,0.49602556,0.4219899,0.9180154,0.8822066,0.3738007,26,11
-0.067579426,-0.037526153,0.41901654,0.5772958,0.64731485,0.75979984,0.4235835,0.578704,1.0022875,0.92952317,0.37185243,26,11
-0.04331495,-0.026726257,0.4765656,0.5127603,0.6903373,0.7160728,0.47844177,0.5134746,0.99191636,0.9088259,0.4073719,26,11
0.048469782,-0.1241743,0.44411045,0.49235895,0.6664161,0.7016829,0.44645977,0.5077782,0.95423794,0.8916734,0.39894432,26,11
0.03409493,0.022550888,0.48856956,0.5189372,0.69897753,0.7203729,0.48973206,0.5194457,1.0091777,0.9347714,0.36794025,26,11
0.08026345,0.07459302,0.52353936,0.41404784,0.7235602,0.6434655,0.5299816,0.41961196,0.94959354,0.8985623,0.3770668,26,11
-0.08026322,0.010078568,0.48927572,0.48574087,0.69948244,0.69695115,0.49571794,0.4858424,0.98156035,0.9164534,0.37639534,28,11
0.038428165,0.008073356,0.48519817,0.5365671,0.6965617,0.7325074,0.4866749,0.5366323,1.0233072,0.9371253,0.3809243,28,11
0.018288545,-0.07014228,0.5593526,0.41474646,0.74789876,0.6440081,0.559687,0.4196664,0.9793534,0.91383857,0.3798059,28,11
-0.0035031997,-0.087108366,0.45640212,0.5235896,0.6755754,0.7235949,0.45641434,0.5311775,0.98759186,0.92035574,0.3748829,28,11
0.0719251,0.12392348,0.44272527,0.524994,0.665376,0.72456473,0.4478985,0.54035103,0.98824954,0.9206165,0.37511957,28,11
0.07814475,0.012545314,0.4895426,0.47823095,0.69967324,0.69154245,0.49564922,0.4783883,0.9740375,0.9221604,0.35165015,28,11
-0.06977354,-0.002081409,0.4491627,0.54244834,0.670196,0.73651093,0.45403102,0.5424527,0.9964837,0.9208623,0.38535213,28,11
-0.015998896,-0.061567243,0.5251086,0.48526525,0.72464377,0.69660985,0.5253645,0.4890558,1.0144203,0.9367523,0.37002084,28,11
-0.051051207,0.022486547,0.48200047,0.50254285,0.69426256,0.7089026,0.4846067,0.50304854,0.9876552,0.9143474,0.3893894,30,11
0.043811105,-0.009355079,0.5542401,0.5246127,0.74447304,0.7243015,0.5561595,0.5247003,1.0808598,0.9619169,0.39443082,30,11
-0.013949793,0.034498304,0.42593676,0.5222977,0.6526383,0.72270167,0.42613137,0.5234878,0.9496192,0.898222,0.3779106,30,11
-0.004296891,0.014781803,0.5000467,0.524144,0.7071398,0.7239779,0.5000651,0.5243625,1.0244275,0.8963145,0.4701573,-20,11
-0.02259225,-0.0013912814,0.5079246,0.5002339,0.7126883,0.7072722,0.508435,0.5002358,1.0086708,0.8952265,0.4552367,-20,11
0.023242569,0.011287478,0.5269042,0.4785543,0.7258817,0.6917762,0.5274445,0.47868168,1.0061262,0.8820884,0.47754171,-20,11
-0.014817733,-0.044077747,0.52968085,0.48191687,0.7277918,0.6942023,0.52990043,0.48385972,1.0137602,0.8963734,0.45855743,-20,11
-0.016414683,0.039854832,0.5026005,0.49338874,0.70894325,0.70241636,0.5028699,0.49497718,0.9978471,0.8815328,0.46983716,-20,11
-0.011571261,0.01167924,0.52059066,0.5106013,0.7215197,0.7145637,0.52072453,0.51073766,1.0314622,0.8984398,0.47356957,-20,11
-0.009372948,0.031566933,0.48040462,0.5157459,0.69311225,0.7181545,0.48049247,0.51674235,0.9972348,0.8816571,0.46895146,-20,11
-0.046858825,-0.0062188404,0.4631992,0.51156527,0.6805874,0.7152379,0.46539497,0.51160395,0.9769989,0.8716315,0.4661088,-20,11
-0.028436726,0.007599742,0.50634336,0.4830809,0.7115781,0.6950402,0.5071521,0.48313865,0.9902907,0.8773312,0.46966013,-20,11
-0.0036476757,0.016553182,0.4715631,0.5062027,0.6867045,0.71147925,0.4715764,0.5064767,0.9780531,0.88068104,0.44994888,-20,11
0.0070691556,-0.010376051,0.48680472,0.48743188,0.6977139,0.6981632,0.48685467,0.48753956,0.9743942,0.8739537,0.45891088,-20,11
0.011220114,0.010376975,0.46490735,0.49753416,0.68184114,0.705361,0.46503326,0.4976418,0.96267503,0.8757949,0.44233292,-20,11
-0.045659028,0.026721437,0.51020527,0.5155084,0.71428657,0.71798915,0.51229006,0.5162224,1.0285125,0.90133315,0.4648774,-18,11
-0.009761394,-0.029568676,0.48896852,0.5070764,0.69926286,0.71209294,0.4890638,0.5079507,0.9970146,0.8857488,0.46093777,-18,11
-0.0105354255,-0.00073281676,0.50511336,0.5275593,0.71071327,0.7263328,0.50522435,0.5275598,1.0327842,0.90664864,0.45909956,-18,11
0.038847007,-0.018060137,0.49221164,0.53890276,0.70157796,0.7341,0.4937207,0.53922904,1.0329497,0.9038232,0.4648153,-18,11
-0.044188336,-0.0052878284,0.5130155,0.5035422,0.716251,0.70960706,0.51496804,0.50357014,1.0185382,0.89316493,0.46988785,-18,11
-0.022577953,0.020539569,0.50731915,0.48505703,0.7122634,0.69646037,0.5078289,0.48547894,0.9933078,0.8832258,0.46175754,-18,11
0.029435646,-0.040246204,0.49579012,0.53850645,0.7041237,0.73383,0.49665657,0.54012614,1.0367827,0.902844,0.47080302,-18,11
0.0044713765,-0.0076429243,0.51207757,0.4896394,0.71559596,0.6997424,0.5120976,0.4896978,1.0017954,0.8763986,0.4834469,-18,11
0.01509347,-0.0036910814,0.49824318,0.48523855,0.7058634,0.69659066,0.498471,0.4852522,0.9837232,0.8735142,0.46978322,-18,11
-0.023492398,0.014285475,0.50450593,0.50304997,0.7102858,0.70926017,0.5050578,0.50325406,1.008312,0.8879918,0.4688096,-16,11
-0.014103696,0.0073272847,0.48797464,0.49775445,0.69855183,0.7055172,0.48817354,0.49780813,0.98598176,0.88186824,0.45638812,-16,11
-0.024559889,0.031575765,0.53333163,0.52949446,0.7302956,0.7276637,0.53393483,0.5304915,1.0644264,0.9222219,0.46252906,-16,11
-0.012052581,-0.04346923,0.49501282,0.5107959,0.7035715,0.71469986,0.49515808,0.5126854,1.0078435,0.8925148,0.45963112,-16,11
-0.010008017,-0.031645857,0.4924622,0.47520503,0.7017565,0.68935114,0.49256238,0.4762065,0.96876884,0.8759612,0.44884387,-16,11
0.0052733137,0.0032495111,0.5151438,0.50242597,0.7177352,0.7088201,0.51517165,0.5024365,1.0176082,0.8927573,0.46967286,-16,11
0.0040503126,0.0032504927,0.48814204,0.50440156,0.69867164,0.71021235,0.48815846,0.5044122,0.99257064,0.8861558,0.45530045,-16,11
0.025191508,-0.03563702,0.48204046,0.5245991,0.69429135,0.7242921,0.48267505,0.525869,1.0085441,0.88816285,0.46873322,-16,11
0.0115100015,-0.0067819953,0.51232564,0.48965144,0.7157693,0.69975096,0.5124582,0.48969746,1.0021555,0.88715446,0.46380234,-16,11
-0.0035071038,0.0035608462,0.51969075,0.49550086,0.7208958,0.7039182,0.51970303,0.49551353,1.0152166,0.89701104,0.45889848,-14,11
-0.016904185,-0.015466072,0.47712988,0.5153581,0.6907459,0.7178845,0.47741562,0.5155972,0.9930129,0.8796753,0.46817118,-14,11
0.013476785,-0.033491123,0.5236018,0.49974543,0.7236033,0.70692676,0.5237833,0.5008671,1.0246503,0.90292805,0.4575712,-14,11
0.046682067,-0.0017629398,0.5082091,0.48894602,0.7128879,0.69924676,0.5103883,0.48894915,0.99933743,0.88656294,0.46189126,-14,11
0.010298615,0.018754521,0.4928096,0.493549,0.70200396,0.70253044,0.49291566,0.49390072,0.9868164,0.88453585,0.45212018,-14,11
-0.015867796,-0.014050932,0.50005025,0.5026644,0.7071423,0.7089883,0.5003021,0.5028618,1.0031639,0.8873662,0.4644837,-14,11
-0.006361558,0.009017815,0.5181312,0.49188527,0.7198133,0.7013453,0.51817167,0.4919666,1.0101383,0.8867843,0.47302422,-14,11
-0.00080533326,-0.04074559,0.5343104,0.46615052,0.7309654,0.6827522,0.534311,0.46781072,1.0021217,0.88247323,0.47261265,-14,11
0.0035686009,0.02493132,0.49867937,0.51554745,0.70617235,0.7180163,0.49869213,0.5161691,1.0148612,0.8877145,0.47626048,-14,11
0.0056270845,0.005283583,0.49766868,0.52864313,0.7054564,0.7270785,0.49770036,0.5286711,1.0263714,0.90475434,0.45584092,-14,11
0.009596715,-0.029452555,0.49994814,0.4738381,0.7070701,0.68835896,0.50004023,0.47470558,0.9747458,0.8825453,0.44256026,-12,11
-0.025980886,0.012094588,0.52198446,0.48721576,0.72248495,0.6980084,0.5226594,0.487362,1.0100214,0.8887285,0.4692368,-12,11
-0.037736163,-0.0013388917,0.53002775,0.4719617,0.72803,0.6869947,0.5314517,0.47196352,1.0034152,0.8920962,0.455609,-12,11
0.011902825,0.024487639,0.50126064,0.4970939,0.7079976,0.70504886,0.5014023,0.49769348,0.9990958,0.8837592,0.46697488,-12,11
-0.01274828,0.039511055,0.52433157,0.50805426,0.72410744,0.7127792,0.52449405,0.50961536,1.0341095,0.9015975,0.4703524,-12,11
0.018448532,-0.04069424,0.55713797,0.49059525,0.74641675,0.700425,0.5574783,0.49225134,1.0497296,0.9076623,0.4752671,-12,11
-0.010526509,-0.040065266,0.45780566,0.50427365,0.6766134,0.7101223,0.45791644,0.50587887,0.9637953,0.8620706,0.46971223,-12,11
-0.009313504,-0.026535816,0.47719672,0.49486583,0.6907943,0.703467,0.47728345,0.49557,0.9728534,0.8731804,0.45870423,-12,11
-0.040712185,-0.05099887,0.51128596,0.48411268,0.71504265,0.69578207,0.51294345,0.48671353,0.999657,0.88898623,0.4575593,-12,11
-0.021677077,0.035551973,0.4920264,0.52130044,0.70144594,0.7220114,0.4924963,0.5225644,1.0150607,0.8864439,0.47882968,-12,11
-0.02806342,0.0035672337,0.47378093,0.5080763,0.6883175,0.7127947,0.47456846,0.50808907,0.9826575,0.87788403,0.46040982,-10,11
0.00692641,-0.016302768,0.5263156,0.48467368,0.72547615,0.6961851,0.5263636,0.48493943,1.0113031,0.886278,0.47519937,-10,11
0.0020867,0.028895225,0.4968956,0.5158856,0.70490825,0.71825176,0.49689996,0.51672053,1.0136205,0.8964152,0.45832336,-10,11
0.0002855761,0.02841039,0.48975047,0.4812891,0.69982177,0.69375,0.48975053,0.4820962,0.97184676,0.87770236,0.44887128,-10,11
-0.0409108,-0.008332336,0.5014571,0.5299361,0.7081364,0.7279671,0.5031308,0.5300056,1.0331362,0.89718264,0.47770238,-10,11
0.011108946,0.024745412,0.495437,0.47245622,0.70387286,0.6873545,0.4955604,0.47306857,0.968629,0.87070125,0.45881176,-10,11
-0.038893763,-0.0045052343,0.501091,0.5088481,0.7078778,0.7133359,0.5026037,0.5088684,1.0114721,0.89175284,0.4650259,-10,11
-0.024976553,-0.000413144,0.51162404,0.48442024,0.715279,0.696003,0.51224786,0.48442042,0.9966682,0.88720804,0.4577446,-10,11
-0.023776071,-0.0057175383,0.53082204,0.47928202,0.72857535,0.692302,0.5313873,0.47931468,1.010702,0.8922577,0.4632259,-10,11
-0.0021964964,0.023473904,0.48548496,0.492911,0.6967675,0.7020762,0.48548982,0.49346203,0.9789518,0.87947184,0.45330027,-8,11
-0.018801857,-0.05294339,0.4582115,0.5002486,0.6769132,0.70728254,0.458565,0.50305164,0.9616166,0.86963415,0.45315894,-8,11
0.004182414,0.010224133,0.5185043,0.5099698,0.72007245,0.7141217,0.5185218,0.51007426,1.0285962,0.90112245,0.46537557,-8,11
-0.026841914,0.05912288,0.47033864,0.5107651,0.6858124,0.7146783,0.47105914,0.51426065,0.98531973,0.88056684,0.45817217,-8,11
-0.023561353,0.014232384,0.503006,0.5499997,0.7092292,0.74161965,0.5035611,0.5502023,1.0537634,0.90912616,0.47671062,-8,11
0.014507949,0.028572567,0.49662936,0.53404164,0.70471936,0.73078156,0.49683982,0.534858,1.0316979,0.8995048,0.47179338,-8,11
0.048481762,-0.015810443,0.49204165,0.5148696,0.7014568,0.71754414,0.4943921,0.51511955,1.0095117,0.8910122,0.46433708,-8,11
-0.0003362829,0.01664297,0.48586774,0.48460445,0.6970421,0.69613534,0.48586783,0.4848815,0.97074926,0.8800733,0.44296747,-8,11
0.023096967,-0.026962616,0.50096214,0.4999066,0.7077868,0.7070407,0.5014956,0.5006336,1.0021291,0.8911862,0.4559785,-8,11
-0.02382999,0.04498222,0.5027517,0.4863206,0.7090499,0.6973669,0.5033196,0.48834398,0.9916636,0.8792955,0.46744302,-6,11
0.03460917,-0.012751931,0.49886194,0.5215006,0.70630157,0.72214997,0.5000597,0.5216632,1.0217229,0.89688814,0.4661702,-6,11
-0.0034154179,0.015724331,0.4893274,0.5279865,0.6995194,0.7266268,0.4893391,0.52823377,1.0175729,0.8963894,0.46266493,-6,11
0.010627639,-0.032136213,0.46773833,0.504901,0.683914,0.71056384,0.46785128,0.50593376,0.97378504,0.8735541,0.45900792,-6,11
0.054443702,-0.03233006,0.46379977,0.51177216,0.6810285,0.7153825,0.4667639,0.5128174,0.97958124,0.87401664,0.46440944,-6,11
0.023825446,0.06625843,0.5007205,0.4914341,0.7076161,0.7010236,0.5012881,0.49582425,0.9971124,0.8805963,0.47081062,-6,11
-0.028796606,-0.0014450634,0.5050767,0.5381559,0.7106875,0.7335911,0.505906,0.53815806,1.044064,0.9034856,0.47726065,-6,11
0.014058949,0.042939555,0.498569,0.4920022,0.7060942,0.70142865,0.49876666,0.49384606,0.9926127,0.88611877,0.4554187,-6,11
-0.0042727143,0.017474893,0.5294975,0.4588014,0.7276658,0.6773488,0.5295158,0.45910674,0.98862255,0.8783059,0.4660486,-6,11
-0.025971413,0.015438551,0.49590087,0.52661645,0.7042023,0.72568345,0.4965754,0.52685475,1.0234301,0.8899378,0.48108298,-4,11
0.024427643,0.049099457,0.48220772,0.4903965,0.69441175,0.70028317,0.48280445,0.4928072,0.9756117,0.8750191,0.4582066,-4,11
0.009734273,0.023551973,0.4970877,0.49195862,0.70504445,0.7013976,0.4971825,0.49251333,0.9896957,0.8828441,0.45856518,-4,11
0.040639114,-0.016028736,0.4543772,0.53251225,0.67407507,0.72973436,0.4560287,0.5327692,0.98879784,0.8741925,0.47390434,-4,11
0.010804893,-0.07143643,0.4897329,0.46070647,0.6998092,0.6787536,0.48984957,0.4658096,0.9556592,0.8646537,0.45610657,-2,11
-0.023253635,0.07121865,0.47938836,0.494982,0.69237876,0.70354956,0.4799291,0.5000541,0.9799832,0.8816815,0.45013434,-2,11
0.03575422,-0.043834362,0.49325305,0.51056486,0.70231974,0.7145382,0.49453142,0.5124863,1.0070177,0.89360285,0.4566089,-2,11
0.039591562,-0.05154596,0.4663416,0.5235418,0.6828921,0.7235619,0.4679091,0.52619874,0.9941079,0.8832371,0.46260136,-2,11
-0.038824104,0.03428398,0.47724506,0.51313853,0.6908293,0.7163369,0.47875237,0.51431394,0.9930663,0.89242035,0.4434548,-2,11
0.0067923293,0.03200046,0.4661306,0.5220993,0.6827376,0.7225644,0.46617678,0.5231234,0.98930013,0.8933252,0.43734446,0,11
0.021987047,0.013427109,0.5042193,0.50435185,0.710084,0.71017736,0.5047028,0.50453216,1.0092349,0.899125,0.44811746,0,11
0.0015527578,0.050594054,0.5098785,0.4816597,0.7140578,0.69401705,0.5098809,0.48421943,0.9941004,0.8907542,0.44794783,0,11
-0.013125631,-0.037686747,0.51237905,0.45157507,0.71580654,0.6719934,0.51255137,0.4529954,0.9655467,0.8821156,0.43291888,0,11
0.07394238,-0.029373117,0.4572487,0.5656612,0.67620164,0.7521045,0.46271613,0.5665239,1.0292401,0.9077447,0.45303383,0,11
0.036397666,-0.055038616,0.48049963,0.50236857,0.6931808,0.70877963,0.48182437,0.5053978,0.98722225,0.88067627,0.46003425,0,11
-0.06998083,-0.043516215,0.5256105,0.47207662,0.72499,0.6870783,0.5305078,0.47397026,1.004478,0.90004635,0.44090208,0,11
0.05131475,0.040305678,0.4729944,0.5193449,0.68774587,0.7206559,0.4756276,0.52096945,0.996597,0.89592993,0.44034827,0,11
0.006185231,-0.00097206235,0.4476629,0.5336289,0.66907614,0.7304991,0.44770116,0.5336298,0.9813309,0.88909173,0.4368602,0,11
-0.007407194,-0.019659655,0.577704,0.47945052,0.7600684,0.69242364,0.5777589,0.479837,1.057596,0.91914564,0.4612669,0,11
0.069218956,-0.064186506,0.47838405,0.49692845,0.69165313,0.7049315,0.4831753,0.5010483,0.9842236,0.89454603,0.42896515,0,11
-0.041860163,-0.011139713,0.5644256,0.47360817,0.75128263,0.68819195,0.5661779,0.4737323,1.0399102,0.91401595,0.45220023,0,11
0.031847097,-0.049600437,0.48308957,0.4981916,0.6950464,0.7058269,0.48410383,0.5006518,0.9847556,0.8881096,0.4427379,0,11
0.0015370846,0.0131386,0.4729863,0.53993034,0.68774,0.7347995,0.47298867,0.54010296,1.0130916,0.91866726,0.4112688,2,11
-0.010488998,-0.023056854,0.42806894,0.5445343,0.65426975,0.7379257,0.42817894,0.545066,0.9732449,0.88262737,0.4406969,2,11
-0.094984144,-0.022982929,0.5132236,0.52604574,0.7163963,0.7252901,0.5222456,0.52657396,1.0488195,0.9279369,0.43330425,2,11
0.15191796,-0.03523507,0.5154457,0.43620247,0.71794546,0.66045624,0.53852475,0.43744403,0.9759687,0.8889551,0.43096122,2,11
-0.07083991,-0.022730585,0.51953816,0.4733577,0.72078997,0.68801,0.5245565,0.47387442,0.99843097,0.902179,0.42953917,2,11
0.024002582,0.033009008,0.54103905,0.4613403,0.73555356,0.6792204,0.5416152,0.46242988,1.0040451,0.90679467,0.42634326,2,11
-0.06810065,-0.007269904,0.49186563,0.5485822,0.7013313,0.74066335,0.4965033,0.54863507,1.0451384,0.9282677,0.42831928,2,11
0.02799401,0.060446166,0.5369725,0.43645346,0.7327841,0.66064626,0.5377562,0.44010723,0.9778634,0.8992084,0.4114457,2,11
0.039855894,0.0102042705,0.50248086,0.4726954,0.70885885,0.6875285,0.5040694,0.47279954,0.976869,0.885877,0.43828174,2,11
0.06225775,-0.036053203,0.5132528,0.4885187,0.71641666,0.6989411,0.5171288,0.4898185,1.0069473,0.91108304,0.42056516,2,11
0.018480806,-0.040742822,0.48614135,0.54643285,0.6972384,0.73921096,0.48648286,0.5480928,1.0345756,0.9308573,0.4099761,2,11
0.06701825,0.03613225,0.47082955,0.47694525,0.6861702,0.69061226,0.475321,0.4782508,0.95357174,0.88000417,0.42327827,2,11
-0.028864061,0.084484726,0.51425797,0.47980115,0.71711785,0.6926768,0.51509106,0.4869388,1.0020299,0.902588,0.43285662,2,11
-0.048296146,0.0011118702,0.5127869,0.43250972,0.7160914,0.6576547,0.51511943,0.43251097,0.9476304,0.8713038,0.43411988,2,11
0.0157178,-0.020836534,0.526453,0.4940665,0.7255708,0.7028986,0.5267001,0.4945007,1.0212008,0.91602933,0.42672136,4,11
-0.029271953,-0.0026473366,0.5751635,0.46596012,0.7583953,0.6826127,0.57602036,0.4659671,1.0419874,0.9341819,0.41145056,4,11
-0.054189093,0.033000205,0.4352891,0.43393666,0.6597644,0.6587387,0.43822554,0.43502566,0.8732512,0.8447182,0.39962777,4,11
0.074420765,-0.028121166,0.5600518,0.46436158,0.74836606,0.68144083,0.56559026,0.4651524,1.0307426,0.9264463,0.41525888,4,11
0.06287483,-0.019826557,0.49569988,0.45727265,0.7040596,0.6762194,0.49965313,0.45766577,0.9573189,0.8882675,0.4102434,4,11
0.026472397,-0.033676844,0.46386936,0.4946457,0.68107957,0.70331055,0.46457013,0.49577987,0.96035004,0.8884213,0.41359106,4,11
-0.01086228,0.025025275,0.50270844,0.54532623,0.70901936,0.7384621,0.5028264,0.5459525,1.0487789,0.94214094,0.40143403,6,11
0.029339764,-0.031383626,0.4465559,0.4787352,0.6682484,0.6919069,0.44741672,0.47972015,0.9271369,0.868132,0.41651386,6,11
0.06391497,0.066383034,0.40869084,0.5380367,0.6392893,0.73350984,0.41277593,0.5424434,0.9552194,0.8935139,0.39604586,6,11
-0.020976877,0.055518806,0.53292334,0.46030217,0.730016,0.6784557,0.53336334,0.4633845,0.9967479,0.91558516,0.39805993,6,11
0.00039256178,0.072819784,0.45299935,0.4918006,0.67305225,0.70128495,0.45299953,0.4971033,0.95010287,0.8790803,0.42109457,6,11
0.013825819,0.035422817,0.51877874,0.4720357,0.72026294,0.68704855,0.5189699,0.47329044,0.99226046,0.9279852,0.36208263,6,11
-0.025777273,0.0020580627,0.4463392,0.5675479,0.66808623,0.75335777,0.4470037,0.5675522,1.0145559,0.92907864,0.38906145,6,11
0.0074719265,-0.1004141,0.503685,0.47750404,0.7097077,0.6910167,0.50374085,0.48758703,0.9913278,0.9125682,0.39817965,6,11
0.10685429,0.0012655538,0.57129335,0.48373258,0.7558395,0.69550884,0.58271116,0.4837342,1.0664454,0.9523956,0.39923412,8,11
0.030148786,-0.013564414,0.52550685,0.474442,0.72491854,0.68879753,0.52641577,0.474626,1.0010418,0.9218886,0.38879707,8,11
0.08722199,0.030569125,0.50882196,0.4178696,0.7133176,0.64642835,0.51642966,0.41880408,0.9352337,0.8811605,0.39848447,8,11
0.10626566,-0.10732278,0.48113477,0.50951064,0.6936388,0.71380013,0.49242717,0.52102876,1.013456,0.9172001,0.41496974,10,11
-0.09000926,-0.015730746,0.5729945,0.47218865,0.75696397,0.68715984,0.58109605,0.47243607,1.0535321,0.9543502,0.37781987,10,11
0.082611516,0.0032953434,0.48843053,0.50975955,0.69887805,0.7139745,0.49525517,0.50977045,1.0050256,0.92348033,0.39014056,10,11
-0.01291284,0.008516067,0.5308249,0.47564054,0.7285773,0.689667,0.5309917,0.47571304,1.0067047,0.92824537,0.38087437,10,11
0.018967964,-0.14301023,0.42831293,0.5328442,0.6544562,0.72996175,0.4286727,0.5532961,0.98196876,0.9054254,0.40270782,10,11
-0.11965878,0.030526305,0.5310757,0.46986026,0.7287494,0.68546355,0.54539394,0.47079214,1.0161861,0.93582785,0.37471652,10,11
-0.06326279,-0.19028783,0.5272609,0.44075954,0.7261273,0.6638972,0.5312631,0.476969,1.0082321,0.9211756,0.39958426,10,11
-0.111830786,-0.17035523,0.5393666,0.43894327,0.7344158,0.6625279,0.55187273,0.4679641,1.0198369,0.9251554,0.40487564,10,11
0.019756947,-0.005295964,0.46407688,0.53683335,0.68123186,0.73268914,0.46446723,0.5368614,1.0013287,0.9191431,0.39560664,10,11
-0.10085423,0.13042384,0.50493515,0.45819467,0.71058786,0.6769008,0.51510674,0.47520506,0.99031174,0.921386,0.3759781,12,11
0.019337136,-0.039330278,0.44572115,0.52351594,0.6676235,0.723544,0.44609505,0.5250628,0.97115785,0.9088624,0.38095534,12,11
0.04140886,0.07119755,0.44480264,0.554641,0.66693527,0.7447422,0.44651732,0.55971014,1.0062274,0.91691434,0.40681136,12,11
-0.027699983,0.03575695,0.46351415,0.5209319,0.68081874,0.7217561,0.4642814,0.5222105,0.9864919,0.9116495,0.39419168,12,11
-0.034895156,-0.008172227,0.44638526,0.5250107,0.6681207,0.72457623,0.44760293,0.52507746,0.97268033,0.89761424,0.40861842,12,11
-0.054233257,-0.00017611682,0.5344635,0.45011255,0.7310701,0.6709043,0.5374048,0.45011258,0.98751736,0.91655517,0.38398448,14,11
-0.036509156,0.00030170428,0.58508754,0.44388366,0.76491016,0.66624594,0.5864205,0.44388378,1.0303043,0.93740135,0.3893365,14,11
-0.014314737,-0.053968802,0.5345272,0.47847658,0.7311137,0.69172,0.5347321,0.4813892,1.0161214,0.93544376,0.37558785,14,11
0.006129414,0.033278525,0.4461714,0.51168954,0.66796064,0.71532476,0.446209,0.51279706,0.959006,0.90384007,0.37693393,14,11
0.16909893,0.055107985,0.51147866,0.46496212,0.71517736,0.6818813,0.54007304,0.46799904,1.0080721,0.9300877,0.37816525,14,11
0.050564118,-0.022073021,0.5525646,0.46897453,0.7433469,0.68481714,0.5551213,0.4694618,1.0245831,0.9368224,0.3833365,14,11
0.005652223,-0.062781215,0.55981183,0.42166433,0.7482057,0.64935684,0.5598438,0.4256058,0.9854496,0.9174179,0.37920168,14,11
-0.06722267,0.013285924,0.44095212,0.4896103,0.66404223,0.6997216,0.44547102,0.4897868,0.9352578,0.8860036,0.38762802,14,11
0.014909536,-0.063746616,0.42508358,0.582026,0.65198433,0.7629063,0.42530584,0.5860896,1.0113956,0.92981577,0.3831947,14,11
-0.020247448,-0.016601134,0.5866394,0.50641894,0.7659239,0.7116312,0.58704937,0.50669456,1.0937438,0.97069305,0.38922852,14,11
0.0057408996,0.06600743,0.5139968,0.5026762,0.7169357,0.7089966,0.51402974,0.50703317,1.021063,0.92468446,0.40745747,14,11
-0.029423013,0.08415984,0.46753484,0.52476764,0.6837652,0.72440845,0.46840054,0.5318506,1.000251,0.9194516,0.39352235,16,11
-0.0007520169,0.060680088,0.4306837,0.48433375,0.65626496,0.6959409,0.43068427,0.48801583,0.9187001,0.87689495,0.3869824,16,11
-0.03204534,0.08077109,0.51205933,0.46946782,0.7155832,0.6851772,0.5130862,0.4759918,0.98907804,0.9240916,0.3676041,16,11
-0.008084178,-0.04121767,0.48467284,0.47414404,0.6961845,0.68858117,0.48473814,0.47584295,0.9605811,0.8950614,0.3993072,16,11
0.009292018,0.04912539,0.51201105,0.42990208,0.71554947,0.65566915,0.5120974,0.43231538,0.9444128,0.88953555,0.39133012,16,11
0.06381016,0.10469529,0.44336048,0.5499934,0.6658532,0.7416154,0.44743222,0.5609546,1.0083867,0.9301892,0.37833175,16,11
0.05408354,0.0496647,0.4420552,0.53962946,0.6648723,0.73459476,0.44498023,0.542096,0.9870763,0.91666335,0.38315082,16,11
-0.01842573,0.04873548,0.48394814,0.4963784,0.6956638,0.70454127,0.48428768,0.49875355,0.98304117,0.91565406,0.38028777,16,11
0.11475923,0.20533101,0.52655506,0.5002812,0.72564113,0.7073056,0.53972477,0.5424421,1.0821668,0.96356905,0.3920477,18,11
-0.16907284,0.0857331,0.5233681,0.4611866,0.72344184,0.6791072,0.55195373,0.4685367,1.0204904,0.936051,0.37986717,18,11
-0.044421136,0.008955324,0.47877076,0.46699926,0.6919326,0.68337345,0.48074394,0.46707946,0.9478234,0.89752233,0.37719646,18,11
-0.07374372,0.019776765,0.52275354,0.5476438,0.723017,0.7400296,0.5281917,0.5480349,1.0762265,0.9469459,0.423698,18,11
-0.056330737,0.0573385,0.52237576,0.453857,0.7227557,0.6736891,0.52554893,0.45714468,0.98269355,0.9064442,0.4013135,18,11
0.07950827,0.13660923,0.5282181,0.4735845,0.72678614,0.6881748,0.5345397,0.49224663,1.0267863,0.93197155,0.39776275,18,11
0.03175763,0.050531387,0.5148446,0.531499,0.71752673,0.7290398,0.51585317,0.53405243,1.0499055,0.94267255,0.4015894,18,11
-0.09587171,-0.05253115,0.50292873,0.49630675,0.7091747,0.7044904,0.5121201,0.4990663,1.0111864,0.92079115,0.40414116,20,11
-0.0018656477,-0.058350988,0.6022937,0.3924386,0.77607584,0.62644917,0.6022972,0.39584345,0.9981407,0.91611564,0.39858848,20,11
0.093396455,-0.03334936,0.5115094,0.5249393,0.7151989,0.72452694,0.5202323,0.5260515,1.046284,0.9453281,0.39068985,20,11
0.11815737,0.020247225,0.52563155,0.5092875,0.7250045,0.7136438,0.53959274,0.50969744,1.0492902,0.93892336,0.409528,20,11
0.098629825,0.06510423,0.48142546,0.5040096,0.6938483,0.7099363,0.4911533,0.5082482,0.9994015,0.9225431,0.3851177,20,11
0.058046725,-0.029905273,0.5726124,0.42747766,0.7567116,0.6538178,0.5759818,0.428372,1.0043538,0.92120713,0.39462796,20,11
0.06967854,0.08699694,0.44379306,0.53800803,0.6661779,0.7334903,0.44864815,0.5455765,0.9942246,0.91601765,0.3938735,22,11
0.05796771,-0.05227548,0.4426133,0.5172527,0.6652919,0.7192028,0.44597355,0.51998544,0.96595895,0.89676523,0.4022077,22,11
-0.022098705,0.0123900995,0.531916,0.53052115,0.7293257,0.7283688,0.5324044,0.5306747,1.0630791,0.9595004,0.37740958,22,11
0.17648534,0.07141921,0.4932497,0.48207134,0.7023174,0.6943136,0.5243968,0.48717204,1.0115689,0.9343896,0.37213576,22,11
-0.07149977,0.058487695,0.51847273,0.52891576,0.7200505,0.72726595,0.52358496,0.53233653,1.0559216,0.94116706,0.4124633,22,12
0.12093009,-0.042219855,0.41426682,0.493016,0.64363563,0.702151,0.4288909,0.4947985,0.9236894,0.8885024,0.36640534,22,12
-0.057306327,0.05398377,0.54488075,0.4406988,0.7381604,0.6638515,0.54816484,0.44361305,0.99177784,0.9172388,0.38788,22,12
-0.0466976,0.039634544,0.53584516,0.44184405,0.7320145,0.6647135,0.53802586,0.443415,0.9814408,0.9201301,0.3671531,24,12
-0.013128469,-0.15353432,0.5245248,0.48831028,0.72424084,0.69879204,0.5246972,0.5118831,1.0365802,0.93345606,0.4064972,24,12
-0.019154258,0.10231894,0.471704,0.49311316,0.6868071,0.70222014,0.47207093,0.50358236,0.9756533,0.91156423,0.3803996,24,12
-0.0037844963,-0.042010054,0.4697227,0.5434236,0.6853632,0.7371727,0.469737,0.5451884,1.0149255,0.9223422,0.40522882,24,12
-0.009871228,-0.010574408,0.54018927,0.5441481,0.7349757,0.7376639,0.54028666,0.5442599,1.0845467,0.9671428,0.38624015,24,12
-0.061012905,-0.015929405,0.5206564,0.59564954,0.72156525,0.77178335,0.524379,0.5959033,1.1202822,0.9917353,0.3697885,24,12
0.06882577,-0.08191722,0.44836766,0.541038,0.66960263,0.73555285,0.45310465,0.54774845,1.0008531,0.9220117,0.38826212,24,12
0.009765483,0.055528704,0.41140282,0.568234,0.6414069,0.75381297,0.41149822,0.57131743,0.98281574,0.91226125,0.38806593,24,12
-0.035198722,-0.06633316,0.48528358,0.45333079,0.69662297,0.6732984,0.4865225,0.4577309,0.94425344,0.8909752,0.38783583,26,12
0.13989732,-0.079453886,0.47512943,0.46009248,0.6892963,0.67830116,0.49470067,0.4664054,0.96110606,0.9026578,0.38251144,26,12
-0.024786025,0.07376316,0.5642646,0.47076753,0.75117546,0.686125,0.56487894,0.4762085,1.0410874,0.9394315,0.39819086,26,12
-0.00022471417,-0.11424373,0.5011572,0.4970013,0.7079246,0.7049832,0.5011573,0.5100529,1.0112102,0.92539084,0.39352506,26,12
-0.015527485,0.078840025,0.50967807,0.48331767,0.71391743,0.6952105,0.50991917,0.48953345,0.9994526,0.9254929,0.37804183,26,12
0.018501695,-0.08022681,0.44250715,0.62006927,0.6652121,0.7874448,0.44284946,0.6265056,1.069355,0.9503684,0.4076211,26,12
0.07417746,-0.106700286,0.44024813,0.50339985,0.663512,0.70950675,0.44575045,0.51478475,0.96053517,0.9025985,0.38190466,26,12
0.008585252,0.023160025,0.49156,0.5184977,0.7011134,0.72006786,0.49163377,0.51903415,1.0106678,0.93846995,0.3604747,26,12
-0.07214218,-0.110048875,0.5078876,0.50158226,0.71266234,0.7082247,0.5130921,0.513693,1.0267851,0.9384414,0.38224715,26,12
-0.03685397,0.05246514,0.5181262,0.4699024,0.71980983,0.68549424,0.5194844,0.47265494,0.99213934,0.90792,0.40965906,26,12
0.032432683,-0.03499981,0.50620735,0.47329777,0.7114825,0.6879664,0.50725925,0.47452277,0.9817821,0.9102106,0.39153376,28,12
0.08992627,-0.0037894752,0.5501263,0.4550175,0.741705,0.6745499,0.558213,0.45503187,1.0132449,0.9308839,0.38301438,28,12
-0.1313122,-0.0026374012,0.42168102,0.5946697,0.6493697,0.7711483,0.43892393,0.5946767,1.0336006,0.9251503,0.42154178,28,12
0.06334402,-0.08898183,0.45892474,0.5319837,0.67743987,0.7293721,0.4629372,0.5399015,1.0028386,0.91711724,0.40216252,28,12
0.10263003,0.019433405,0.42375988,0.57176495,0.65096843,0.7561514,0.4342928,0.5721426,1.0064354,0.92231965,0.39466673,28,12
-0.031304874,-0.04113449,0.5022093,0.526026,0.7086673,0.7252765,0.5031893,0.52771807,1.0309074,0.93989503,0.38406336,28,12
0.07335031,0.017789228,0.51151085,0.519556,0.7151999,0.7208023,0.5168911,0.5198725,1.0367637,0.9407347,0.3895919,30,12
-0.10029816,-0.08176896,0.4516347,0.6208583,0.6720377,0.7879456,0.46169442,0.62754446,1.0892389,0.9660083,0.39505294,30,12
-0.05351973,-0.07687187,0.51119536,0.46826696,0.7149793,0.68430036,0.5140597,0.47417626,0.98823595,0.91982245,0.37704468,30,12
0.075033695,-0.023566812,0.4538793,0.41128427,0.67370564,0.6413145,0.45950934,0.41183963,0.871349,0.8510313,0.38352934,30,12
-0.08929451,0.08557047,0.43664923,0.55529714,0.6607944,0.74518263,0.44462276,0.56261945,1.0072422,0.9337255,0.36796594,30,12
0.0007941881,0.00870233,0.4953934,0.47087133,0.70384187,0.6862006,0.49539405,0.47094706,0.96634114,0.87311685,0.45167238,-20,12
-0.009887703,0.001936248,0.49010605,0.47635275,0.70007575,0.6901831,0.4902038,0.4763565,0.96656036,0.8726442,0.45282707,-20,12
0.00442117,-0.022345226,0.49731714,0.5023568,0.70520717,0.70877135,0.49733663,0.50285614,1.0001928,0.8832373,0.4691318,-20,12
-0.01370742,0.0122841,0.52535444,0.48765093,0.7248134,0.6983201,0.5255424,0.48780185,1.0133443,0.8872088,0.47560978,-20,12
-0.01536089,0.007715838,0.50220543,0.4857673,0.70866454,0.6969701,0.50244135,0.48582685,0.9882682,0.8835276,0.4556833,-20,12
0.019132808,-0.018195558,0.4915041,0.47714368,0.7010735,0.69075584,0.49187016,0.47747475,0.96934485,0.8678942,0.46487042,-20,12
-0.0034305626,-0.033726435,0.52778566,0.4705331,0.7264886,0.68595415,0.5277974,0.47167057,0.999468,0.88517,0.4646958,-20,12
-0.002530266,0.01741631,0.5126454,0.49472904,0.7159926,0.7033698,0.51265186,0.4950324,1.0076842,0.878142,0.48636484,-20,12
0.009426281,-0.01885792,0.51010185,0.49052328,0.71421415,0.70037365,0.5101907,0.49087888,1.0010695,0.89008826,0.4569601,-18,12
-0.017360993,0.0151262265,0.4990657,0.49275354,0.7064458,0.7019641,0.4993671,0.4929823,0.9923494,0.87806183,0.47048572,-18,12
-0.003025801,0.010537679,0.51360357,0.50442713,0.7166614,0.71023035,0.51361275,0.5045382,1.0181508,0.8944714,0.46698156,-18,12
0.013674736,0.015287323,0.49081466,0.5293467,0.70058167,0.7275622,0.49100167,0.5295804,1.0205821,0.8932923,0.47181657,-18,12
0.03855507,-0.058891475,0.4771383,0.5116028,0.69075197,0.71526414,0.47862482,0.515071,0.99369574,0.8835883,0.46148407,-16,12
0.009095458,-0.024325449,0.47471786,0.4986421,0.68899775,0.70614594,0.4748006,0.49923384,0.9740344,0.8734417,0.45949316,-16,12
-0.019599563,-0.020277789,0.49413022,0.48807693,0.702944,0.698625,0.49451435,0.4884881,0.9830025,0.8775705,0.46138108,-16,12
0.014367652,0.011654377,0.46993017,0.5123374,0.6855145,0.71577746,0.4701366,0.51247317,0.98260987,0.88284045,0.45077997,-16,12
0.021455742,-0.0041190987,0.5005706,0.4762019,0.7075101,0.69007385,0.5010309,0.47621888,0.97724974,0.8771827,0.45585102,-16,12
-0.009543786,-0.005617693,0.48897475,0.51848936,0.69926727,0.7200621,0.48906586,0.5185209,1.0075867,0.89244264,0.459492,-16,12
-0.015883813,-0.005817676,0.5434964,0.47089723,0.7372221,0.6862195,0.5437487,0.47093105,1.0146797,0.8947731,0.46266702,-16,12
0.0128216,-0.04236917,0.49874774,0.49274325,0.70622075,0.70195675,0.4989121,0.49453843,0.9934505,0.8775992,0.47251463,-16,12
-7.431116e-05,-0.029695852,0.4592877,0.5156294,0.6777077,0.7180734,0.4592877,0.5165113,0.97579896,0.8749914,0.4584637,-14,12
-0.0189933,0.037250023,0.47765553,0.49862197,0.6911263,0.7061317,0.4780163,0.50000954,0.9780258,0.8763926,0.4582159,-14,12
0.030816281,0.0014308998,0.5152311,0.48976833,0.71779597,0.6998345,0.51618075,0.48977038,1.0059512,0.89677113,0.44916886,-14,12
-0.037486795,0.0063250232,0.48786122,0.5084851,0.69847065,0.7130814,0.48926648,0.50852513,0.9977916,0.88147914,0.46987885,-14,12
-0.030515438,0.0035888604,0.46688813,0.5373516,0.68329215,0.7330427,0.46781933,0.5373645,1.0051838,0.8915471,0.45861483,-14,12
-0.03712047,-0.007793472,0.4995463,0.5542507,0.70678586,0.7444802,0.5009242,0.5543115,1.0552356,0.91291213,0.4709853,-14,12
0.013948793,-0.026709635,0.5145956,0.4703436,0.7173532,0.685816,0.5147902,0.471057,0.98584723,0.8845793,0.45096195,-12,12
0.012267565,-0.009383427,0.48050234,0.5137062,0.69318277,0.71673304,0.4806528,0.51379424,0.9944471,0.8753015,0.47780156,-12,12
-0.03370843,0.0051323175,0.49712002,0.51652765,0.7050674,0.71869856,0.49825627,0.516554,1.0148103,0.8967125,0.45903924,-12,12
0.020296916,0.048399553,0.50841534,0.5431638,0.7130325,0.7369965,0.5088273,0.5455063,1.0543337,0.90678746,0.4817366,-12,12
0.020462794,-0.007178891,0.50826335,0.46368647,0.7129259,0.6809453,0.50868213,0.463738,0.9724201,0.8696212,0.46495047,-12,12
0.024585288,-0.0005466221,0.49047685,0.5178429,0.7003405,0.719613,0.49108127,0.5178431,1.0089245,0.8903645,0.46494666,-12,12
-0.023760676,0.021110574,0.50731945,0.53319144,0.7122636,0.7301996,0.507884,0.5336371,1.0415211,0.89888,0.48325545,-12,12
0.04645674,0.00423931,0.47057807,0.5280436,0.68598694,0.7266661,0.47273633,0.5280616,1.000798,0.88661885,0.4633626,-12,12
0.017617375,0.009464184,0.5054795,0.49048585,0.7109708,0.70034695,0.5057899,0.4905754,0.99636525,0.8812604,0.46877015,-12,12
-0.012978478,0.013983799,0.5041133,0.49456975,0.7100094,0.70325655,0.5042818,0.49476528,0.9990471,0.8856323,0.4633601,-10,12
0.013717018,0.04679536,0.5137549,0.47606713,0.71676695,0.68997616,0.5139431,0.47825694,0.9922,0.89074963,0.4458308,-10,12
0.017074283,0.019216988,0.4926547,0.5145842,0.7018937,0.71734524,0.49294627,0.51495343,1.0078998,0.8872582,0.46975803,-8,12
0.026307955,-0.008487571,0.46388155,0.5310093,0.6810885,0.72870386,0.46457368,0.5310814,0.99565506,0.8914094,0.4483796,-8,12
-0.019956421,-0.007987156,0.48432654,0.4786928,0.6959357,0.6918763,0.4847248,0.4787566,0.9634814,0.87063587,0.4532931,-8,12
-0.008483678,-0.0074603916,0.5147625,0.5076248,0.7174695,0.7124779,0.51483446,0.5076804,1.0225148,0.89635324,0.46804467,-8,12
0.022592714,-0.0005719168,0.51580805,0.48245883,0.71819776,0.69459254,0.51631844,0.48245916,0.9987776,0.887663,0.45916447,-8,12
0.016178861,0.03260224,0.49081874,0.4820145,0.7005846,0.69427264,0.49108052,0.4830774,0.9741579,0.87093496,0.4643601,-8,12
-0.0018682647,-0.0148757845,0.50674075,0.5150857,0.71185726,0.7176947,0.50674427,0.51530695,1.0220513,0.8988971,0.46263945,-8,12
0.012983655,0.015220984,0.5035776,0.47558755,0.70963204,0.68962854,0.50374603,0.4758192,0.97956526,0.87246025,0.46730977,-8,12
0.020818096,-0.0027062912,0.5238512,0.47384936,0.7237757,0.6883672,0.5242846,0.4738567,0.9981412,0.88569456,0.46226227,-8,12
0.010825759,-0.014000919,0.51195395,0.4947126,0.7155096,0.70335805,0.51207113,0.4949086,1.0069797,0.8907831,0.4620448,-8,12
0.022439534,-0.017777828,0.49380526,0.48706394,0.7027128,0.69789964,0.49430883,0.48738003,0.98168886,0.8805897,0.45414826,-8,12
0.006789162,-0.028145356,0.5004591,0.48571798,0.7074313,0.6969347,0.5005052,0.48651016,0.98701537,0.87752163,0.46580166,-8,12
0.0068470407,0.015149699,0.5062023,0.4657618,0.71147895,0.68246746,0.5062492,0.46599132,0.97224045,0.87138414,0.46144363,-8,12
0.036624894,-0.013142938,0.51630515,0.52503943,0.71854377,0.724596,0.51764655,0.52521217,1.0428586,0.90576154,0.47165114,-8,12
0.0062615443,-0.07234487,0.5122365,0.51574695,0.715707,0.71815526,0.5122757,0.5209807,1.0332564,0.9041256,0.46455708,-6,12
0.01400902,-0.054921363,0.48163167,0.49399248,0.6939969,0.702846,0.48182794,0.4970088,0.97883683,0.8701811,0.47076705,-6,12
-0.0449734,0.025696062,0.5038029,0.48704576,0.70979077,0.69788665,0.50582546,0.48770607,0.99353147,0.8815391,0.46520993,-6,12
0.018499548,-0.035525054,0.5058748,0.518141,0.71124876,0.7198201,0.506217,0.519403,1.02562,0.894357,0.47512695,-6,12
-0.0042168293,0.00095623825,0.5151807,0.49922377,0.7177609,0.7065577,0.51519847,0.49922466,1.0144231,0.89673674,0.45856985,-6,12
0.048871867,-0.025848929,0.49125853,0.49741724,0.70089835,0.70527816,0.493647,0.49808544,0.9917325,0.8806292,0.46499965,-6,12
-0.014765475,-0.011076976,0.51639086,0.4883535,0.71860343,0.6988229,0.51660883,0.48847622,1.0050851,0.88425595,0.47241566,-6,12
0.044121254,-0.010851296,0.5060627,0.47355995,0.71138084,0.6881569,0.5080093,0.4736777,0.981687,0.8782985,0.45856163,-6,12
0.026484717,-0.030033603,0.5243357,0.5371205,0.72411025,0.73288506,0.52503717,0.5380225,1.0630597,0.9130431,0.4789697,-6,12
0.039138786,-0.0045925556,0.48438805,0.5240733,0.69597995,0.72392905,0.4859199,0.5240944,1.0100143,0.89466465,0.45780936,-6,12
-0.0045926743,0.014659105,0.48465112,0.48480052,0.6961689,0.6962762,0.48467222,0.4850154,0.9696876,0.8756176,0.45053458,-6,12
0.004313633,-0.03596702,0.5205764,0.49241352,0.7215098,0.70172185,0.5205951,0.49370718,1.0143021,0.89371127,0.46430847,-4,12
-0.009208465,-0.03290379,0.46501017,0.513039,0.68191653,0.7162674,0.46509495,0.51412165,0.9792166,0.8743291,0.46342775,-4,12
0.007001402,0.038283236,0.44829938,0.50021374,0.6695516,0.7072579,0.4483484,0.5016793,0.9500277,0.8662004,0.44690567,-4,12
0.0876624,-0.045626607,0.5348395,0.4768722,0.73132724,0.6905593,0.5425242,0.47895402,1.0214782,0.8956305,0.46832073,-4,12
0.02003146,-0.045096606,0.49916643,0.4995954,0.7065171,0.7068206,0.49956772,0.5016291,1.0011969,0.8814675,0.47351006,-4,12
-0.014405385,0.0015206225,0.5145402,0.4991535,0.7173146,0.706508,0.5147477,0.49915582,1.0139035,0.8910624,0.4689471,-4,12
-0.038189303,0.009128155,0.47783333,0.5017808,0.6912549,0.7083649,0.47929174,0.50186414,0.98115593,0.8747946,0.4646401,-4,12
-0.018585347,-0.009909466,0.50824666,0.48341417,0.7129142,0.6952799,0.5085921,0.48351234,0.9921045,0.88428676,0.45841175,-2,12
-0.0036211107,0.008256786,0.49526834,0.5484668,0.70375305,0.74058545,0.49528146,0.548535,1.0438166,0.91654205,0.45140576,-2,12
0.021389397,0.009271732,0.493829,0.48578906,0.7027297,0.6969857,0.4942865,0.48587504,0.9801616,0.882504,0.44871852,-2,12
0.004512351,-0.058997914,0.4708075,0.5086738,0.6861541,0.7132137,0.47082788,0.5121545,0.98298234,0.8770366,0.4623734,-2,12
0.06019693,-0.015655804,0.51210135,0.50040776,0.7156126,0.7073951,0.515725,0.50065285,1.0163779,0.8920857,0.46963912,-2,12
0.08200391,-0.06474195,0.46336392,0.5116154,0.6807084,0.71527296,0.47008857,0.51580685,0.9858954,0.88440645,0.45135424,-2,12
0.118391946,0.013043194,0.46793145,0.5356956,0.68405515,0.7319123,0.48194814,0.5358657,1.0178139,0.90268046,0.45053497,-2,12
-0.024595222,0.039965652,0.49777713,0.51933277,0.7055332,0.72064745,0.4983821,0.52093005,1.0193121,0.89558244,0.46609467,-2,12
-0.053334273,0.02185364,0.47017887,0.504813,0.6856959,0.71050197,0.4730234,0.5052906,0.9783139,0.88528836,0.44111043,0,12
0.012798186,0.015804384,0.53957987,0.45801198,0.734561,0.6767658,0.53974366,0.45826173,0.9980054,0.89314497,0.447546,0,12
-0.068733186,0.006846592,0.49699157,0.52897847,0.7049763,0.72730905,0.50171584,0.5290254,1.0307412,0.9096595,0.45084447,0,12
-0.14270966,-0.012641221,0.45588073,0.5086489,0.6751894,0.7131962,0.4762468,0.5088087,0.9850554,0.8959167,0.42706972,0,12
-0.053640634,0.040831603,0.5077901,0.49419492,0.7125939,0.70299,0.51066744,0.49586213,1.0065297,0.8996316,0.44406378,0,12
-0.102265656,-0.042831864,0.45375296,0.5188228,0.6736119,0.7202935,0.46421123,0.5206574,0.98486865,0.8887074,0.44166473,0,12
-0.024714882,-0.07641189,0.54785395,0.46785894,0.74017155,0.68400216,0.5484648,0.4736977,1.0221624,0.9097186,0.44110614,0,12
-0.09903321,-0.007869748,0.49055442,0.518098,0.7003959,0.7197902,0.500362,0.51815987,1.0185219,0.9012228,0.454224,0,12
-0.024290808,0.078964375,0.48419577,0.4906254,0.6958418,0.7004466,0.4847858,0.4968608,0.98164654,0.890597,0.434147,0,12
0.05522974,-0.054808654,0.4894157,0.50928015,0.6995825,0.71363866,0.49246606,0.5122841,1.0047503,0.8960916,0.44918814,0,12
0.00033353455,0.07616031,0.51804197,0.5023401,0.7197513,0.70875955,0.5180421,0.50814044,1.0261824,0.92057073,0.42276707,2,12
-0.14912508,0.06590336,0.4800768,0.51958466,0.69287574,0.7208222,0.5023151,0.5239279,1.026243,0.92384595,0.4156341,2,12
-0.02578174,0.052685782,0.56519294,0.47363096,0.75179315,0.6882085,0.56585765,0.47640675,1.0422645,0.92447376,0.4331427,2,12
-0.066895895,0.0046326146,0.51986957,0.50453734,0.7210198,0.7103079,0.5243446,0.5045588,1.0289035,0.9172027,0.4331773,2,12
0.05631356,-0.07553999,0.51193386,0.49861032,0.7154955,0.7061235,0.5151051,0.50431657,1.0194216,0.92001563,0.41592416,2,12
0.15686975,0.030943818,0.47454628,0.49844894,0.6888732,0.70600915,0.49915442,0.49940646,0.9985608,0.9072429,0.41889277,2,12
-0.03892782,-0.031467777,0.4992714,0.4904464,0.70659137,0.70031875,0.5007868,0.4914366,0.9922234,0.90883815,0.4077212,2,12
-0.020035263,0.005193351,0.5377663,0.46430656,0.7333255,0.6814004,0.5381677,0.46433353,1.0025012,0.9022939,0.43401265,2,12
0.03487722,0.05730792,0.5077215,0.5371126,0.71254575,0.73287964,0.5089379,0.54039675,1.0493348,0.9368988,0.41419235,4,12
0.07327969,0.06720283,0.48455676,0.50823456,0.6961011,0.7129057,0.48992667,0.5127508,1.0026776,0.90774184,0.42270824,4,12
0.083700664,-0.053943515,0.5139569,0.5320349,0.71690786,0.7294072,0.52096266,0.5349447,1.0559075,0.9499616,0.39176577,4,12
-0.026051598,0.05868248,0.5237304,0.42541847,0.7236922,0.6522411,0.52440906,0.4288621,0.95327127,0.88680106,0.40847895,4,12
0.06801939,-0.13058415,0.5386629,0.45857444,0.7339366,0.67718124,0.54328954,0.47562665,1.0189161,0.92810667,0.39690587,4,12
0.01575679,-0.014795369,0.53628117,0.49450552,0.7323122,0.7032109,0.5365294,0.49472442,1.0312538,0.9391775,0.3862635,4,12
-0.06960352,-0.011051193,0.45982617,0.4705818,0.6781048,0.6859897,0.46467078,0.4707039,0.93537474,0.8857721,0.3883072,4,12
0.002043577,0.040997513,0.41783202,0.60430247,0.64639926,0.77736896,0.4178362,0.60598326,1.0238194,0.9277223,0.40391928,4,12
-0.073805615,-0.016813044,0.49502367,0.5523721,0.7035792,0.7432174,0.5004709,0.55265474,1.0531256,0.9431107,0.40455896,4,12
0.059013937,0.05933833,0.4953313,0.49930274,0.70379776,0.7066136,0.49881393,0.50282377,1.0016377,0.9142398,0.40718943,4,12
-0.09808348,0.0010478124,0.4673994,0.47413525,0.6836661,0.6885748,0.47701976,0.47413635,0.9511561,0.8901732,0.3984317,4,12
-0.07801739,-0.086720265,0.43824464,0.4854985,0.6620005,0.6967772,0.44433135,0.49301887,0.9373503,0.88732713,0.3872993,4,12
-0.021498468,-0.008890573,0.480325,0.55605507,0.69305485,0.745691,0.4807872,0.55613416,1.0369213,0.9370325,0.39861184,4,12
-0.0016556736,0.031207636,0.46100828,0.5226855,0.6789759,0.72296995,0.46101102,0.52365947,0.9846705,0.9080485,0.4001479,4,12
0.09732835,-0.0026018657,0.55184686,0.5418679,0.74286395,0.73611677,0.5613197,0.5418747,1.1031944,0.9727497,0.39617202,4,12
-0.053123713,-0.027387429,0.47456488,0.49664837,0.6888867,0.70473284,0.477387,0.4973984,0.97478545,0.8997309,0.40653372,4,12
-0.026946455,0.03939546,0.49776268,0.51784265,0.70552295,0.71961284,0.49848878,0.5193947,1.0178835,0.920449,0.41310674,6,12
0.004241081,-0.019449718,0.47532952,0.5661073,0.68944144,0.752401,0.4753475,0.5664855,1.0418332,0.9379139,0.4026792,6,12
0.012317333,-0.09163792,0.5237208,0.4957371,0.72368556,0.704086,0.5238725,0.50413465,1.028007,0.93784845,0.38528875,6,12
0.078852266,0.10829742,0.45512286,0.53418744,0.67462796,0.7308813,0.46134058,0.54591584,1.0072563,0.92679626,0.38510388,6,12
-0.035951495,0.032929957,0.51491255,0.5183815,0.71757406,0.71998715,0.5162051,0.5194659,1.035671,0.93553215,0.40056285,6,12
0.12686451,0.081538536,0.48647755,0.49917522,0.6974794,0.70652336,0.5025721,0.50582373,1.0083959,0.92676544,0.3866546,6,12
-0.1175996,-0.010715917,0.5005537,0.5043911,0.7074982,0.71020496,0.5143834,0.50450593,1.0188893,0.93570095,0.37862,6,12
-0.025439175,-0.017434021,0.5919154,0.45939586,0.7693604,0.6777875,0.59256256,0.4596998,1.0522623,0.94732916,0.39348418,6,12
0.013225779,0.08257283,0.60277957,0.44968468,0.7763888,0.67058533,0.6029545,0.45650297,1.0594574,0.944365,0.4094289,6,12
0.0062747933,-0.0803732,0.58462286,0.43887657,0.76460636,0.6624776,0.5846622,0.4453364,1.0299985,0.93441164,0.3960727,8,12
-0.009189652,-0.07675474,0.5041872,0.51494956,0.71006143,0.71759987,0.5042717,0.5208409,1.0251126,0.9399174,0.376388,8,12
-0.012554992,0.018963702,0.52310264,0.48679233,0.7232584,0.69770503,0.52326035,0.48715192,1.0104122,0.9169191,0.4119121,8,12
-0.08365021,-0.02419999,0.53148204,0.4498533,0.72902817,0.67071104,0.53847945,0.45043892,0.9889184,0.9117099,0.3971189,8,12
0.025437206,0.048944674,0.5424496,0.4249267,0.73651177,0.651864,0.54309666,0.4273223,0.9704189,0.91812474,0.35702357,8,12
-0.043894533,-0.06704785,0.5079627,0.5489161,0.712715,0.7408887,0.5098895,0.55341154,1.063301,0.9542615,0.39075053,8,12
0.007686829,-0.086650744,0.5091145,0.54755986,0.7135226,0.7399729,0.50917363,0.55506825,1.0642419,0.96716225,0.35894167,8,12
0.10729276,-0.0015273951,0.41861564,0.5254186,0.64700514,0.7248576,0.43012738,0.5254209,0.95554835,0.9029313,0.37451753,10,12
-0.055823576,0.04797498,0.47716153,0.5304927,0.6907688,0.7283493,0.48027778,0.5327943,1.013072,0.93211555,0.3797796,10,12
0.13523448,-0.023054434,0.445614,0.48415673,0.6675433,0.6958137,0.46390235,0.48468825,0.9485907,0.89420384,0.38599244,10,12
0.104553595,-0.043098003,0.47408432,0.52511644,0.68853784,0.7246492,0.48501575,0.5269739,1.0119897,0.9437425,0.3483386,10,12
0.05268832,-0.12594076,0.46891645,0.45314878,0.68477476,0.6731633,0.4716925,0.46900985,0.9407023,0.89191824,0.3810303,10,12
0.04765142,0.041996382,0.54655534,0.57004327,0.7392938,0.7550121,0.548826,0.5718069,1.1206329,0.990645,0.3731695,10,12
0.05925205,-0.051946275,0.5565089,0.41906917,0.7459952,0.6473555,0.56001973,0.4217676,0.9817873,0.92240065,0.36189005,10,12
-0.09579473,-0.15304697,0.48651236,0.47782493,0.6975044,0.69124883,0.49568903,0.5012483,0.9969373,0.9150639,0.3994939,10,12
-0.016545394,-0.06323689,0.53385174,0.48279592,0.7306516,0.6948352,0.53412545,0.48679477,1.0209203,0.94550645,0.35628328,10,12
-0.005255144,-0.15122178,0.49930924,0.43794754,0.7066182,0.66177607,0.49933687,0.46081555,0.96015245,0.9079778,0.3684138,12,12
-0.037722662,0.03564575,0.53432053,0.453887,0.73097235,0.67371136,0.53574353,0.45515758,0.9909012,0.9178624,0.38526583,12,12
-0.08777742,-0.056641333,0.42706192,0.5125128,0.6534997,0.7159,0.43476677,0.5157211,0.95048785,0.90194726,0.37010673,12,12
0.04540853,-0.025388964,0.49204987,0.5408884,0.7014627,0.73545116,0.49411178,0.54153305,1.0356448,0.95226526,0.35893667,12,12
0.010259414,-0.02364567,0.56783867,0.43740225,0.7535507,0.66136396,0.56794393,0.43796134,1.0059054,0.93408614,0.36522374,12,12
-0.03812164,-0.13337407,0.503989,0.50119555,0.70992184,0.70795166,0.50544226,0.5189842,1.0244265,0.93581235,0.3855927,12,12
0.06013141,-0.012572419,0.48698536,0.5261215,0.6978434,0.72534233,0.49060112,0.52627957,1.0168806,0.93324673,0.38200954,12,12
0.11305655,-0.061444346,0.49040177,0.52500993,0.7002869,0.7245757,0.5031836,0.5287853,1.031969,0.93781704,0.3904716,14,12
-0.021937124,-0.085219994,0.49018237,0.4468886,0.7001302,0.66849726,0.49066362,0.45415103,0.94481456,0.8795033,0.4138703,14,12
0.047923513,-0.12651941,0.44767943,0.52620804,0.6690885,0.725402,0.4499761,0.5422152,0.9921913,0.91561615,0.39222237,14,12
0.05390238,0.028279003,0.48695785,0.50591743,0.69782364,0.71127874,0.48986334,0.50671715,0.9965805,0.9217591,0.38332835,14,12
-0.062104657,-0.054177523,0.41762415,0.55898535,0.64623845,0.74765325,0.42148116,0.56192064,0.9834018,0.91421896,0.38419452,14,12
0.13858321,0.038152706,0.5202991,0.47720334,0.7213176,0.69079906,0.53950435,0.478659,1.0181632,0.932478,0.3855491,14,12
-0.03536109,0.011684462,0.55692565,0.47741926,0.74627453,0.69095534,0.5581761,0.4775558,1.0357318,0.93932253,0.39166948,14,12
0.024547145,-0.053503748,0.53394777,0.4899006,0.7307173,0.699929,0.53455037,0.49276322,1.0273135,0.94118345,0.37614802,16,12
0.05543261,-0.057412114,0.59871936,0.4219589,0.77376956,0.64958364,0.60179216,0.42525506,1.0270472,0.93524325,0.3903424,16,12
-0.052232374,-0.006744367,0.5388594,0.5005417,0.7340705,0.7074897,0.5415877,0.50058717,1.0421748,0.9491031,0.37600273,16,12
0.04744071,0.02444657,0.41756168,0.58624583,0.6461901,0.7656669,0.4198123,0.58684355,1.0066558,0.93707705,0.35852805,16,12
-0.07192032,-0.0563578,0.47771817,0.5108721,0.6911716,0.7147532,0.48289075,0.51404834,0.99693906,0.93010557,0.36310142,16,12
0.09391649,-0.028626287,0.5155435,0.47553873,0.7180136,0.68959314,0.5243638,0.47635818,1.0007219,0.9251573,0.38053387,16,12
-0.054623343,-0.04903353,0.5215734,0.46309444,0.7222004,0.6805104,0.5245571,0.46549872,0.9900558,0.9192912,0.38073555,16,12
0.042763688,-0.051007632,0.43603086,0.5569631,0.66032636,0.7462996,0.4378596,0.5595648,0.9974244,0.9278019,0.36960524,16,12
0.01313944,0.011300292,0.5666422,0.5223981,0.7527564,0.7227711,0.5668149,0.5225258,1.0893407,0.96572334,0.39587784,16,12
0.010555584,0.14083616,0.45792815,0.47205,0.6767039,0.687059,0.45803955,0.49188483,0.94992447,0.90818024,0.35374135,18,12
0.038469285,0.052866764,0.5108197,0.55657595,0.7147165,0.74604017,0.5122995,0.5593708,1.0716703,0.9597229,0.38807508,18,12
-0.011119094,0.1242621,0.53075963,0.46005717,0.7285325,0.67827517,0.5308833,0.47549826,1.0063815,0.9272437,0.38288474,18,12
0.010782875,-0.0061103962,0.45434704,0.53373474,0.6740527,0.7305715,0.45446333,0.53377205,0.98823535,0.92579937,0.36212,18,12
0.17653975,0.032342188,0.53444254,0.4609797,0.7310558,0.67895484,0.5656088,0.4620257,1.0276345,0.9453927,0.3658784,18,12
0.11321407,0.04603041,0.4191273,0.5323432,0.6474004,0.72961855,0.4319447,0.534462,0.96640676,0.90629935,0.3808257,18,12
-0.029243775,-0.056544673,0.57557404,0.39882326,0.758666,0.63152456,0.57642925,0.40202057,0.9784498,0.9239899,0.35311812,18,12
0.05734091,-0.02341146,0.5226971,0.49427587,0.72297794,0.7030476,0.525985,0.494824,1.0208089,0.9424932,0.36402705,18,12
0.13157113,0.05101882,0.46585435,0.5154949,0.68253523,0.7179797,0.48316532,0.5180978,1.0012631,0.9219922,0.38883623,18,12
-0.08247517,0.02461144,0.48712218,0.4743018,0.69794136,0.6886957,0.49392432,0.47490752,0.96883184,0.90933275,0.37675697,20,12
-0.062201183,0.09076153,0.48412493,0.5106392,0.6957909,0.71459025,0.48799393,0.5188768,1.0068707,0.9241247,0.39097863,20,12
-0.035423446,0.06825964,0.54292053,0.40722284,0.7368314,0.63814014,0.5441754,0.41188222,0.95605755,0.90361893,0.37353772,20,12
0.005248083,0.025881832,0.49487385,0.519424,0.70347273,0.72071075,0.4949014,0.52009386,1.0149953,0.9375263,0.3688357,20,12
-0.050761364,-0.010533884,0.4281237,0.51800215,0.65431166,0.71972364,0.4307004,0.51811314,0.9488135,0.90609133,0.3575081,20,12
-0.06964016,0.085555166,0.5190586,0.46619105,0.7204572,0.6827819,0.52390826,0.47351074,0.99741906,0.93405616,0.35349426,22,12
-0.06935243,0.08117751,0.5084932,0.41461742,0.7130871,0.6439079,0.513303,0.42120716,0.9345101,0.8937102,0.36849988,22,12
0.04913643,0.030310517,0.5842513,0.42630714,0.76436335,0.652922,0.58666563,0.4272259,1.0138915,0.9341661,0.3757995,22,12
0.03989624,0.015696324,0.5258461,0.4475374,0.7251525,0.6689823,0.52743787,0.44778377,0.97522163,0.92271984,0.35186604,22,12
0.030322164,-0.09181843,0.41851795,0.53084004,0.6469296,0.7285877,0.41943735,0.53927064,0.958708,0.914324,0.3503136,22,13
-0.068489276,0.08191739,0.4556414,0.52200454,0.6750121,0.72249883,0.46033216,0.5287151,0.9890472,0.9198854,0.37796563,22,13
-0.030679038,-0.041473225,0.53620195,0.46227497,0.73225814,0.67990804,0.5371432,0.46399498,1.0011382,0.9347153,0.3569952,22,13
-0.00012579188,0.06948418,0.5403938,0.47889203,0.7351148,0.69202024,0.5403938,0.4837201,1.0241139,0.9396807,0.37565163,22,13
0.088492274,-0.04014607,0.51572627,0.49550572,0.71814084,0.7039217,0.5235572,0.49711743,1.0206746,0.94094247,0.36783406,22,13
-0.16680291,0.04525436,0.4128206,0.4837003,0.6425112,0.69548565,0.44064382,0.48574823,0.9263921,0.88895535,0.3689857,24,13
0.033378914,-0.05807767,0.4308815,0.55831194,0.65641564,0.74720275,0.4319957,0.56168497,0.9936806,0.924958,0.37166297,24,13
0.01327835,-0.010624787,0.5512185,0.45874298,0.74244094,0.6773057,0.5513948,0.4588558,1.0102506,0.93337,0.3729224,24,13
0.090550736,-0.053844877,0.5362573,0.48519212,0.73229593,0.69655734,0.5444567,0.4880914,1.0325482,0.93951184,0.3871248,24,13
-0.0978813,0.007593155,0.3862924,0.5832356,0.6215243,0.76369864,0.39587313,0.5832932,0.9791664,0.9157377,0.3749545,24,13
0.030166732,-0.0113805495,0.4887628,0.43186522,0.69911575,0.6571645,0.4896728,0.43199474,0.9216676,0.87758,0.3892569,24,13
-0.044326182,-0.08702364,0.5581267,0.45477802,0.7470788,0.6743723,0.5600915,0.46235114,1.0224426,0.9464811,0.3558317,26,13
0.015125131,0.084890686,0.5189508,0.48529893,0.7203824,0.696634,0.5191796,0.49250537,1.0116849,0.93672013,0.36638826,26,13
-0.03247462,-0.023856591,0.46654215,0.4480684,0.6830389,0.6693791,0.46759677,0.44863755,0.9162344,0.88904333,0.35473427,26,13
-0.048152816,0.041391265,0.5118742,0.53025055,0.71545386,0.72818303,0.51419294,0.5319638,1.0461568,0.9578639,0.35868272,26,13
-0.051468916,-0.039659973,0.48032618,0.45105916,0.6930557,0.6716094,0.4829752,0.45263204,0.9356073,0.88556945,0.3890681,26,13
-0.025494449,-0.044477418,0.49549982,0.49312174,0.7039175,0.7022263,0.49614978,0.49510002,0.9912498,0.9252756,0.3675798,26,13
0.043105617,0.078537464,0.4430765,0.5834151,0.66563994,0.7638161,0.44493458,0.5895832,1.0345178,0.9363528,0.39719173,26,13
0.057251535,0.03450191,0.46909863,0.5152269,0.68490773,0.71779305,0.4723764,0.51641726,0.9887936,0.9152175,0.3888065,26,13
0.20954631,0.09811452,0.46743962,0.46587718,0.68369555,0.682552,0.51134926,0.47550362,0.9868529,0.9166043,0.38300067,26,13
0.06577473,-0.011978827,0.47525695,0.46427417,0.6893888,0.6813767,0.47958326,0.46441767,0.94400096,0.89544344,0.37707028,26,13
-0.10874511,-0.0871322,0.454234,0.4874438,0.67396885,0.69817173,0.4660595,0.49503583,0.9610954,0.9082293,0.36907315,26,13
-0.08237024,-0.010068845,0.47974914,0.49351078,0.69263923,0.7025032,0.486534,0.49361217,0.98014617,0.9140651,0.380304,26,13
0.024738725,0.044788446,0.47145152,0.47232792,0.6866233,0.68726116,0.47206354,0.47433394,0.9463975,0.8965968,0.3775071,28,13
-0.00656835,0.0055885105,0.49948752,0.5221473,0.7067443,0.7225976,0.49953064,0.5221786,1.0217092,0.93582916,0.3820119,28,13
0.00026651844,0.05520115,0.54604155,0.4461976,0.73894626,0.66798025,0.5460416,0.44924474,0.9952863,0.9117282,0.4050161,28,13
0.0015022634,-0.0313465,0.5525914,0.44300446,0.74336493,0.6655858,0.55259365,0.44398707,0.9965807,0.93631256,0.34626514,28,13
-0.10111055,0.019370774,0.5023919,0.43887103,0.7087961,0.66247344,0.5126152,0.4392463,0.9518615,0.8914293,0.39650384,28,13
-0.11466403,0.02686517,0.512022,0.47194943,0.71555716,0.68698573,0.52516985,0.47267118,0.99784106,0.92056215,0.3878225,28,13
-0.048695352,0.007567931,0.5301279,0.5201014,0.7280988,0.72118056,0.53249913,0.52015865,1.0526578,0.9540717,0.3773659,30,13
0.035769776,-0.1929854,0.52088714,0.4855197,0.7217251,0.6967924,0.5221666,0.522763,1.0449297,0.9574143,0.3581723,30,13
0.10191967,0.0080659585,0.49785906,0.45317692,0.70559126,0.67318416,0.50824666,0.45324197,0.9614886,0.91209126,0.35996974,30,13
0.11260444,0.11122845,0.51798195,0.4496546,0.71970963,0.6705629,0.5306617,0.46202636,0.99268806,0.92785865,0.36299643,30,13
-0.053531267,0.033188373,0.49971142,0.49902275,0.7069027,0.7064154,0.50257707,0.5001242,1.0027013,0.93278044,0.36417285,30,13
-0.017558102,-0.009889104,0.49404946,0.4757207,0.7028865,0.6897251,0.4943578,0.4758185,0.9701763,0.8735883,0.4549943,-20,13
-0.040231846,-0.026416358,0.49779624,0.50003994,0.70554674,0.707135,0.49941486,0.5007378,1.0001527,0.88971084,0.45669156,-20,13
-0.013137834,-0.002049666,0.5142263,0.4797445,0.71709573,0.6926359,0.5143988,0.47974873,0.99414754,0.88143134,0.46607548,-20,13
0.013902113,0.008985962,0.47629347,0.481718,0.6901402,0.6940591,0.47648674,0.48179877,0.95828545,0.8688326,0.45101592,-20,13
0.02831867,0.022783345,0.46542716,0.5051713,0.68222225,0.71075404,0.46622908,0.5056904,0.9719195,0.8714507,0.46096978,-20,13
-0.013104354,0.016092053,0.50982094,0.5156735,0.71401745,0.7181041,0.5099926,0.51593244,1.0259252,0.89996415,0.46474686,-20,13
0.016881503,0.024758833,0.51958084,0.4930073,0.72081953,0.7021448,0.5198659,0.49362028,1.0134861,0.88752836,0.4751626,-20,13
0.029941522,0.01219735,0.4908051,0.52797216,0.7005748,0.7266169,0.49170157,0.52812093,1.0198225,0.8929417,0.4716754,-20,13
-0.0020912802,0.0090848645,0.5034203,0.51431924,0.7095212,0.7171605,0.50342464,0.5144018,1.0178264,0.89015806,0.47481066,-20,13
-0.0143082,0.05732158,0.4856385,0.5181102,0.69687766,0.71979874,0.4858432,0.52139604,1.0072392,0.88518417,0.4729568,-18,13
-0.026267055,-0.010921835,0.50772405,0.49986544,0.7125476,0.70701164,0.508414,0.49998474,1.0083988,0.8927901,0.45970047,-18,13
-0.025959807,0.002653379,0.5158889,0.5114386,0.7182541,0.71514934,0.5165628,0.51144564,1.0280085,0.89242965,0.4812253,-18,13
-0.024542756,0.009577401,0.47218794,0.5123905,0.6871593,0.7158146,0.47279024,0.5124822,0.98527247,0.88449717,0.45048553,-18,13
0.04999241,0.0073464448,0.47999504,0.4832881,0.69281673,0.69518924,0.48249426,0.4833421,0.96583635,0.8677325,0.4613856,-18,13
0.011926234,4.3325126e-05,0.4850566,0.49508938,0.69646007,0.70362586,0.48519883,0.4950894,0.98028827,0.8824487,0.44896823,-18,13
0.007950511,0.0028467495,0.49367768,0.48980343,0.702622,0.69985956,0.4937409,0.48981157,0.9835524,0.88198555,0.4534909,-18,13
0.019613344,-0.05596219,0.48494557,0.4838984,0.6963803,0.69562805,0.48533022,0.48703015,0.9723604,0.8661956,0.47123832,-18,13
-0.012346058,6.3019805e-05,0.49772877,0.5131765,0.70549893,0.7163634,0.49788117,0.51317656,1.0110577,0.89182854,0.46443465,-18,13
0.006265306,0.03825725,0.4508799,0.4969202,0.6714759,0.70492566,0.45091915,0.4983838,0.9493029,0.8597601,0.45838356,-18,13
-0.030788226,-0.021761619,0.49247152,0.5235511,0.70176315,0.7235683,0.49341947,0.52402467,1.017444,0.89181757,0.47128075,-16,13
0.0073016733,0.016863089,0.4739447,0.5034062,0.6884364,0.7095113,0.473998,0.5036906,0.9776886,0.8743099,0.46181247,-16,13
-0.015172651,0.039822724,0.48117676,0.5019103,0.6936691,0.7084563,0.481407,0.50349617,0.9849031,0.87454414,0.46912226,-16,13
0.05435754,-0.017560253,0.4754712,0.5189836,0.6895442,0.72040516,0.47842592,0.5192919,0.99771786,0.8796502,0.47321603,-16,13
-0.016782032,-0.0026467217,0.5060179,0.50348866,0.71134937,0.70956933,0.5062996,0.5034957,1.0097952,0.8891411,0.46821305,-16,13
0.009757206,-0.012436619,0.49086708,0.48815334,0.70061904,0.6986797,0.49096227,0.48830804,0.97927034,0.8834417,0.44587103,-16,13
-0.02335065,0.011167735,0.49363193,0.4767173,0.70258945,0.69044715,0.49417716,0.47684205,0.9710192,0.874856,0.45348224,-16,13
0.015341034,-0.037072398,0.5076922,0.4819454,0.71252525,0.69422287,0.50792754,0.48331976,0.9912473,0.88388664,0.45824853,-16,13
-0.017530572,0.024052244,0.50327384,0.50837266,0.70941794,0.71300256,0.5035812,0.5089512,1.0125324,0.8906588,0.4682513,-16,13
-8.8427216e-05,-0.00040489621,0.4671139,0.5300315,0.6834573,0.72803265,0.4671139,0.5300317,0.9971456,0.8825208,0.46722862,-16,13
0.047370605,0.0009814233,0.49224716,0.5087619,0.7016033,0.71327543,0.49449116,0.50876284,1.0032539,0.89421535,0.45125696,-14,13
-0.047702618,0.005354768,0.52521676,0.4601754,0.7247184,0.6783623,0.5274923,0.46020406,0.98769635,0.88733125,0.44759318,-14,13
-0.021468483,-0.008717032,0.50708187,0.4933102,0.7120968,0.70236045,0.5075427,0.4933862,1.000929,0.8773645,0.48079163,-14,13
-0.0006842837,-0.0050964747,0.48210764,0.5098632,0.6943397,0.7140471,0.48210812,0.5098892,0.99199724,0.8796233,0.4671832,-14,13
-0.0124028325,-0.04001871,0.5446928,0.49156073,0.73803306,0.70111394,0.54484665,0.4931622,1.0380088,0.90261495,0.4725411,-14,13
-0.016705139,-0.023980426,0.512641,0.5120652,0.71598953,0.7155873,0.5129201,0.51264024,1.0255603,0.8927679,0.47804362,-14,13
-0.005028606,0.016911693,0.54971766,0.50499344,0.74142945,0.7106289,0.549743,0.5052795,1.0550225,0.9113022,0.4738678,-14,13
0.02047614,-0.032670278,0.49481577,0.4707752,0.7034314,0.6861306,0.49523503,0.47184253,0.9670776,0.8697869,0.4588553,-12,13
-0.024747726,0.023868762,0.49432158,0.53053075,0.70308006,0.72837543,0.49493402,0.53110045,1.0260346,0.8923306,0.47935435,-12,13
-0.0088695865,-0.002615449,0.50439984,0.52052116,0.7102111,0.72147155,0.50447845,0.520528,1.0250065,0.8972095,0.46906447,-12,13
-0.008779861,-0.005436862,0.46222973,0.5411746,0.6798748,0.7356457,0.46230683,0.54120415,1.003511,0.87795556,0.4823951,-12,13
-0.007411628,0.028912086,0.5004013,0.51076305,0.7073905,0.71467686,0.5004563,0.51159894,1.0120552,0.8889327,0.4710137,-12,13
0.010696812,0.007873777,0.46504477,0.50357735,0.6819419,0.70963186,0.46515918,0.50363934,0.9687985,0.87153494,0.45741168,-12,13
-0.016792066,-0.03748188,0.50043255,0.47969148,0.7074126,0.6925976,0.50071454,0.4810964,0.9818108,0.8754566,0.46409768,-12,13
0.044992674,0.0066556055,0.52875704,0.49072066,0.7271568,0.70051455,0.5307814,0.49076498,1.0215464,0.9000288,0.4598852,-12,13
-0.004543878,-0.0479157,0.5126103,0.49355024,0.7159681,0.70253134,0.512631,0.49584615,1.0084771,0.8902242,0.46473426,-10,13
0.018059228,0.008364897,0.49169952,0.4985582,0.7012129,0.7060865,0.49202567,0.49862814,0.9906539,0.8856146,0.45424736,-10,13
0.00039944844,0.014246054,0.4995916,0.5193473,0.7068179,0.7206575,0.49959177,0.51955026,1.0191419,0.89801,0.46121585,-10,13
-0.0029535107,-0.0122294305,0.45447803,0.4874956,0.6741499,0.69820887,0.45448673,0.4876452,0.94213194,0.86228335,0.4456448,-10,13
-0.004317862,-0.007590425,0.5026295,0.49110278,0.7089637,0.70078725,0.5026482,0.4911604,0.99380857,0.8773329,0.47338724,-8,13
-0.008955639,-0.003906803,0.53812104,0.5317352,0.73356736,0.72920173,0.5382013,0.53175044,1.0699517,0.9216467,0.46959457,-8,13
-0.012338876,-0.01279734,0.49404016,0.52402294,0.7028799,0.7238943,0.49419242,0.5241867,1.0183791,0.89788556,0.46063074,-8,13
-0.0056286957,-0.042698868,0.533288,0.50396395,0.7302657,0.7099042,0.5333197,0.50578713,1.0391068,0.90461177,0.469877,-8,13
0.039009415,-0.034148656,0.50890255,0.4704053,0.7133741,0.685861,0.51042426,0.47157145,0.98199564,0.8741597,0.4667339,-8,13
-0.0017215849,-0.02187496,0.45521367,0.5167999,0.67469525,0.718888,0.45521665,0.51727843,0.9724951,0.86770046,0.46860543,-8,13
0.024189407,0.01860283,0.49121648,0.48766816,0.70086837,0.6983324,0.4918016,0.48801422,0.97981584,0.8752858,0.46226686,-8,13
0.012392107,-0.0058267396,0.51234484,0.5037716,0.7157827,0.7097687,0.5124984,0.5038056,1.016304,0.8943563,0.46522117,-8,13
-0.023536306,0.018791582,0.48008406,0.50201917,0.692881,0.7085331,0.48063803,0.50237226,0.98301035,0.87592655,0.46450296,-6,13
0.009274632,0.04800997,0.48216003,0.50896573,0.6943774,0.71341836,0.482246,0.5112707,0.9935167,0.8851774,0.45823324,-6,13
0.021298727,-0.00834557,0.49976647,0.50188255,0.7069416,0.70843667,0.5002201,0.50195223,1.0021724,0.88074625,0.47587645,-6,13
-0.007830391,-0.017599953,0.5318589,0.5013387,0.7292866,0.70805275,0.5319202,0.5016484,1.0335686,0.90184176,0.469308,-6,13
0.035120465,-0.00036676833,0.50964344,0.4913858,0.7138932,0.7009891,0.5108769,0.4913859,1.0022628,0.8906776,0.4571173,-6,13
-0.027016824,0.031457804,0.5115419,0.4764605,0.7152216,0.6902612,0.51227176,0.47745007,0.98972183,0.87951857,0.46493974,-6,13
-0.024016378,-0.041418433,0.48269284,0.49694952,0.694761,0.70494646,0.48326963,0.49866503,0.98193467,0.87749434,0.46036768,-6,13
-0.04629347,0.013068225,0.5342233,0.51370996,0.73090583,0.7167356,0.5363664,0.5138807,1.0502472,0.906667,0.477705,-6,13
-0.0468983,0.0026437398,0.49782398,0.48618746,0.7055664,0.69727147,0.5000235,0.48619443,0.98621786,0.88734835,0.44590443,-4,13
-0.0326752,-0.008689863,0.49282256,0.5045569,0.7020132,0.71032166,0.49389026,0.5046324,0.99852264,0.8891436,0.45601133,-4,13
-0.027111521,-0.010205846,0.4588199,0.5441462,0.67736244,0.7376627,0.45955497,0.54425037,1.0038053,0.8941046,0.45208654,-4,13
0.037062503,0.0146846,0.50015324,0.49525413,0.70721513,0.7037429,0.50152683,0.49546975,0.99699664,0.8886894,0.45522276,-2,13
0.061608657,-0.029895142,0.49817002,0.4866978,0.7058116,0.6976373,0.50196564,0.4875915,0.98955715,0.8775051,0.468553,-2,13
0.0060770763,0.052030552,0.5015187,0.48649538,0.7081799,0.6974922,0.5015557,0.48920256,0.99075824,0.886016,0.45357892,-2,13
0.005852189,-0.06443525,0.5082773,0.5088805,0.7129357,0.7133586,0.50831157,0.51303244,1.021344,0.9049008,0.4499984,-2,13
-0.088023916,-0.00030190498,0.50214183,0.4833121,0.70861965,0.6952065,0.5098901,0.4833122,0.9932022,0.88244927,0.4631259,-2,13
-0.069985434,-0.011991095,0.5070628,0.45928124,0.7120834,0.6777029,0.51196074,0.45942503,0.9713858,0.87840044,0.4469882,-2,13
-0.036494583,-0.0020518377,0.4596517,0.5274129,0.6779762,0.726232,0.46098357,0.52741706,0.9884007,0.8878984,0.4472551,-2,13
-0.034202658,0.017187327,0.48637035,0.4755832,0.6974026,0.6896254,0.4875402,0.4758786,0.9634187,0.87345684,0.44776323,-2,13
-0.0014288649,0.044426408,0.50793356,0.4896981,0.7126946,0.69978434,0.50793564,0.4916718,0.99960744,0.89101505,0.4535412,-2,13
-0.038181335,0.01171614,0.49343002,0.46472925,0.70244575,0.68171054,0.49488786,0.46486652,0.95975435,0.8759365,0.4387364,-2,13
-0.01169829,-0.064130604,0.51758736,0.4995055,0.71943545,0.706757,0.51772416,0.5036182,1.0213423,0.89973265,0.46024296,-2,13
0.03071135,-0.01078428,0.46543503,0.5394609,0.68222797,0.73448,0.46637824,0.5395772,1.0059555,0.90703475,0.42806938,0,13
0.016822344,0.03508395,0.49960136,0.48420528,0.70682484,0.6958486,0.49988434,0.48543617,0.9853205,0.8863647,0.44685355,0,13
0.107360885,-0.050580412,0.48237768,0.46863204,0.6945341,0.68456703,0.49390405,0.47119045,0.96509445,0.8828261,0.4309438,0,13
-0.003008943,0.0071364604,0.5146965,0.52741635,0.7174235,0.7262344,0.5147056,0.52746725,1.0421729,0.91842455,0.44572324,0,13
-0.10103729,-0.0010920241,0.48384184,0.5634414,0.6955874,0.75062734,0.49405038,0.5634426,1.057493,0.9366312,0.42451736,2,13
0.06920467,0.016584802,0.5095175,0.4553087,0.71380496,0.67476565,0.5143068,0.45558378,0.9698906,0.89121294,0.4190823,2,13
-0.014553422,0.04111907,0.47926027,0.49044254,0.69228625,0.700316,0.4794721,0.49213332,0.97160536,0.88866,0.4264842,2,13
0.058212932,0.030428886,0.52654076,0.46418875,0.7256313,0.681314,0.5299295,0.46511468,0.99504423,0.9026439,0.42459166,2,13
-0.08854896,0.08594824,0.49451584,0.4930446,0.7032182,0.7021714,0.50235677,0.5004318,1.0027885,0.91219944,0.41313517,4,13
0.029537804,0.026953064,0.4908167,0.549766,0.7005831,0.74146205,0.4916892,0.55049247,1.0421816,0.93208814,0.4164052,4,13
-0.17991549,-0.08587657,0.46487838,0.47834003,0.6818199,0.6916213,0.49724793,0.48571485,0.9829627,0.9073042,0.39970216,4,13
-0.06320928,-0.037690707,0.45861697,0.5364687,0.67721266,0.73244023,0.46261233,0.53788924,1.0005016,0.9262625,0.377544,4,13
0.0752324,0.061030786,0.4730751,0.48548287,0.6878045,0.696766,0.478735,0.4892076,0.9679426,0.8929585,0.4129984,4,13
0.029841522,-0.1114683,0.5363105,0.44489092,0.7323322,0.6670014,0.537201,0.45731607,0.9945171,0.9102854,0.40730527,4,13
-0.035901558,-0.019430012,0.4825063,0.51409626,0.69462675,0.7170051,0.48379523,0.5144738,0.99826896,0.9156773,0.39975503,4,13
-0.009171186,0.0068340376,0.5331103,0.45168784,0.730144,0.67207724,0.5331944,0.45173454,0.98492897,0.9239519,0.36227322,6,13
-0.05072645,0.012190219,0.45822102,0.5009122,0.67692024,0.7077515,0.4607942,0.5010607,0.96185493,0.90695375,0.37321553,6,13
0.0623607,-0.022782162,0.47892895,0.4675491,0.69204694,0.6837756,0.48281777,0.46806815,0.9508859,0.9035825,0.36663944,6,13
-0.12050033,0.066169776,0.44213638,0.5243734,0.6649334,0.7241363,0.45665672,0.52875185,0.98540854,0.9185895,0.37630036,6,13
0.09414385,0.09668259,0.5301888,0.49462873,0.72814065,0.70329845,0.5390519,0.5039763,1.0430281,0.9378669,0.40426937,6,13
-0.030953247,0.008838918,0.5484108,0.45839405,0.7405476,0.677048,0.549369,0.45847222,1.0078411,0.934914,0.3657554,6,13
0.08712705,0.07744293,0.5994657,0.44100636,0.7742517,0.6640831,0.60705686,0.44700378,1.0540607,0.95204914,0.3842696,8,13
0.063804865,-0.052064776,0.51221776,0.5033473,0.7156939,0.70946974,0.51628876,0.506058,1.0223469,0.93103445,0.39436245,8,13
-0.06774314,-0.02638949,0.54981506,0.45478338,0.74149513,0.6743763,0.5544042,0.45547977,1.009884,0.9410194,0.35265628,8,13
0.061072543,-0.08293144,0.5076131,0.4923706,0.71246976,0.70169127,0.51134294,0.4992482,1.0105911,0.93489957,0.36953217,8,13
-0.05608786,0.056633428,0.5070759,0.53254616,0.71209264,0.7297576,0.5102217,0.5357535,1.0459752,0.9539915,0.368613,10,13
-0.09320799,-0.09428695,0.5418755,0.4655772,0.7361219,0.68233216,0.5505632,0.47446725,1.0250305,0.94652,0.3593471,10,13
-0.058880053,0.037372082,0.5072992,0.5505172,0.7122494,0.74196845,0.5107661,0.5519139,1.06268,0.96550083,0.3612313,10,13
0.056012534,-0.042059287,0.56679356,0.41914618,0.7528569,0.647415,0.569931,0.4209152,0.9908462,0.91332173,0.39584038,10,13
-0.115361914,-0.07990232,0.49687952,0.49276763,0.7048968,0.7019741,0.5101879,0.49915197,1.0093399,0.93315774,0.37223187,10,13
-0.03605392,-0.12997255,0.45537084,0.57606363,0.6748117,0.75898856,0.45667073,0.5929565,1.0496273,0.9507052,0.38182053,10,13
-0.030480884,-0.0121160485,0.5257484,0.5087632,0.7250851,0.7132764,0.5266775,0.50891006,1.0355874,0.9428673,0.38286912,10,13
-0.033270568,-0.033866,0.504913,0.45912194,0.7105723,0.67758536,0.50601995,0.46026886,0.96628875,0.90765476,0.3774277,10,13
-0.041107446,0.008168023,0.4900978,0.50756955,0.70006984,0.7124392,0.4917876,0.5076363,0.9994239,0.92843854,0.37070975,12,13
0.11347611,0.060020573,0.5069098,0.5234271,0.711976,0.72348267,0.5197866,0.52702963,1.0468162,0.95008826,0.37966895,12,13
-0.10654913,0.067809105,0.52937055,0.45271745,0.7275785,0.6728428,0.5407232,0.45731553,0.99803877,0.9264285,0.3738569,12,13
0.14295949,0.0092084445,0.53041613,0.48369583,0.72829676,0.69548243,0.5508535,0.48378062,1.0346341,0.94690084,0.37150103,12,13
0.02771737,-0.01900009,0.52519345,0.5232351,0.7247023,0.7233499,0.52596176,0.52359605,1.0495577,0.9514287,0.37992254,12,13
-0.065230004,0.09866834,0.51032287,0.49044245,0.7143689,0.70031595,0.5145778,0.50017786,1.0147557,0.93277633,0.38037345,14,13
0.06293679,0.06169044,0.42751014,0.5514583,0.65384257,0.7426024,0.4314712,0.555264,0.9867352,0.9157326,0.38492736,14,13
-0.050728932,0.016432408,0.5014156,0.51371986,0.70810705,0.7167425,0.50398904,0.51398987,1.0179789,0.9304527,0.39017513,14,13
-0.100974455,0.011048773,0.5594075,0.45926565,0.7479355,0.6776914,0.56960326,0.45938772,1.028991,0.9473279,0.3627132,14,13
-0.108096205,-0.07322105,0.49854702,0.43752417,0.70607865,0.6614561,0.5102318,0.4428855,0.9531173,0.89881384,0.381118,14,13
0.027445443,0.008118885,0.48053253,0.47747105,0.6932045,0.69099283,0.48128575,0.47753698,0.9588227,0.90272367,0.3793583,14,13
-0.089036085,0.08631763,0.51690376,0.46401453,0.71896017,0.68118614,0.5248313,0.47146523,0.9962964,0.92396176,0.37761244,14,13
-0.016792208,0.07658893,0.5256741,0.40324003,0.7250339,0.63501185,0.5259561,0.4091059,0.93506193,0.9023118,0.34770012,14,13
0.13622431,0.021027043,0.4698618,0.4927001,0.6854647,0.701926,0.48841885,0.49314225,0.98156106,0.9218937,0.3628678,14,13
-0.02101446,-0.06948746,0.4637806,0.57182765,0.6810144,0.75619286,0.46422225,0.57665616,1.0408784,0.9439323,0.38713092,14,13
-0.06657108,-0.046503797,0.46807423,0.56849474,0.6841595,0.7539859,0.47250593,0.5706573,1.0431633,0.9571508,0.35640642,14,13
-0.022146678,-0.052890442,0.48101312,0.5370735,0.6935511,0.732853,0.4815036,0.539871,1.0213745,0.932915,0.38864395,14,13
-0.12714677,0.077082336,0.52556825,0.3866359,0.72496086,0.62180054,0.5417346,0.3925776,0.93431216,0.88391644,0.39115715,16,13
-0.1204175,0.11990281,0.5166852,0.48071855,0.7188082,0.6933387,0.53118557,0.49509525,1.0262808,0.93927836,0.37952211,16,13
0.10811052,-0.12776141,0.36645883,0.5402391,0.6053584,0.7350096,0.3781467,0.55656207,0.9347088,0.89177155,0.37343302,16,13
-0.010064743,0.025449157,0.50653493,0.44340077,0.71171266,0.6658834,0.50663626,0.4440484,0.95068467,0.89399666,0.38917166,16,13
0.04334463,-0.048778825,0.4672197,0.50354767,0.68353474,0.70961094,0.46909845,0.5059271,0.9750255,0.91489303,0.37147844,18,13
-0.026952777,-0.099948026,0.40981787,0.5507879,0.6401702,0.7421509,0.4105443,0.5607775,0.9713218,0.90889615,0.3810901,18,13
-0.096176274,-0.1063613,0.5478401,0.50362337,0.74016225,0.7096643,0.55709004,0.51493603,1.072026,0.961232,0.3847844,18,13
0.04281138,-0.07117868,0.47937065,0.43760848,0.692366,0.6615198,0.4812035,0.44267488,0.9238783,0.89293075,0.35574287,18,13
-0.047036514,-0.14402618,0.48691666,0.4663995,0.69779414,0.68293446,0.48912913,0.48714304,0.97627217,0.92169714,0.35601467,18,13
0.058727305,0.04473795,0.49288988,0.5074918,0.7020612,0.7123846,0.49633875,0.50949323,1.005832,0.92387474,0.39024028,20,13
0.058677036,-0.024069682,0.5861666,0.4756009,0.76561517,0.68963826,0.5896096,0.47618026,1.0657898,0.94944006,0.40540528,20,13
0.08868966,-0.17451328,0.4591934,0.54685456,0.6776381,0.7394962,0.46705925,0.5773094,1.0443687,0.9501108,0.37637493,20,13
0.032706253,0.11685424,0.50705826,0.45078254,0.71208024,0.6714034,0.508128,0.46443745,0.9725654,0.9143766,0.36943302,20,13
0.20087576,0.14636424,0.47891867,0.46518087,0.6920395,0.6820417,0.51926976,0.48660332,1.0058732,0.9309504,0.37310115,20,13
-0.05876044,-0.03356374,0.5365894,0.5126858,0.7325226,0.7160208,0.54004216,0.51381236,1.0538545,0.9499464,0.38917387,22,13
-0.054746673,0.08912182,0.5458158,0.4182842,0.7387935,0.64674896,0.54881305,0.42622688,0.97503996,0.9035457,0.39830288,22,13
-0.05348736,0.16956234,0.4522072,0.52463603,0.67246354,0.7243176,0.4550681,0.5533874,1.0084555,0.93339264,0.3704505,22,13
-0.056639683,0.04908316,0.51268804,0.51141244,0.7160224,0.71513104,0.5158961,0.5138216,1.0297177,0.9426788,0.37559852,22,13
-0.022580475,-0.05560998,0.4819325,0.52635914,0.69421357,0.7255061,0.48244238,0.5294516,1.011894,0.9311557,0.38058257,22,13
-0.04113827,0.0048245704,0.54393506,0.4301887,0.7375195,0.6558877,0.54562736,0.43021196,0.9758394,0.9015386,0.40381616,22,13
0.0010373071,0.07381505,0.49706918,0.4922789,0.70503134,0.7016259,0.49707025,0.49772757,0.9947978,0.9247241,0.37374198,22,13
-0.03378196,-0.009152908,0.5126483,0.4791754,0.7159946,0.692225,0.51378953,0.47925913,0.9930487,0.92344546,0.37456265,24,13
0.07033157,-0.027995795,0.49110824,0.48615855,0.7007912,0.6972507,0.49605477,0.48694232,0.98299706,0.9174549,0.37586382,24,13
-0.015959214,-0.072203666,0.48209697,0.58039856,0.694332,0.7618389,0.48235166,0.5856119,1.0679635,0.9642879,0.37163487,24,13
0.011133492,-0.044637825,0.4759009,0.48122376,0.6898557,0.69370294,0.47602484,0.48321635,0.9592412,0.90074354,0.3845806,24,13
-0.009439714,-0.0037742332,0.48777446,0.48633814,0.69840854,0.69737947,0.48786354,0.4863524,0.97421587,0.9164406,0.3665412,24,13
-0.09644178,-0.10071748,0.55511785,0.3966152,0.7450623,0.6297739,0.56441885,0.4067592,0.9711781,0.91659236,0.3619897,24,13
0.01820099,0.035932865,0.43145943,0.49317637,0.6568557,0.70226514,0.4317907,0.49446753,0.9262582,0.8868351,0.3738741,24,13
0.00019954145,0.018580474,0.4975585,0.5147956,0.7053783,0.7174926,0.49755853,0.5151409,1.0126994,0.9358403,0.3700031,24,13
0.15218118,-0.031780563,0.4761985,0.5238693,0.69007134,0.72378814,0.49935764,0.5248793,1.0242369,0.9345904,0.3883009,24,13
-0.106721215,0.008932017,0.4687742,0.5288691,0.68467087,0.7272339,0.48016363,0.5289489,1.0091125,0.9289379,0.38234395,24,13
0.006625551,0.08630597,0.47505122,0.4996197,0.6892396,0.70683783,0.47509512,0.50706834,0.98216355,0.91458094,0.38171345,24,13
0.060512964,-0.092575364,0.49921542,0.451401,0.7065518,0.6718638,0.50287724,0.4599712,0.9628484,0.9043951,0.38068095,24,13
0.02193942,-0.14954565,0.4136547,0.55850184,0.6431599,0.74732983,0.41413605,0.58086574,0.9950018,0.9185076,0.38903162,26,13
-0.015605882,0.07905466,0.483419,0.45212695,0.6952834,0.6724039,0.48366255,0.4583766,0.9420392,0.89371246,0.37857264,26,13
0.065071195,0.053069886,0.43524784,0.58609545,0.6597332,0.76556873,0.4394821,0.5889119,1.028394,0.9379877,0.38545194,26,13
0.009006106,-0.04021346,0.5302681,0.47246224,0.7281951,0.68735886,0.53034914,0.47407934,1.0044286,0.93148273,0.36982208,26,13
0.069702424,0.15500596,0.451168,0.524218,0.6716904,0.724029,0.45602646,0.54824483,1.0042713,0.9295505,0.3744424,26,14
-0.15772709,-0.010168819,0.43113786,0.49488664,0.6566109,0.7034818,0.45601565,0.49499005,0.95100576,0.8978636,0.3805873,26,14
-0.06416982,-0.096210554,0.503459,0.5268477,0.7095484,0.7258428,0.5075767,0.5361042,1.0436809,0.9376132,0.40566304,26,14
-0.058965243,-0.058643535,0.49572033,0.53192115,0.7040741,0.7293292,0.4991972,0.53536016,1.0345573,0.94596946,0.37376356,26,14
0.015894556,-0.0165044,0.5031481,0.5140866,0.7093293,0.71699834,0.5034007,0.514359,1.0177597,0.9429225,0.3586878,26,14
0.004781394,0.09826447,0.47720158,0.47450027,0.6907978,0.6888398,0.4772244,0.48415613,0.9613806,0.90716326,0.37206912,26,14
0.075054735,0.037850577,0.40599316,0.6090734,0.6371759,0.78043157,0.41162637,0.61050606,1.0221324,0.9341627,0.38661674,26,14
-0.0972995,-0.099439345,0.53125995,0.49658552,0.7288758,0.70468825,0.5407272,0.50647366,1.0472009,0.9518403,0.37576708,26,14
-0.065392315,-0.001985157,0.4959309,0.5248223,0.70422363,0.7244462,0.50020707,0.5248263,1.0250332,0.93635476,0.3850624,28,14
-0.1080746,-0.026488326,0.57991564,0.38166818,0.76152194,0.61779296,0.5915957,0.38236982,0.9739656,0.903333,0.39743552,28,14
-0.051635385,0.028651169,0.39531112,0.6185552,0.6287377,0.7864828,0.3979773,0.61937606,1.0173534,0.94082487,0.36359584,28,14
-0.080448106,0.18554547,0.47744006,0.5345825,0.69097036,0.73115146,0.483912,0.56900966,1.0529215,0.9576012,0.36867535,28,14
-0.014791308,0.06081235,0.5200727,0.47153693,0.72116065,0.68668544,0.5202915,0.47523504,0.9955266,0.9196014,0.38711748,28,14
-0.015027844,0.0073269308,0.4544965,0.5139176,0.6741636,0.7168805,0.45472234,0.5139713,0.9686936,0.9113964,0.3715512,30,14
-0.024239853,-0.11735232,0.5790739,0.4140898,0.76096904,0.6434981,0.5796615,0.4278614,1.0075228,0.9216788,0.3975313,30,14
-0.05727042,0.045588925,0.37803942,0.6180322,0.6148491,0.7861503,0.38131934,0.6201105,1.0014298,0.91784394,0.3987386,30,14
0.013822829,-0.028688936,0.5295675,0.4684136,0.7277139,0.6844075,0.5297586,0.46923667,0.99899524,0.92596215,0.37628347,30,14
0.051658005,0.08531486,0.52665097,0.4006229,0.72570723,0.6329478,0.5293195,0.40790153,0.93722105,0.8835573,0.3956608,30,14
0.017787602,0.026012756,0.54832,0.5309084,0.7404863,0.7286346,0.5486364,0.5315851,1.0802214,0.9619982,0.39342204,30,14
0.10826782,0.060988486,0.43683174,0.5125109,0.6609325,0.7158987,0.44855368,0.51623046,0.96478415,0.900985,0.3911651,30,14
0.041964337,-0.00047237892,0.50386006,0.48695928,0.709831,0.69782466,0.5056211,0.48695952,0.99258065,0.88369,0.46007884,-20,14
-0.030338269,0.02588089,0.51986796,0.49635473,0.7210187,0.70452446,0.5207884,0.49702457,1.017813,0.8973415,0.46107605,-20,14
0.0036824197,-0.042967513,0.52820575,0.5241085,0.7267777,0.7239534,0.52821934,0.5259547,1.054174,0.9085315,0.47827256,-20,14
0.025176894,0.0019229976,0.5257592,0.49308968,0.72509253,0.70220345,0.5263931,0.49309337,1.0194864,0.89152056,0.47400165,-20,14
0.03500003,-0.005018843,0.4929807,0.48775566,0.70212585,0.6983951,0.49420568,0.48778084,0.9819865,0.88159,0.4525324,-20,14
0.0033942508,-0.0129684415,0.5295724,0.5006192,0.7277173,0.70754445,0.529584,0.5007874,1.0303714,0.89968264,0.4700452,-20,14
-0.009459813,0.0013280744,0.49721754,0.52071244,0.70513654,0.72160405,0.49730703,0.52071416,1.0180212,0.90096325,0.45418772,-20,14
0.031308636,0.028934767,0.5234903,0.52344066,0.7235263,0.72349197,0.52447057,0.5242779,1.0487485,0.90474015,0.4797851,-20,14
0.008118291,-0.027247334,0.5153433,0.50855166,0.71787417,0.7131281,0.51540923,0.5092941,1.0247033,0.89677453,0.46957287,-20,14
0.036669333,0.026856788,0.4800523,0.4818846,0.69285804,0.69417906,0.4813969,0.48260587,0.9640028,0.8738854,0.4475791,-18,14
-0.0154145565,0.020117294,0.5213126,0.48172492,0.7220198,0.6940641,0.5215502,0.48212966,1.0036798,0.8870622,0.46561828,-18,14
0.0033689674,-0.013419553,0.46453035,0.5157436,0.6815646,0.71815294,0.4645417,0.5159237,0.9804654,0.88194454,0.45015475,-18,14
0.017196327,-0.023302708,0.47459966,0.51209974,0.6889119,0.71561146,0.4748954,0.51264274,0.98753816,0.8846165,0.45276016,-18,14
0.026531428,-0.042132765,0.51388735,0.53397954,0.71685934,0.73073906,0.5145913,0.5357547,1.0503459,0.916179,0.45930597,-18,14
-0.044340663,-0.023897806,0.4571018,0.47706884,0.67609304,0.6907017,0.45906788,0.47763994,0.93670785,0.8538292,0.45572314,-18,14
0.009595438,-0.007328132,0.50530446,0.5079982,0.7108477,0.71273994,0.5053965,0.508052,1.0134485,0.8893169,0.4717667,-18,14
0.05143644,0.03877343,0.5314369,0.50105613,0.72899723,0.7078532,0.53408265,0.5025595,1.0366421,0.90748656,0.46163872,-18,14
0.027849408,0.008042863,0.47092122,0.49770284,0.686237,0.7054806,0.4716968,0.4977675,0.9694643,0.86804295,0.46472123,-18,14
0.021643858,0.018822353,0.51385826,0.5074165,0.7168391,0.7123317,0.5143267,0.5077708,1.0220975,0.898728,0.4630178,-18,14
0.013642546,-0.0057012476,0.48076487,0.4936809,0.6933721,0.70262426,0.48095098,0.49371344,0.97466445,0.87712044,0.45312712,-18,14
-0.008057383,-0.004734182,0.53976625,0.48628956,0.73468786,0.69734466,0.53983116,0.486312,1.0261431,0.89011776,0.4835635,-18,14
0.02697592,0.0059270603,0.48088765,0.50943714,0.69346064,0.71374863,0.4816153,0.50947225,0.9910877,0.8782804,0.4687335,-18,14
0.020548835,-0.04611925,0.48552018,0.52016807,0.6967928,0.72122675,0.48594242,0.522295,1.0082375,0.8988258,0.4476042,-16,14
0.00870404,-0.0053433515,0.49881256,0.50145805,0.70626664,0.70813704,0.49888828,0.50148666,1.0003749,0.884943,0.4661016,-16,14
-0.013666194,-0.03805615,0.49030542,0.47700125,0.70021814,0.6906528,0.49049222,0.47844952,0.9689417,0.87071335,0.45912948,-16,14
0.00070443004,0.022210639,0.5228441,0.49828038,0.72307956,0.70588976,0.5228446,0.49877366,1.0216182,0.8931364,0.4732079,-16,14
-0.03327976,-0.002416988,0.4904829,0.5256671,0.70034486,0.725029,0.49159047,0.5256729,1.0172633,0.89599276,0.46309862,-16,14
0.008612442,0.009380317,0.476236,0.4922805,0.6900985,0.7016271,0.47631013,0.4923685,0.9686786,0.8665102,0.4667319,-16,14
-0.025064537,-0.04922884,0.48200566,0.49720654,0.69426626,0.7051287,0.48263392,0.49963003,0.9822639,0.8824428,0.4511748,-16,14
0.013038919,0.0026348392,0.4826276,0.4920019,0.69471407,0.7014285,0.48279762,0.49200884,0.9748064,0.8781942,0.45119995,-16,14
-0.0033386652,0.028199323,0.49807692,0.4881268,0.70574564,0.69866073,0.49808806,0.488922,0.9870101,0.8829008,0.45551765,-14,14
-0.013886027,0.0075475834,0.48938835,0.4856724,0.69956297,0.69690204,0.48958117,0.4857294,0.97531056,0.87676984,0.45451644,-14,14
-0.0102471635,0.022771243,0.51466584,0.47782907,0.71740216,0.6912518,0.51477087,0.4783476,0.99311846,0.88295645,0.46206743,-14,14
-0.027655436,0.022909392,0.47787216,0.5221915,0.691283,0.72262824,0.47863698,0.5227164,1.0013534,0.88803077,0.46125343,-14,14
-0.025246136,-0.013655509,0.47393033,0.511394,0.68842596,0.71511817,0.4745677,0.5115806,0.98614824,0.8713834,0.47627637,-14,14
0.04404663,-0.020588838,0.5118145,0.49249598,0.7154121,0.70178056,0.5137546,0.49291992,1.0066745,0.8836073,0.4753027,-14,14
0.008226452,0.012860886,0.47972915,0.51384723,0.6926248,0.7168314,0.47979683,0.5140126,0.9938094,0.89152944,0.44607693,-14,14
0.012119003,0.01219972,0.48478043,0.5082958,0.69626176,0.7129486,0.4849273,0.50844455,0.99337184,0.87565064,0.47603342,-14,14
0.012412912,0.0058266334,0.46425545,0.49886203,0.6813629,0.7063016,0.46440953,0.49889597,0.9633055,0.8744919,0.44561133,-14,14
0.0032140007,-0.008572718,0.5088257,0.49164563,0.7133202,0.70117444,0.50883603,0.49171913,1.0005552,0.8866654,0.46301153,-14,14
0.022442859,-0.002066662,0.5050931,0.45953682,0.710699,0.67789143,0.5055968,0.45954108,0.96513784,0.87033874,0.45568445,-14,14
-0.042317063,0.010271773,0.48920065,0.5158427,0.6994288,0.7182219,0.4909914,0.5159482,1.0069396,0.8889069,0.46560082,-14,14
0.011770118,0.027705152,0.48650074,0.4955894,0.69749606,0.7039811,0.48663923,0.49635696,0.9829962,0.885344,0.44627595,-12,14
0.0070898617,0.0033221142,0.49315152,0.4972669,0.7022475,0.7051715,0.4932018,0.4972779,0.9904797,0.87615204,0.47205645,-12,14
0.02837253,-0.030755334,0.49431482,0.51188195,0.70307523,0.7154592,0.4951198,0.5128279,1.0079477,0.8882763,0.46788132,-12,14
-0.0042412877,0.014615431,0.54354227,0.45225146,0.7372532,0.67249644,0.54356027,0.45246506,0.9960253,0.8824793,0.4661069,-12,14
-0.025709359,0.008226514,0.50425494,0.51249313,0.7101091,0.71588624,0.50491583,0.5125607,1.0174766,0.8968489,0.46166942,-12,14
0.03814186,-0.030301824,0.47589287,0.49476263,0.6898499,0.70339364,0.47734767,0.4956808,0.9730284,0.868713,0.46729663,-10,14
-0.017033208,-0.014973328,0.4690575,0.4949724,0.68487775,0.70354277,0.46934766,0.4951966,0.96454424,0.87142706,0.452945,-10,14
0.02532649,-0.0016048409,0.48569733,0.5136394,0.69691986,0.71668637,0.48633873,0.513642,0.9999807,0.8807536,0.4735545,-10,14
-0.054936737,-0.024523284,0.5372846,0.4733889,0.732997,0.6880326,0.54030263,0.47399032,1.014293,0.8807558,0.48842838,-10,14
-0.0173935,0.0017083813,0.49299017,0.4901641,0.7021326,0.70011723,0.4932927,0.49016702,0.9834597,0.8811245,0.45505968,-10,14
0.0594909,0.039952725,0.5014974,0.49291798,0.7081648,0.7020812,0.50503653,0.4945142,0.99955076,0.88072556,0.47315246,-10,14
-0.014385468,-0.009433465,0.49625695,0.5283939,0.7044551,0.7269071,0.4964639,0.5284828,1.0249467,0.8927558,0.47742411,-10,14
-6.3350424e-05,-0.028595466,0.50327915,0.4732582,0.7094217,0.6879376,0.50327915,0.4740759,0.97735506,0.88090384,0.4487354,-10,14
-0.01543962,-0.022075685,0.49410418,0.5023878,0.70292544,0.7087932,0.49434257,0.50287515,0.9972178,0.8905049,0.45190564,-8,14
-0.005055741,0.0075073317,0.52279174,0.49136552,0.7230434,0.7009747,0.52281725,0.49142188,1.0142392,0.8936111,0.4644334,-8,14
-0.0037931614,-0.027236825,0.51800185,0.48921978,0.71972346,0.6994425,0.5180163,0.48996165,1.0079778,0.89173436,0.46128923,-8,14
-0.0012859823,-0.018544657,0.4937408,0.46154094,0.70266694,0.679368,0.4937425,0.4618848,0.9556273,0.8646817,0.45601845,-8,14
0.03282309,0.004361489,0.5362004,0.47800934,0.73225707,0.69138217,0.5372778,0.47802836,1.0153062,0.8826826,0.485981,-8,14
-0.0011962596,0.010557683,0.49020427,0.50043774,0.7001459,0.70741624,0.4902057,0.5005492,0.9907549,0.88137424,0.46253034,-8,14
0.016027339,-0.023371788,0.49039057,0.4613387,0.70027894,0.6792192,0.49064744,0.46188495,0.9525324,0.8691908,0.4438916,-8,14
0.011158365,-0.03211562,0.5314357,0.49222893,0.7289964,0.7015903,0.53156024,0.49326032,1.0248206,0.8949653,0.47313604,-8,14
0.037025504,0.025592707,0.47030547,0.5282057,0.6857882,0.7267776,0.47167635,0.5288607,1.000537,0.8890645,0.4583682,-8,14
-0.021912487,0.048651338,0.49851242,0.49136806,0.7060541,0.7009765,0.49899256,0.49373502,0.99272764,0.8809384,0.46548364,-8,14
-0.016623177,-0.04482856,0.51478994,0.4872812,0.71748865,0.6980553,0.5150662,0.4892908,1.0043571,0.8891392,0.46237272,-8,14
0.023149107,-0.013992241,0.5090647,0.5038357,0.7134877,0.70981383,0.5096006,0.5040314,1.013632,0.8842382,0.48140922,-8,14
0.0151096005,0.009060331,0.50028926,0.5159138,0.7073113,0.7182714,0.50051755,0.51599586,1.0165135,0.888082,0.47730884,-8,14
0.01683848,0.01239996,0.52221596,0.48832923,0.7226451,0.6988056,0.5224995,0.488483,1.0109825,0.890476,0.4669422,-6,14
0.011418985,0.053480163,0.5147271,0.53266686,0.71744484,0.7298403,0.5148575,0.535527,1.0503844,0.91947794,0.45270836,-6,14
0.0278504,-0.022476155,0.51714134,0.5190704,0.7191254,0.7204654,0.51791704,0.51957554,1.0374925,0.89819705,0.48034844,-6,14
-0.07279609,-0.024668047,0.47134632,0.51238555,0.6865467,0.71581113,0.4766456,0.51299405,0.98963964,0.8763671,0.4707657,-6,14
-0.005755811,0.0508656,0.4781171,0.5398714,0.69146013,0.7347594,0.4781502,0.5424587,1.0206089,0.9016395,0.45569187,-6,14
-0.003521632,-0.017466057,0.4772495,0.484209,0.6908325,0.69585127,0.4772619,0.48451406,0.96177596,0.8690783,0.45439953,-6,14
0.0059562773,0.0037640575,0.47809285,0.4769042,0.6914426,0.6905825,0.4781283,0.4769184,0.95504665,0.86651695,0.45187947,-6,14
-0.0559695,-0.030046562,0.5078361,0.50538945,0.7126262,0.71090746,0.5109687,0.5062923,1.0172609,0.8923795,0.47002098,-6,14
0.038268074,0.015766468,0.51932615,0.46931776,0.72064286,0.6850677,0.52079064,0.46956638,0.99035704,0.882346,0.46024182,-6,14
-0.0011415165,-0.04896063,0.4899919,0.50862324,0.6999942,0.7131783,0.48999324,0.51102036,1.0010136,0.88542235,0.46587655,-4,14
-0.023419635,-0.026653863,0.4839453,0.49283302,0.6956618,0.70202065,0.4844938,0.49354345,0.97803724,0.87512785,0.46063924,-4,14
-0.013830403,0.03733917,0.48049676,0.47184813,0.6931787,0.686912,0.48068804,0.47324237,0.9539304,0.8610715,0.4609622,-4,14
0.029040486,-0.043253154,0.52547365,0.49856645,0.7248956,0.70609236,0.52631706,0.5004373,1.0267544,0.89274716,0.47932956,-4,14
0.018538404,0.001640738,0.4811773,0.52646387,0.69366944,0.7255783,0.48152095,0.52646655,1.0079875,0.8969043,0.4511654,-4,14
0.01271297,0.0067042056,0.5373637,0.4668389,0.73305094,0.6832561,0.5375253,0.46688384,1.0044092,0.88967633,0.4613948,-4,14
-0.04829067,-0.04802897,0.4823673,0.5261786,0.6945267,0.7253817,0.4846993,0.5284854,1.0131848,0.89697695,0.4567461,-2,14
0.10535637,-0.023880752,0.4803462,0.49295634,0.6930701,0.7021085,0.49144617,0.49352664,0.9849727,0.8836086,0.45189443,-2,14
-0.033379786,-0.03104158,0.51511943,0.48970726,0.7177182,0.6997909,0.5162336,0.49067086,1.0069044,0.89667326,0.45042372,-2,14
-0.059240747,-0.039084002,0.541732,0.49237818,0.73602444,0.70169663,0.5452415,0.49390572,1.0391471,0.9023266,0.47429302,-2,14
0.013118692,-0.00479725,0.51708645,0.528751,0.71908724,0.7271527,0.5172585,0.528774,1.0460327,0.9211573,0.44441175,0,14
-0.08150947,0.030748852,0.45951685,0.5061531,0.6778767,0.7114444,0.46616066,0.50709856,0.9732592,0.88085777,0.44423968,0,14
0.013541888,-0.0507992,0.44972005,0.50862396,0.6706117,0.71317875,0.44990346,0.51120454,0.96110797,0.87360775,0.44487917,0,14
-0.01599079,-0.020723723,0.53648776,0.45414808,0.7324532,0.6739051,0.53674346,0.45457757,0.9913211,0.8932778,0.43974513,0,14
0.03907565,0.053031556,0.50270385,0.46599776,0.7090161,0.68264025,0.50423074,0.46881008,0.9730408,0.89069724,0.42390957,0,14
-0.047828376,-0.12111539,0.4733646,0.48568907,0.688015,0.69691396,0.47565216,0.500358,0.9760102,0.89076644,0.42725313,0,14
-0.032089505,-0.01266104,0.50826454,0.5066155,0.71292675,0.7117693,0.5092943,0.50677574,1.01607,0.904364,0.44519177,0,14
0.04705005,0.0825026,0.47967938,0.5728848,0.69258887,0.75689155,0.48189306,0.57969147,1.0615846,0.92724097,0.44923136,0,14
0.036079112,0.021504292,0.558523,0.44289857,0.74734396,0.66550624,0.5598247,0.443361,1.0031857,0.8952815,0.44906205,0,14
-0.018901214,0.032502145,0.526301,0.4977825,0.7254661,0.705537,0.5266583,0.49883887,1.0254972,0.9028208,0.45870656,0,14
-0.123747356,-0.018293783,0.46740764,0.5042641,0.6836722,0.71011555,0.48272103,0.5045988,0.9873198,0.9097737,0.39953932,2,14
-0.014030712,-0.076265916,0.44115323,0.5507854,0.6641937,0.7421492,0.44135007,0.55660194,0.997952,0.90078664,0.43189743,2,14
0.055633694,-0.07802173,0.50450814,0.49947983,0.7102874,0.7067389,0.50760317,0.50556725,1.0131704,0.9116714,0.42664465,2,14
-0.04339656,-0.048329145,0.4803118,0.5101774,0.6930453,0.714267,0.48219508,0.51251304,0.9947081,0.904938,0.41927955,2,14
0.021745382,0.045085344,0.52143824,0.526049,0.7221068,0.7252924,0.52191114,0.5280818,1.0499929,0.92822856,0.43403298,2,14
0.0432026,-0.15544507,0.52291685,0.49521455,0.7231299,0.70371485,0.5247833,0.5193777,1.0441611,0.9189208,0.446929,2,14
0.01532796,-0.08587652,0.5232856,0.51687694,0.72338486,0.7189415,0.5235206,0.52425176,1.0477723,0.9331821,0.42064643,2,14
0.02897859,-0.016821511,0.51137197,0.46888617,0.7151028,0.68475264,0.51221174,0.46916914,0.9813808,0.8938936,0.4270071,2,14
0.007243524,-0.0019318406,0.478613,0.4919542,0.6918186,0.7013945,0.47866547,0.4919579,0.9706234,0.8938782,0.4142525,2,14
-0.05339156,0.01394834,0.47993758,0.505918,0.69277525,0.71127915,0.48278823,0.5061126,0.9889008,0.89725673,0.4287554,2,14
0.038861156,-0.03295773,0.54006135,0.41056234,0.7348887,0.64075136,0.5415715,0.4116485,0.95322007,0.8853372,0.4115801,4,14
0.0069338493,-0.038681425,0.5410619,0.4687732,0.73556906,0.68467015,0.5411099,0.47026947,1.0113794,0.9211659,0.4035255,4,14
0.026030028,-0.01551912,0.45718092,0.48691237,0.6761516,0.69779104,0.4578585,0.48715323,0.94501173,0.88757735,0.39650744,4,14
-0.039047226,-0.003925562,0.47776502,0.54933214,0.6912055,0.74116945,0.47928974,0.5493475,1.0286372,0.9199202,0.42706433,4,14
0.07207322,0.061085187,0.4634637,0.54301745,0.68078166,0.7368972,0.46865824,0.5467488,1.0154071,0.9202851,0.41046607,4,14
0.0012289314,-0.013843645,0.49761334,0.52966976,0.70541716,0.72778416,0.4976148,0.52986145,1.0274763,0.9326464,0.3970478,4,14
-0.0677037,-0.12747255,0.48874536,0.5398239,0.69910324,0.7347271,0.4933291,0.5560732,1.0494022,0.9366549,0.41482496,4,14
-0.0038925689,-0.022712125,0.47268695,0.53474486,0.68752235,0.7312625,0.47270212,0.5352607,1.0079627,0.9174966,0.40763062,6,14
0.028448872,-0.0018815566,0.4731024,0.58284944,0.68782437,0.7634458,0.47391173,0.58285296,1.0567647,0.9344652,0.428415,6,14
0.04659295,0.02227714,0.5013087,0.54237187,0.70803154,0.736459,0.5034796,0.54286814,1.0463477,0.9401423,0.40308842,6,14
0.11268103,0.03482242,0.46475178,0.5359891,0.68172705,0.73211277,0.4774488,0.53720176,1.0146506,0.91070855,0.4304191,6,14
-0.028793078,-0.011639002,0.516257,0.47583634,0.71851027,0.6898089,0.517086,0.47597182,0.9930578,0.9145125,0.39588466,6,14
-0.02101405,-0.044672802,0.5278642,0.4420398,0.72654265,0.6648607,0.52830577,0.44403547,0.97234124,0.90133095,0.3999296,6,14
0.045119964,-0.08167776,0.5782734,0.45381337,0.7604429,0.6736567,0.5803093,0.46048462,1.0407939,0.9427062,0.38999856,8,14
0.066428155,0.0522573,0.5468469,0.5059052,0.739491,0.71127015,0.55125964,0.50863606,1.0598958,0.9523518,0.39105207,8,14
-0.06799235,-0.057055663,0.4463271,0.48423797,0.6680772,0.69587207,0.45095003,0.48749334,0.9384433,0.88786066,0.3874877,8,14
0.027925756,0.13171516,0.54492414,0.46324328,0.73818976,0.6806198,0.545704,0.4805922,1.0262961,0.93865556,0.3810799,8,14
-0.12609701,-0.0036805049,0.4449095,0.54361916,0.6670154,0.73730534,0.46081,0.54363275,1.0044427,0.9214606,0.3941486,8,14
-0.03730631,0.027182538,0.45384812,0.5135772,0.6736825,0.71664304,0.4552399,0.5143161,0.9695559,0.8997229,0.40006843,8,14
0.060152058,-0.019256443,0.49736518,0.49144349,0.7052412,0.7010303,0.5009834,0.49181432,0.99279773,0.914806,0.39487687,8,14
0.02343194,-0.0153976325,0.4958564,0.48608145,0.7041707,0.6971954,0.49640548,0.48631856,0.9827241,0.9148221,0.38186988,8,14
0.014390819,-0.04360493,0.60052776,0.4712801,0.7749373,0.6864984,0.60073483,0.4731815,1.0739164,0.9618896,0.38559654,8,14
-0.039268866,-0.09973237,0.4880226,0.5115671,0.69858617,0.7152392,0.4895646,0.5215137,1.0110784,0.92878366,0.3852782,10,14
-0.014787648,0.022134412,0.5305718,0.5274315,0.7284036,0.7262448,0.53079045,0.52792144,1.0587119,0.9560236,0.380435,10,14
0.03595777,-0.048231095,0.5490328,0.49138033,0.74096745,0.70098525,0.55032575,0.49370652,1.0440323,0.94337106,0.39253452,10,14
0.079847515,0.035662062,0.40967786,0.57940054,0.64006084,0.7611836,0.41605347,0.58067226,0.9967257,0.92526335,0.3749846,10,14
-0.04460232,-0.054641794,0.5296606,0.45009965,0.72777784,0.6708947,0.53165,0.4530854,0.98473537,0.92065513,0.37031004,10,14
-0.039761566,-0.08605775,0.47444475,0.5089773,0.6887995,0.7134265,0.4760257,0.5163832,0.992409,0.90957105,0.40631202,10,14
-0.005574573,-0.03275289,0.46705827,0.52872235,0.6834166,0.727133,0.46708933,0.52979505,0.9968844,0.9178673,0.3929427,10,14
-0.009080643,-0.11089021,0.5513825,0.5053301,0.7425513,0.71086574,0.5514649,0.51762676,1.0690916,0.9614023,0.38052237,10,14
-0.066874936,-0.024088826,0.43593413,0.5126263,0.66025305,0.7159793,0.44040638,0.51320654,0.9536129,0.8992013,0.38085428,10,14
0.011548124,0.034668006,0.43361259,0.5284673,0.6584927,0.72695756,0.43374592,0.5296692,0.96341515,0.9090681,0.37014908,10,14
0.0880067,0.07197286,0.5292087,0.4795859,0.72746736,0.6925214,0.5369539,0.48476598,1.0217199,0.9257189,0.40591186,10,14
0.071395345,0.13002443,0.53963375,0.49253345,0.7345977,0.70180726,0.5447311,0.5094398,1.0541708,0.94745076,0.39561093,10,14
-0.052569896,-0.027068574,0.5528885,0.39402103,0.7435647,0.62771094,0.55565214,0.39475375,0.95040584,0.89383316,0.3891891,10,14
-0.09450072,-0.07839826,0.45914614,0.5029339,0.67760324,0.7091783,0.46807656,0.5090802,0.9771567,0.91290236,0.3791649,10,14
-0.056861125,0.05237905,0.5115107,0.43352675,0.71519977,0.6584275,0.5147439,0.43627033,0.9510143,0.8994219,0.37690124,12,14
0.101774,0.03900676,0.47224787,0.53900796,0.68720293,0.7341716,0.4826058,0.5405295,1.0231353,0.92611146,0.406759,12,14
-0.008111706,-0.009838764,0.4998189,0.4997494,0.7069787,0.70692956,0.4998847,0.49984616,0.9997309,0.9257829,0.3776994,12,14
0.011273005,-0.008019385,0.53142947,0.54911697,0.7289921,0.74102426,0.5315566,0.5491813,1.0807378,0.96801925,0.37904713,12,14
0.028864898,0.015293708,0.48681816,0.5094807,0.69772357,0.71377915,0.48765132,0.5097146,0.99736595,0.9217318,0.38441697,12,14
0.027388014,-0.0019160304,0.43626386,0.4595412,0.66050273,0.6778947,0.437014,0.45954484,0.8965588,0.8617871,0.39227772,12,14
0.04095689,-0.05105596,0.61407566,0.37489498,0.7836298,0.6122867,0.6157531,0.37750167,0.9932548,0.91694987,0.39045838,12,14
-0.026434798,-0.008424357,0.46170363,0.49509227,0.67948776,0.70362794,0.46240246,0.4951632,0.95756567,0.9020212,0.3793723,12,14
-0.03402164,0.00912893,0.5307516,0.4618767,0.728527,0.6796151,0.53190905,0.46196002,0.99386907,0.9214327,0.38056648,12,14
-0.040675566,0.04982902,0.5001836,0.46867508,0.7072366,0.6845985,0.5018381,0.471158,0.9729961,0.91145897,0.37714547,12,14
-0.12855883,0.027725134,0.46382242,0.50399053,0.6810451,0.7099229,0.48034984,0.5047592,0.985109,0.92012846,0.3721191,14,14
0.020429092,-0.029038422,0.51508856,0.55342543,0.7176967,0.7439257,0.5155059,0.55426866,1.0697745,0.9567369,0.39297453,14,14
-0.020026892,0.031672414,0.46515405,0.56250715,0.68202204,0.75000477,0.46555513,0.56351036,1.0290655,0.9337012,0.39656964,14,14
-0.007824903,0.10498677,0.52151096,0.48529795,0.7221572,0.6966333,0.52157223,0.4963202,1.0178924,0.9376058,0.37254223,14,14
-0.05934596,-0.029006964,0.53528714,0.49445117,0.7316332,0.7031722,0.53880906,0.4952925,1.0341016,0.9358552,0.39784008,14,14
0.0018748008,0.113860786,0.5403543,0.53694946,0.735088,0.73276836,0.5403578,0.54991376,1.0902716,0.95166916,0.42964804,14,14
-0.07355072,0.007464383,0.49610358,0.48534262,0.70434624,0.69666535,0.5015133,0.48539832,0.98691165,0.9057189,0.40814814,16,14
-0.036012117,-0.07975283,0.48863187,0.5166353,0.69902205,0.7187735,0.48992872,0.52299577,1.0129244,0.9260874,0.39406434,16,14
0.045316473,-0.054786716,0.5022677,0.51338375,0.70870847,0.71650803,0.5043213,0.5163854,1.0207067,0.93764955,0.37619138,16,14
-0.019444302,0.011398606,0.4490068,0.54230773,0.6700797,0.73641545,0.4493849,0.5424377,0.99182254,0.9188735,0.38404953,16,14
0.058439136,-0.06575646,0.51920474,0.48386577,0.72055864,0.6956046,0.52261984,0.48818967,1.0108095,0.9247392,0.3945466,16,14
0.18366224,0.09691863,0.4682346,0.51976115,0.6842767,0.72094464,0.5019664,0.5291544,1.0311208,0.93553525,0.39483494,16,14
0.04148794,0.03698046,0.6157119,0.41689682,0.78467315,0.6456755,0.6174332,0.4182644,1.0356976,0.9277674,0.4182645,16,14
0.025366928,0.1115015,0.4454996,0.57022,0.6674576,0.7551291,0.4461431,0.58265257,1.0287957,0.9294673,0.40606186,16,14
-0.046323165,-0.019007144,0.54402363,0.49034488,0.7375796,0.7002463,0.5461694,0.49070615,1.0368755,0.9520905,0.36110833,18,14
0.06390466,-0.01667913,0.5091166,0.48956054,0.71352404,0.69968605,0.51320034,0.48983875,1.0030391,0.92867184,0.37497684,18,14
0.06231553,-0.07972756,0.5004201,0.5002219,0.7074038,0.70726365,0.50430334,0.5065784,1.0108817,0.9264455,0.39061558,18,14
0.00084840134,0.053899426,0.49737412,0.4642909,0.7052476,0.6813889,0.49737483,0.46719602,0.9645709,0.9017893,0.3890333,18,14
0.050425038,-0.054067627,0.47999838,0.45028287,0.6928192,0.6710312,0.48254108,0.45320618,0.93574727,0.88666475,0.38674653,18,14
-0.021855803,0.0010441765,0.5079926,0.4974367,0.712736,0.7052919,0.50847024,0.4974378,1.005908,0.9227671,0.392949,18,14
-0.06548944,0.068212576,0.46515524,0.5744898,0.6820229,0.757951,0.4694441,0.57914275,1.0485868,0.93803287,0.41070804,18,14
-0.0075108763,0.0056529455,0.53862965,0.52241534,0.7339139,0.722783,0.53868604,0.5224473,1.0611334,0.9548341,0.38655534,18,14
0.03321404,-0.0034763943,0.5202678,0.41525838,0.7212959,0.6444054,0.52137095,0.41527048,0.93664145,0.8891307,0.3822147,20,14
0.07606056,-0.022615246,0.5174487,0.40491313,0.7193391,0.63632786,0.5232339,0.4054246,0.9286585,0.89166224,0.36550906,20,14
0.056687735,-0.11565097,0.4877943,0.52452374,0.69842273,0.7242401,0.4910078,0.5378989,1.0289067,0.937434,0.38745847,20,14
0.08188575,-0.15517724,0.392614,0.48840684,0.6265892,0.6988611,0.3993193,0.5124868,0.9118061,0.87591624,0.3802326,20,14
0.09769319,0.07038319,0.47681183,0.507867,0.69051564,0.71264786,0.4863558,0.5128207,0.9991765,0.9217274,0.38677529,20,15
0.06372213,-0.124950156,0.44173706,0.4925684,0.66463304,0.7018322,0.44579756,0.5081809,0.9539785,0.8973369,0.38570076,20,15
-0.031254604,0.013632622,0.52277696,0.49563992,0.7230332,0.704017,0.52375376,0.49582574,1.0195795,0.9383923,0.3728263,20,15
-0.0346315,-0.042975284,0.4664672,0.520648,0.68298405,0.7215594,0.46766657,0.5224949,0.9901615,0.9198898,0.37942612,20,15
-0.14540285,-0.010943621,0.53513265,0.4482773,0.7315276,0.66953516,0.55627465,0.44839707,1.0046717,0.92150736,0.3943298,20,15
-0.002235826,0.01891413,0.480318,0.5140433,0.6930498,0.7169681,0.48032302,0.5144011,0.99472404,0.9237765,0.37598014,20,15
-0.039880108,-0.03587568,0.47473955,0.4632442,0.6890135,0.68062043,0.47633004,0.46453127,0.9408613,0.88931936,0.38726264,22,15
0.15520847,-0.014524912,0.5353191,0.4809096,0.73165506,0.69347644,0.5594088,0.4811206,1.0405294,0.94702315,0.37904686,22,15
-0.067395315,0.06669228,0.5014356,0.5356178,0.7081212,0.73185915,0.5059777,0.5400657,1.0460434,0.9445501,0.39226082,22,15
-0.07880833,0.023905937,0.43522465,0.51284045,0.6597156,0.71612877,0.4414354,0.513412,0.95484734,0.89543444,0.3912091,22,15
0.016384184,0.03004542,0.5015702,0.49447376,0.70821625,0.7031883,0.5018387,0.49537653,0.99721515,0.91694677,0.39550444,22,15
-0.019706128,0.040703185,0.48088485,0.5064119,0.6934586,0.71162623,0.4812731,0.5080687,0.9893418,0.9153869,0.38911262,22,15
-0.013342425,-0.019797267,0.51665246,0.52800727,0.7187854,0.72664106,0.5168305,0.5283992,1.0452297,0.9552331,0.36436173,22,15
-0.06791925,-0.10541299,0.53074414,0.47133368,0.7285219,0.68653744,0.5353572,0.4824456,1.0178027,0.9364324,0.37536266,22,15
-0.17030303,-0.022625973,0.3895465,0.53202015,0.6241366,0.7293971,0.41854966,0.5325321,0.9510817,0.9112724,0.3473677,22,15
0.07397244,0.12201689,0.48399574,0.47702336,0.695698,0.69066876,0.48946768,0.4919115,0.98137915,0.9152308,0.3791197,22,15
-0.10363531,0.036604635,0.61460435,0.4397962,0.7839671,0.66317135,0.62534463,0.44113612,1.0664809,0.9552259,0.39245924,24,15
-0.044132844,-0.005615242,0.45830753,0.531369,0.67698413,0.7289506,0.46025527,0.5314005,0.99165577,0.91836476,0.38504785,24,15
0.02125104,-0.02528178,0.4561985,0.4813937,0.6754247,0.6938254,0.45665014,0.4820329,0.93868303,0.89333755,0.37500802,24,15
0.028337127,-0.004560437,0.5596099,0.4848643,0.7480708,0.69632196,0.5604129,0.4848851,1.045298,0.9524804,0.37159005,24,15
-0.22173065,0.030580575,0.46374002,0.48532116,0.6809846,0.69664997,0.5129045,0.48625636,0.99916077,0.91656595,0.3988329,24,15
-0.02346494,-0.051470883,0.51720953,0.49351656,0.71917284,0.7025073,0.51776004,0.4961658,1.0139259,0.92911565,0.38816226,24,15
0.011508646,-0.10135177,0.49867985,0.5151385,0.70617265,0.7177315,0.49881232,0.5254107,1.0242231,0.93865144,0.3783603,24,15
0.014778084,-0.062379517,0.47761843,0.5170479,0.6910994,0.7190604,0.47783685,0.52093905,0.99877584,0.9199511,0.39046884,26,15
-0.0021678396,-0.06457404,0.4980403,0.46408147,0.7057197,0.68123525,0.49804497,0.4682513,0.9662963,0.9069462,0.37913707,26,15
-0.088893,-0.06749638,0.47744298,0.5481788,0.6909725,0.74039096,0.4853449,0.5527346,1.0380795,0.9432243,0.38523686,26,15
0.074202165,0.028790116,0.48170233,0.5540391,0.6940478,0.74433804,0.4872083,0.554868,1.0420763,0.93894047,0.40058348,26,15
-0.017230269,-0.04241983,0.4012079,0.55990666,0.63340974,0.7482691,0.40150478,0.56170607,0.9632109,0.895279,0.40210244,26,15
0.11089872,-0.041845117,0.49891144,0.5202972,0.7063366,0.72131634,0.51121,0.52204823,1.0332582,0.9323509,0.4049446,26,15
0.011274777,0.041924153,0.43341613,0.5577204,0.6583435,0.7468068,0.43354326,0.55947804,0.9930213,0.9271785,0.3651867,26,15
0.010837922,-0.06784387,0.5139301,0.4106197,0.71688914,0.6407961,0.5140475,0.4152225,0.92927,0.881565,0.39001685,26,15
0.022456422,0.024266802,0.56592596,0.4115588,0.7522805,0.6415285,0.5664303,0.41214767,0.978578,0.9132025,0.3803145,26,15
-0.097114265,-0.02113593,0.51226354,0.4903634,0.7157259,0.7002595,0.5216947,0.49081013,1.0125048,0.92941236,0.38561314,26,15
-0.029241223,-0.12694037,0.48279703,0.48683277,0.69483596,0.697734,0.48365209,0.5029466,0.98659873,0.91082203,0.39623454,28,15
0.0993409,-0.13584682,0.5205471,0.49235383,0.7214895,0.7016793,0.53041565,0.51080817,1.0412239,0.93749976,0.40288708,28,15
-0.038604613,-0.010997418,0.52190745,0.4958734,0.7224316,0.7041828,0.52339774,0.49599433,1.019392,0.9244672,0.40589714,28,15
0.015419748,0.06021635,0.57847285,0.36870986,0.76057404,0.60721487,0.57871056,0.37233585,0.95104647,0.9029281,0.36846608,30,15
-0.03473976,0.012473214,0.5037599,0.5085176,0.7097605,0.7131042,0.5049668,0.50867325,1.0136399,0.9351424,0.3730265,30,15
0.020268537,-0.012448069,0.5039995,0.44943708,0.7099292,0.6704007,0.5044103,0.44959202,0.95400226,0.9091923,0.35689175,30,15
-0.037255775,0.011970701,0.5025331,0.51476455,0.7088957,0.71747094,0.5039211,0.51490784,1.0188289,0.9177267,0.42024595,30,15
0.06970576,0.045878775,0.52378297,0.48085445,0.72372854,0.6934367,0.5286419,0.48295933,1.0116012,0.92301816,0.39954805,30,15
-0.020587306,-0.0029567424,0.49425244,0.5401281,0.7030309,0.7349341,0.49467626,0.5401368,1.0348132,0.94729984,0.37072393,30,15
-0.057645135,-0.03735283,0.49769986,0.5566251,0.7054784,0.7460731,0.5010228,0.5580203,1.0590432,0.9555513,0.3820535,30,15
-0.017536325,-0.0146980565,0.5132941,0.50984544,0.71644545,0.7140346,0.5136016,0.5100615,1.023663,0.8985585,0.46503296,-20,15
0.00079423934,-0.02858663,0.5344378,0.47832853,0.7310525,0.69161296,0.5344385,0.47914568,1.0135841,0.8905597,0.46956104,-20,15
0.0029357607,0.008288218,0.46539417,0.5096935,0.68219805,0.7139282,0.46540278,0.50976217,0.975165,0.87640405,0.4550615,-20,15
-0.004115437,0.05365122,0.5023023,0.48886707,0.7087329,0.6991903,0.5023192,0.4917455,0.9940648,0.88702846,0.455242,-20,15
0.004794769,0.01688114,0.51361096,0.51294625,0.7166666,0.7162027,0.51363397,0.51323116,1.0268651,0.90128666,0.46319267,-20,15
0.0009022923,0.01729038,0.4927426,0.5269265,0.7019563,0.725897,0.49274343,0.52722543,1.0199687,0.8959007,0.46618745,-20,15
0.02172465,-0.029949661,0.4585826,0.51768017,0.67718726,0.71949995,0.4590546,0.51857716,0.97763175,0.86826026,0.4730284,-20,15
0.021822466,-0.020037621,0.53160584,0.4753425,0.72911304,0.68945086,0.5320821,0.475744,1.0078261,0.88366246,0.4764103,-20,15
0.016323328,-0.01626572,0.5139129,0.5074361,0.7168772,0.7123455,0.51417935,0.5077007,1.0218799,0.897285,0.46557468,-20,15
0.0078949,0.011592074,0.50819236,0.47734278,0.71287614,0.69089997,0.50825465,0.47747713,0.9857318,0.8837506,0.45245633,-18,15
0.01992362,0.003555453,0.49935746,0.51682246,0.7066523,0.71890366,0.4997544,0.5168351,1.0165894,0.89391834,0.46636844,-18,15
-0.0052211015,-0.022420494,0.49432337,0.5056581,0.70308137,0.7110964,0.49435064,0.5061608,1.0005114,0.88757074,0.46122622,-18,15
-0.0075086616,0.013831662,0.51525736,0.5108112,0.71781427,0.7147106,0.51531374,0.51100254,1.0263162,0.8950865,0.47448543,-18,15
-0.030591823,-0.02199098,0.48665515,0.5317101,0.69760674,0.7291845,0.48759097,0.5321937,1.0197847,0.89432013,0.46901616,-18,15
0.0029324377,0.019674936,0.50395226,0.47175252,0.70989597,0.68684244,0.50396085,0.47213963,0.97610044,0.8747497,0.4592531,-18,15
-0.022620017,0.0035106298,0.5010204,0.47948378,0.7078279,0.69244766,0.501532,0.47949612,0.98102814,0.881678,0.4513005,-18,15
-0.023153469,-0.008680878,0.50775456,0.49375224,0.712569,0.70267504,0.5082906,0.4938276,1.0021181,0.88985515,0.4585586,-18,15
0.029351009,0.009562329,0.52586585,0.49150288,0.7251661,0.7010727,0.5267273,0.4915943,1.0183218,0.8970618,0.46217072,-16,15
0.027766902,-0.03401652,0.4703063,0.50667953,0.6857888,0.7118143,0.4710773,0.50783664,0.97891396,0.87121564,0.46893197,-16,15
-0.020830046,-0.0461877,0.5060517,0.4958376,0.71137315,0.70415735,0.5064856,0.49797088,1.0044564,0.88893723,0.46286833,-16,15
-0.01597981,-0.016502371,0.5222987,0.4767571,0.7227024,0.690476,0.52255404,0.47702944,0.99958354,0.8873234,0.4606959,-16,15
0.015414812,-0.0086154025,0.500534,0.489254,0.70748425,0.69946694,0.50077164,0.48932827,0.9900999,0.8773364,0.4694472,-16,15
-0.008887222,-0.03239241,0.5097083,0.5296209,0.7139386,0.72775054,0.50978726,0.53067017,1.0404574,0.8985783,0.48271582,-16,15
0.006572214,-0.011528708,0.4964531,0.50144655,0.7045943,0.7081289,0.4964963,0.50157946,0.9980757,0.8788816,0.47501883,-16,15
-0.0081593525,0.013918469,0.50167537,0.49905068,0.70829046,0.7064352,0.5017419,0.4992444,1.0009863,0.88532186,0.46603817,-16,15
-0.016267136,-0.034373637,0.52306503,0.49171573,0.7232323,0.70122445,0.5233297,0.49289727,1.016227,0.9079931,0.43792176,-16,15
0.0026905225,0.049966075,0.5195116,0.48906004,0.7207715,0.6993283,0.51951885,0.49155664,1.0110755,0.8856845,0.47606567,-16,15
0.0043986714,0.0030127706,0.46384498,0.5183317,0.6810617,0.7199526,0.46386433,0.51834077,0.98220515,0.8679712,0.47836307,-16,15
0.015572125,-0.01378954,0.5294571,0.48953354,0.727638,0.69966674,0.52969956,0.4897237,1.0194232,0.89053804,0.47577858,-16,15
0.0015225927,-0.012217268,0.4912744,0.52423954,0.7009097,0.7240439,0.4912767,0.52438885,1.0156655,0.89274484,0.46762398,-16,15
0.029628454,-0.020383703,0.49371672,0.47332782,0.7026498,0.6879882,0.49459454,0.47374332,0.9683379,0.87636715,0.44756964,-14,15
0.00053995475,0.01079351,0.52729565,0.4974065,0.7261512,0.7052705,0.52729595,0.497523,1.0248189,0.8972523,0.46878266,-14,15
0.014648491,-0.0030031528,0.49255702,0.5065074,0.70182407,0.71169335,0.4927716,0.5065164,0.99928796,0.88219696,0.47012404,-14,15
-0.017415725,-0.012183867,0.5102527,0.48876256,0.71431977,0.6991156,0.5105561,0.48891097,0.999467,0.88995826,0.4554573,-14,15
0.040288955,-0.016771182,0.49538085,0.5085685,0.703833,0.7131399,0.49700403,0.50884986,1.0058539,0.89156055,0.45931867,-14,15
-0.007958917,0.024942357,0.51160485,0.48676243,0.7152656,0.69768363,0.5116682,0.48738453,0.9990527,0.8851203,0.46434346,-14,15
0.016287189,-0.013243051,0.49397174,0.47409862,0.7028312,0.6885482,0.49423704,0.47427398,0.968511,0.86902577,0.46184984,-14,15
-0.015148042,0.04225515,0.5086331,0.4796719,0.7131852,0.6925835,0.5088625,0.48145738,0.99031985,0.8812907,0.4622194,-12,15
0.0038583102,-0.036792427,0.5195205,0.49694794,0.7207777,0.7049453,0.5195355,0.49830163,1.0178372,0.8954462,0.4647723,-12,15
0.010054139,0.001120328,0.50202876,0.521943,0.7085399,0.7224562,0.50212985,0.5219443,1.0240741,0.90354294,0.45572394,-12,15
0.007974505,-0.014806129,0.5168592,0.49653855,0.7189292,0.70465493,0.5169227,0.4967578,1.0136805,0.8974649,0.4563303,-12,15
0.025014106,-0.0041424837,0.4806482,0.51215625,0.69328797,0.7156509,0.4812739,0.5121734,0.9934473,0.8890908,0.45051622,-12,15
-0.03661688,0.028279215,0.5142666,0.47888994,0.71712387,0.69201875,0.5156074,0.47968966,0.9952971,0.88729334,0.45607853,-12,15
-0.011301817,-0.0034265732,0.47556195,0.47818407,0.68961,0.69150853,0.47568968,0.47819582,0.95388544,0.8609312,0.4611756,-12,15
0.0080002155,-0.0070051616,0.52877825,0.4889429,0.7271714,0.6992445,0.5288422,0.48899198,1.0178342,0.8933337,0.46881685,-12,15
0.0059702676,-0.008501133,0.51256365,0.4723524,0.7159355,0.687279,0.51259923,0.4724247,0.985024,0.8815131,0.45602465,-12,15
0.0041174022,0.011555894,0.4992943,0.51225287,0.7066076,0.71571845,0.49931127,0.51238644,1.0116978,0.89107746,0.46656042,-10,15
-0.00064424705,-0.0006234748,0.5066676,0.49110717,0.7118059,0.7007904,0.50666803,0.49110752,0.99777555,0.88920087,0.45507953,-10,15
0.051013064,-0.009230303,0.5246461,0.48875564,0.7243246,0.6991106,0.52724844,0.48884082,1.0160893,0.8934597,0.4667109,-10,15
0.00040710694,0.012151166,0.4688953,0.4805416,0.6847593,0.6932111,0.4688955,0.48068923,0.94958466,0.8641213,0.45042104,-10,15
0.012347389,0.0030414835,0.50352716,0.49217954,0.70959646,0.7015551,0.50367963,0.49218878,0.9958683,0.88906294,0.45324993,-10,15
-0.0068132235,0.015622796,0.49336374,0.50498986,0.70239854,0.71062636,0.4934102,0.505234,0.9986442,0.89020854,0.45406264,-10,15
0.0011223587,-0.015148714,0.4981062,0.5060377,0.7057664,0.71136326,0.4981075,0.5062672,1.0043746,0.88388157,0.4723644,-8,15
0.055346638,0.01666906,0.46719718,0.53584903,0.68351823,0.7320171,0.4702604,0.53612685,1.0063872,0.8900535,0.46280882,-8,15
0.0187882,0.022977395,0.4726131,0.50991184,0.6874686,0.7140811,0.4729661,0.51043975,0.9834059,0.88281375,0.45171422,-8,15
0.047380872,-0.012711411,0.52109504,0.5027437,0.7218691,0.7090442,0.52334,0.5029053,1.0262454,0.8896957,0.4844448,-8,15
-0.009596288,-0.03737648,0.5277035,0.49561277,0.726432,0.70399773,0.5277956,0.4970098,1.0248053,0.89783996,0.46764168,-8,15
-0.004533284,0.027678877,0.49270397,0.54992795,0.70192873,0.74157125,0.49272454,0.550694,1.0434186,0.9084599,0.46703234,-8,15
-0.0024964444,0.026552299,0.48842034,0.51051176,0.6988708,0.7145011,0.48842657,0.51121676,0.9996433,0.88594425,0.46340698,-8,15
-0.015117677,-0.013454213,0.5032556,0.5269928,0.7094051,0.7259427,0.50348413,0.5271738,1.030658,0.898895,0.4718535,-8,15
0.0010796525,0.0034402516,0.48732802,0.51441324,0.6980888,0.7172261,0.48732919,0.5144251,1.0017543,0.8832123,0.47083995,-8,15
-0.018142603,0.02523343,0.47708172,0.46725273,0.690711,0.6835589,0.47741088,0.4678895,0.9453004,0.8671627,0.43969223,-8,15
-0.012305576,-0.0068792608,0.51183355,0.5090222,0.71542543,0.7134579,0.511985,0.50906944,1.0210545,0.90676767,0.4459001,-8,15
-0.015967224,0.0018397211,0.510257,0.47617477,0.71432275,0.6900542,0.510512,0.47617817,0.98669016,0.88729954,0.4465306,-8,15
0.011211144,0.0145031605,0.51561105,0.47987828,0.7180606,0.69273245,0.51573676,0.4800886,0.99582535,0.8799221,0.47070432,-8,15
-0.006240027,-0.020012327,0.47912934,0.53204906,0.6921917,0.7294169,0.4791683,0.5324496,1.0116179,0.8901037,0.46833023,-6,15
-0.006192904,0.031966943,0.52535117,0.47379273,0.72481114,0.68832606,0.52538943,0.47481462,1.0002041,0.88442147,0.46690756,-6,15
0.028784044,0.05731068,0.51613724,0.48941872,0.71842694,0.69958466,0.51696575,0.49270326,1.0096691,0.888606,0.46909314,-6,15
-0.047030486,0.031038309,0.5033994,0.47330752,0.70950645,0.6879735,0.5056113,0.4742709,0.9798821,0.88432026,0.44481426,-6,15
0.050022848,-0.06083631,0.517957,0.47195002,0.7196923,0.6869862,0.5204592,0.4756511,0.9961103,0.8931129,0.44548813,-6,15
-0.027650518,0.011286966,0.537695,0.5133296,0.7332769,0.71647024,0.53845954,0.51345706,1.0519166,0.90799826,0.47692314,-6,15
0.016785253,0.014088677,0.5108303,0.51082885,0.71472394,0.71472293,0.511112,0.5110274,1.0221394,0.8929788,0.47405514,-6,15
-0.022715315,-0.042040337,0.517532,0.48960662,0.71939695,0.69971895,0.518048,0.49137402,1.0094221,0.8867426,0.47234476,-4,15
-0.043065317,0.04787192,0.5100583,0.48208386,0.7141836,0.6943226,0.51191294,0.48437557,0.99628854,0.88493234,0.4617177,-4,15
-0.08026837,-0.010544685,0.5037559,0.50577164,0.7097576,0.7111762,0.5101989,0.5058828,1.0160817,0.89795315,0.45799756,-4,15
-0.0014321432,-0.017935863,0.4833073,0.5040109,0.69520307,0.7099373,0.48330936,0.50433266,0.987642,0.88586545,0.4504268,-4,15
-0.038134843,0.0021495847,0.49602923,0.514297,0.70429343,0.717145,0.4974835,0.51430166,1.0117851,0.90004253,0.44911984,-2,15
0.09750786,-0.11072849,0.5210295,0.4741971,0.7218237,0.6886197,0.5305372,0.48645788,1.0169951,0.9019448,0.4510994,-2,15
0.051719435,0.031935055,0.5101264,0.49783686,0.7142314,0.7055755,0.5128014,0.49885672,1.0116581,0.91009295,0.42823935,0,15
0.07727802,0.10204069,0.49744174,0.5505524,0.7052955,0.7419922,0.5034136,0.56096476,1.0643783,0.9179709,0.4708586,0,15
-0.0042019375,-0.06313392,0.5184853,0.48941952,0.7200592,0.69958526,0.51850295,0.49340543,1.0119083,0.90852463,0.43184635,0,15
-0.004295646,-0.06590618,0.5340749,0.47510165,0.73080426,0.68927616,0.5340934,0.47944528,1.0135386,0.8983852,0.45435953,0,15
0.019675765,0.055026725,0.51329994,0.51534927,0.71644956,0.7178783,0.51368713,0.5183772,1.0320643,0.9143629,0.4427242,0,15
-0.05664061,0.009186671,0.5167089,0.49370614,0.7188247,0.70264226,0.5199171,0.49379054,1.0137076,0.9087622,0.43342686,0,15
-0.05448502,0.022848109,0.5040288,0.531355,0.70994985,0.728941,0.50699735,0.53187704,1.0388744,0.91401374,0.4510581,0,15
0.008308034,0.046692647,0.48974586,0.54710954,0.69981843,0.73966855,0.48981485,0.54928976,1.0391047,0.91754496,0.44408986,0,15
-0.015913058,0.03883215,0.4853806,0.46879727,0.6966926,0.68468773,0.4856338,0.4703052,0.955939,0.87487996,0.43649063,0,15
0.014555901,0.06513466,0.49269217,0.51196736,0.70192033,0.71551895,0.492904,0.5162099,1.0091139,0.89675236,0.4527131,0,15
0.06394926,-0.06612761,0.51242685,0.45271054,0.71584,0.6728377,0.5165163,0.4570834,0.9735998,0.8847521,0.436822,0,15
-0.055294234,0.022360645,0.498497,0.471686,0.7060432,0.686794,0.5015545,0.47218597,0.9737404,0.8800177,0.44644064,0,15
0.0046445634,-0.017813172,0.48979762,0.47346264,0.69985545,0.6880862,0.48981917,0.47377998,0.96359915,0.88119805,0.43253797,0,15
-0.0553544,-0.03400427,0.4976073,0.5220311,0.70541286,0.7225172,0.50067145,0.5231874,1.0238588,0.91409767,0.43391746,2,15
-0.050203837,-0.06132077,0.52216667,0.4438966,0.722611,0.66625565,0.5246871,0.4476568,0.9723439,0.89263594,0.41898102,2,15
0.008008923,0.048466966,0.50730354,0.51449823,0.71225244,0.71728534,0.5073677,0.51684725,1.0242149,0.91950536,0.42275858,2,15
0.053001076,-0.023007011,0.48003516,0.48839805,0.6928457,0.6988548,0.4828443,0.48892736,0.9717716,0.8959418,0.411169,2,15
-0.036491603,-0.09616255,0.499392,0.4653396,0.7066767,0.68215805,0.50072366,0.4745868,0.9753105,0.8909312,0.42608935,2,15
0.104445204,-0.10636314,0.460954,0.5018991,0.67893595,0.7084484,0.4718628,0.51321226,0.98507506,0.900723,0.41686106,2,15
-0.012068259,-0.06245362,0.47987515,0.49518284,0.6927302,0.7036923,0.48002082,0.49908328,0.9791041,0.890658,0.4310828,2,15
-0.11437189,-0.10434483,0.39823785,0.584846,0.6310609,0.76475227,0.41131878,0.5957338,1.0070527,0.9114024,0.41999787,4,15
0.124681324,0.023321804,0.5196458,0.5263761,0.72086465,0.7255178,0.5351913,0.52692,1.0621113,0.94840604,0.40328324,4,15
0.05452879,0.057181224,0.46749496,0.46662813,0.683736,0.68310183,0.47046834,0.46989787,0.9403662,0.88862395,0.3882186,4,15
-0.030577019,0.030068222,0.4971927,0.54232824,0.70511895,0.7364294,0.49812767,0.5432323,1.04136,0.93821514,0.40138814,4,15
-0.09706437,-0.086873494,0.45191997,0.6023766,0.6722499,0.77612925,0.46134144,0.6099236,1.071265,0.94943213,0.41212106,4,15
0.057972044,-0.096315295,0.4853196,0.45806676,0.69664884,0.6768063,0.48868033,0.4673434,0.95602375,0.88650453,0.41247228,4,15
-0.015973814,0.04495707,0.42710817,0.5854556,0.6535351,0.7651507,0.42736334,0.58747673,1.0148401,0.92440856,0.400386,4,15
-0.07372558,0.062578075,0.46277857,0.5621885,0.6802783,0.74979234,0.46821406,0.56610453,1.0343184,0.93338585,0.40386805,4,15
-0.04849602,-0.021334928,0.51153076,0.46675968,0.7152138,0.68319815,0.51388264,0.4672149,0.9810975,0.904329,0.40408733,4,15
-0.14278117,0.021043882,0.47514272,0.49803346,0.68930596,0.7057149,0.49552917,0.49847627,0.99400556,0.9123189,0.4020941,6,15
0.042780913,-0.057831056,0.5370606,0.48871386,0.7328442,0.6990807,0.53889084,0.49205828,1.0309491,0.93299603,0.40058392,6,15
0.1358924,-0.01375843,0.5124352,0.45973757,0.71584576,0.6780395,0.5309019,0.45992687,0.9908288,0.9166284,0.38809943,6,15
-0.19734003,0.005269533,0.5433154,0.47532472,0.73709935,0.689438,0.58225846,0.47535247,1.057611,0.9449968,0.40569955,6,15
-0.03320373,-0.099019974,0.4883669,0.57110703,0.6988325,0.75571626,0.4894694,0.580912,1.0703814,0.94849104,0.4132144,6,15
0.019402662,0.044615515,0.5217005,0.4806224,0.72228837,0.6932694,0.52207696,0.48261294,1.0046899,0.92797613,0.37888014,6,15
0.055649478,0.012346208,0.5048337,0.45434827,0.7105165,0.6740536,0.5079305,0.4545007,0.9624312,0.8926484,0.40695205,6,15
0.031829234,0.026499992,0.38198793,0.6027715,0.6180517,0.77638364,0.38300103,0.6034738,0.9864748,0.9100687,0.39780626,8,15
-0.030107643,-0.024278043,0.4518174,0.5511863,0.6721736,0.74241924,0.45272386,0.5517758,1.0044997,0.929214,0.3755808,8,15
0.103581846,0.017458616,0.4190059,0.51066184,0.6473067,0.71460605,0.4297351,0.51096666,0.9407018,0.8922789,0.3801843,8,15
-0.09942202,-0.015524582,0.5424599,0.48068506,0.7365188,0.69331455,0.5523446,0.48092607,1.0332706,0.9402709,0.38621405,8,15
-0.063622765,0.0434272,0.43364215,0.4665867,0.6585151,0.68307155,0.43769,0.4684726,0.9061626,0.86327296,0.40115142,8,15
0.016895764,0.016408913,0.42689136,0.57578635,0.65336925,0.7588059,0.42717683,0.57605565,1.0032325,0.93426096,0.361094,8,15
0.05806056,0.012165133,0.37797165,0.52912855,0.614794,0.7274122,0.3813427,0.52927655,0.91061926,0.88063,0.3675731,8,15
0.036247827,-0.05612596,0.46990556,0.55016196,0.68549657,0.741729,0.47121945,0.5533121,1.0245316,0.9406363,0.37381145,10,15
0.21015361,0.05640652,0.5307606,0.49355304,0.72853315,0.7025333,0.5749251,0.49673474,1.0716599,0.9669957,0.3695662,10,15
-0.0014653224,-0.032897063,0.49165428,0.51117367,0.70118064,0.7149641,0.49165642,0.5122559,1.0039123,0.92717224,0.379821,10,15
-0.021885991,0.0153626,0.46245733,0.47876352,0.68004215,0.6919274,0.46293634,0.47899953,0.94193584,0.89625823,0.37236676,10,15
0.07395588,0.09965579,0.48724383,0.50808465,0.6980285,0.71280056,0.49271327,0.5180159,1.0107293,0.9309921,0.3794508,10,15
0.015875991,0.08233319,0.45550242,0.5015125,0.6749092,0.7081755,0.45575446,0.50829124,0.96404576,0.90314126,0.38520336,10,15
-0.010390732,0.15293267,0.48717397,0.40879336,0.6979785,0.6393695,0.48728198,0.43218178,0.91946375,0.87737083,0.38689032,10,15
-0.13930993,-0.024650859,0.49256548,0.5148418,0.7018301,0.71752477,0.5119728,0.51544946,1.0274222,0.9370632,0.38643834,10,15
0.08827419,-0.083405286,0.5530516,0.4284157,0.7436744,0.6545347,0.560844,0.4353721,0.99621606,0.9142554,0.40044126,10,15
-0.11017114,-0.051750973,0.4981088,0.535668,0.7057682,0.7318934,0.5102465,0.5383462,1.0485927,0.95383096,0.3725574,10,15
0.16404533,0.026577922,0.5013071,0.38077053,0.7080304,0.6170661,0.528218,0.38147694,0.9096949,0.8740077,0.38184476,10,15
0.0033102185,0.115671776,0.4274705,0.46810704,0.6538123,0.6841835,0.42748147,0.48148704,0.90896845,0.86983854,0.3903196,10,15
-0.0064268988,0.11964506,0.5061165,0.48129743,0.7114187,0.69375604,0.5061578,0.49561238,1.0017703,0.92169666,0.39018646,10,15
-0.06913896,-0.029644743,0.5010201,0.5069614,0.7078277,0.71201223,0.50580025,0.5078403,1.0136404,0.9384463,0.36463544,12,15
-0.10032752,0.0051393136,0.48050156,0.49084306,0.6931822,0.70060194,0.49056715,0.4908695,0.98143667,0.92542547,0.35358775,12,15
-0.041539527,-0.07529709,0.50773954,0.48959267,0.71255845,0.699709,0.50946504,0.49526232,1.0047274,0.92824256,0.37827665,12,15
-0.124497786,-0.023111556,0.52625704,0.48197588,0.72543573,0.6942448,0.54175675,0.48251003,1.0242668,0.940347,0.3741848,12,15
-0.03589265,-0.03180181,0.50708866,0.49354175,0.7121016,0.70252526,0.50837696,0.49455315,1.0029302,0.92631286,0.38062397,12,15
-0.13067171,0.024150662,0.4729725,0.5020381,0.68772995,0.70854646,0.49004763,0.50262135,0.992669,0.93208367,0.3519788,12,15
0.04238552,0.052348755,0.48129976,0.5325724,0.6937577,0.72977555,0.4830963,0.53531283,1.0184091,0.9401741,0.36671764,14,15
-0.0670618,0.13583118,0.5271612,0.5187143,0.72605866,0.72021824,0.5316585,0.5371644,1.0688229,0.94223166,0.42546725,14,15
-0.01784437,0.017742317,0.45519954,0.59801364,0.67468476,0.7733134,0.45551795,0.5983284,1.0538464,0.9484472,0.3928031,14,15
-0.15826423,-0.092558205,0.47754458,0.49250638,0.691046,0.701788,0.50259215,0.5010735,1.0036654,0.94034207,0.34557545,14,15
-0.013290115,-0.011178132,0.486583,0.5419495,0.697555,0.7361722,0.48675957,0.54207444,1.0288341,0.9369043,0.3886443,14,15
-0.002096464,0.08253427,0.4918183,0.5597057,0.7012976,0.7481348,0.49182272,0.5665176,1.0583403,0.9549575,0.3826181,14,15
0.061255112,0.005105678,0.51656973,0.53906226,0.7187279,0.7342086,0.5203219,0.53908837,1.0594103,0.95463324,0.38481894,14,15
-0.03164584,0.13738951,0.4247381,0.48458272,0.65171933,0.6961198,0.42573953,0.5034586,0.92919815,0.87956315,0.39441952,16,15
-0.01911953,-0.029129352,0.5237366,0.4924901,0.7236965,0.7017764,0.5241021,0.4933386,1.0174408,0.93490344,0.3786771,16,15
0.03884791,-0.05494672,0.5048591,0.49186796,0.7105344,0.701333,0.5063682,0.4948871,1.0012553,0.93007106,0.3690842,16,15
-0.046458334,0.06336592,0.46636614,0.57638776,0.68291,0.75920206,0.4685245,0.580403,1.0489274,0.94225067,0.40136164,16,15
0.0868859,-0.018383358,0.5012716,0.4546123,0.70800537,0.6742495,0.5088208,0.45495027,0.96377105,0.9019296,0.38767773,16,15
0.008469546,-0.038137484,0.4910264,0.58062685,0.70073277,0.76198876,0.49109814,0.5820814,1.0731795,0.9662416,0.37357295,16,15
-0.08794394,0.046095427,0.55329895,0.46934217,0.7438407,0.68508554,0.56103307,0.47146696,1.0325,0.9366441,0.39395157,16,15
-0.0074359886,0.14694525,0.5673691,0.42298466,0.7532391,0.6503727,0.5674244,0.44457754,1.0120019,0.9252379,0.39488834,16,15
0.051149458,-0.023489557,0.5399827,0.48259628,0.73483515,0.6946915,0.54259896,0.4831481,1.0257471,0.93603987,0.38675106,16,15
0.029826367,0.025901727,0.5071685,0.4908605,0.7121576,0.7006144,0.508058,0.4915314,0.99958944,0.9159764,0.40072027,16,15
0.0078062303,-0.01591747,0.49681643,0.5029491,0.70485204,0.70918906,0.49687737,0.50320244,1.0000799,0.93248045,0.36133084,18,15
0.040097833,-0.12923783,0.4775625,0.5188093,0.69105893,0.72028416,0.47917032,0.53551173,1.014682,0.9273551,0.3933124,18,15
0.026852326,-0.15494755,0.5052235,0.509864,0.71079075,0.7140476,0.50594455,0.5338727,1.0398172,0.9416465,0.39130437,18,15
-0.013763808,0.042888246,0.5429672,0.4314745,0.7368631,0.6568672,0.5431566,0.4333139,0.9764706,0.90289557,0.4015596,18,15
-0.11476125,-0.010408543,0.45674774,0.5107674,0.67583114,0.71467996,0.4699179,0.5108757,0.9807936,0.920846,0.3644671,18,15
-0.034885652,0.048420016,0.45927852,0.58294445,0.67770094,0.76350796,0.46049553,0.58528894,1.0457845,0.9453505,0.38999605,18,15
-0.08090033,0.00260064,0.5169047,0.48068178,0.7189609,0.69331217,0.52344954,0.48068857,1.0041381,0.92609215,0.3827421,18,15
0.01286494,0.037849776,0.5200846,0.5902323,0.72116894,0.7682658,0.5202501,0.5916649,1.111915,0.98316085,0.38119507,18,15
0.0050626546,0.05707994,0.5098271,0.52231234,0.71402174,0.7227118,0.5098527,0.52557045,1.0354232,0.9412141,0.386703,20,15
0.005137665,-0.052467234,0.5040437,0.49003556,0.70996034,0.7000254,0.50407004,0.4927884,0.9968585,0.92135966,0.384649,20,15
0.03231159,-0.038577564,0.44864637,0.5560655,0.6698107,0.745698,0.4496904,0.55755377,1.0072441,0.92970955,0.37800047,20,15
0.011965103,-0.03948658,0.48949757,0.53544307,0.69964105,0.73173976,0.4896408,0.5370022,1.026643,0.9392118,0.38016343,20,15
0.020389466,-0.06767723,0.4928051,0.5108944,0.7020008,0.71476877,0.49322084,0.5154747,1.0086955,0.9313509,0.37587366,20,15
-0.008705795,-0.050654165,0.5433897,0.46774012,0.7371497,0.68391526,0.5434655,0.47030595,1.0137714,0.9298198,0.38627252,22,15
-0.010959294,0.10194893,0.44173604,0.56746066,0.66463226,0.75329983,0.44185615,0.5778543,1.0197104,0.9321976,0.38822412,22,15
0.0517053,-0.05461621,0.5202805,0.47479844,0.7213047,0.6890562,0.5229539,0.47778136,1.0007353,0.9171747,0.399407,22,15
-0.09066297,-0.06615405,0.42255473,0.44807833,0.6500421,0.6693865,0.43077445,0.4524547,0.88322914,0.8622024,0.37394673,22,16
0.04008974,0.027631499,0.45686027,0.58638704,0.6759144,0.7657591,0.45846748,0.5871506,1.045618,0.9553771,0.36451703,22,16
0.04435087,0.05086399,0.46973038,0.5257978,0.6853688,0.7251192,0.4716974,0.5283849,1.0000823,0.9190179,0.39432025,24,16
-0.06094823,-0.04457456,0.49437636,0.5049554,0.70311904,0.71060216,0.49809104,0.5069423,1.0050333,0.9241452,0.388573,24,16
-0.10214018,0.0044401344,0.5071263,0.49626046,0.712128,0.7044576,0.51755893,0.49628022,1.0138391,0.92585564,0.39576563,24,16
-0.122424886,-0.10914482,0.5958506,0.4410981,0.7719136,0.66415215,0.6108384,0.45301068,1.0638492,0.9559604,0.38728392,24,16
0.07708737,0.05227234,0.44036222,0.5362482,0.66359794,0.7322897,0.4463047,0.5389806,0.98528534,0.91990495,0.3729078,26,16
-0.042949997,0.0005638376,0.5057447,0.51105106,0.7111573,0.7148784,0.50758934,0.51105136,1.0186408,0.9327724,0.38545612,26,16
0.051698435,-0.026061833,0.45803964,0.511644,0.67678624,0.71529293,0.46071234,0.51232326,0.9730356,0.9128076,0.37392244,26,16
-0.011505555,-0.016246255,0.41850692,0.5498656,0.6469211,0.7415292,0.4186393,0.55012953,0.96876884,0.9033322,0.390845,26,16
-0.0023527108,-0.0410423,0.444225,0.5557531,0.66650206,0.7454885,0.44423056,0.5574376,1.0016682,0.9289124,0.37254518,26,16
-0.025529005,-0.019304216,0.38128844,0.5463792,0.6174856,0.73917466,0.38194013,0.54675186,0.928692,0.880835,0.39092422,28,16
0.039697364,0.028538184,0.5140199,0.44441143,0.7169518,0.6666419,0.5155958,0.44522586,0.9608217,0.90466624,0.37736008,28,16
-0.032182425,-0.13482913,0.46856442,0.4210688,0.6845177,0.6488981,0.4696001,0.43924773,0.9088478,0.8896065,0.34270707,28,16
-0.0703533,-0.05356492,0.49059105,0.53837997,0.70042205,0.7337438,0.49554065,0.54124916,1.0367898,0.9446078,0.3801393,28,16
0.037461072,0.0461365,0.5616613,0.42325515,0.74944067,0.65058064,0.56306463,0.42538375,0.9884484,0.9168734,0.3844366,28,16
-0.03202656,0.011548085,0.547045,0.4886481,0.7396249,0.6990337,0.54807067,0.48878142,1.0368521,0.9409431,0.3892018,28,16
0.08838357,0.10943866,0.51061076,0.52112615,0.71457034,0.7218907,0.51842237,0.533103,1.0515254,0.951319,0.38277617,30,16
-0.07177519,0.035258554,0.45000857,0.48582104,0.6708268,0.6970086,0.45516026,0.48706418,0.94222444,0.8961754,0.3729532,30,16
-0.008036369,-0.02258125,0.4793467,0.4791451,0.69234866,0.6922031,0.47941127,0.47965503,0.95906633,0.90179753,0.3818737,30,16
-0.026126208,-0.034582034,0.5036477,0.48813438,0.7096814,0.69866616,0.5043303,0.4893303,0.99366057,0.88791573,0.45306322,-20,16
0.039942943,-0.01602786,0.52922803,0.4814662,0.7274806,0.69387764,0.53082347,0.48172313,1.0125465,0.8878207,0.4736253,-20,16
-0.0033684708,-0.019019172,0.4862725,0.50885975,0.69733244,0.71334404,0.48628384,0.50922143,0.99550533,0.8865842,0.45768306,-20,16
-0.028300354,-0.014317383,0.47125256,0.48293036,0.6864784,0.6949319,0.4720535,0.48313534,0.9551888,0.8660157,0.45299634,-20,16
0.0077836188,0.008440593,0.5000779,0.49137822,0.70716184,0.70098376,0.5001385,0.49144948,0.991588,0.8865646,0.45342177,-20,16
-0.020028047,0.017061763,0.5195353,0.5021754,0.720788,0.7086433,0.51993644,0.5024665,1.0224028,0.8992851,0.46226534,-20,16
-0.026600966,-0.010767274,0.47780064,0.5125322,0.69123125,0.71591353,0.47850823,0.51264817,0.99115634,0.8890235,0.44809997,-20,16
-0.01403505,-0.018859457,0.5117478,0.4713883,0.71536547,0.68657726,0.5119448,0.47174397,0.9836887,0.8797025,0.45805266,-20,16
-0.0285203,-0.056219522,0.47542062,0.5210788,0.68950754,0.7218579,0.47623405,0.5242394,1.0004735,0.88552463,0.4651017,-20,16
-0.017419238,0.034657642,0.47709566,0.52165437,0.6907211,0.7222564,0.47739908,0.5228555,1.0002546,0.88765347,0.46078834,-20,16
0.017620767,-0.007819044,0.511964,0.49968332,0.7155166,0.70688283,0.5122745,0.49974445,1.0120189,0.8893304,0.47022375,-18,16
0.01957052,-0.007259294,0.48220882,0.5168571,0.6944126,0.71892774,0.4825918,0.5169098,0.9995017,0.87960994,0.47517157,-18,16
0.026745522,-0.021530379,0.52810776,0.49366602,0.72671026,0.7026137,0.5288231,0.4941296,1.0229527,0.89595973,0.46926412,-18,16
0.0021566711,0.0050865393,0.49377233,0.5012475,0.70268935,0.7079884,0.49377698,0.50127333,0.9950503,0.880993,0.4678692,-18,16
-0.024652809,0.025126137,0.5037649,0.4952358,0.709764,0.7037299,0.50437266,0.49586707,1.0002398,0.888607,0.45893064,-18,16
-0.004981282,-0.0017679483,0.52277184,0.4956335,0.7230296,0.70401245,0.5227966,0.4956366,1.0184333,0.8904167,0.47496465,-18,16
0.016756319,-0.027064145,0.5215262,0.50502264,0.72216773,0.71064943,0.52180696,0.5057551,1.027562,0.9011221,0.46426392,-18,16
-0.0007559126,-0.012729889,0.4898733,0.50573397,0.6999095,0.71114975,0.48987386,0.505896,0.99576986,0.8836085,0.46368715,-18,16
-0.0052387537,-0.018712685,0.46234876,0.51998484,0.67996234,0.72109973,0.4623762,0.520335,0.9827112,0.8819292,0.45267215,-18,16
0.016374685,0.005436492,0.48438758,0.5190443,0.6959796,0.7204473,0.48465574,0.5190739,1.0037296,0.89399946,0.45221084,-18,16
0.014947995,0.008335123,0.4951435,0.50569975,0.70366436,0.7111257,0.49536696,0.5057692,1.0011362,0.8935907,0.45014656,-18,16
-0.0065262057,-0.0075483187,0.48307908,0.50960493,0.6950389,0.7138662,0.48312166,0.5096619,0.9927836,0.8816078,0.46427518,-18,16
-0.006174032,0.0009712437,0.5016301,0.5152282,0.7082585,0.717794,0.5016682,0.51522917,1.0168974,0.8917041,0.47091526,-18,16
-0.040581107,-0.007610499,0.5042305,0.5100671,0.7100919,0.7141898,0.5058774,0.510125,1.0160023,0.8856242,0.48132345,-16,16
0.00029503624,0.015203697,0.46480614,0.5200922,0.6817669,0.7211742,0.4648062,0.52032334,0.9851296,0.87946,0.46008652,-16,16
0.004879086,-0.004228351,0.4982464,0.4983876,0.7058657,0.7059657,0.49827018,0.49840552,0.99667567,0.8890048,0.45425326,-16,16
0.0023434325,-0.033255942,0.52983546,0.50406134,0.727898,0.7099728,0.52984095,0.50516725,1.0350082,0.8994418,0.475408,-16,16
-0.025003709,0.013713008,0.4952644,0.5134166,0.70375025,0.7165309,0.49588957,0.51360464,1.0094942,0.88700104,0.47193566,-16,16
-0.029679209,0.024332924,0.4798999,0.52797055,0.69274807,0.72661585,0.48078075,0.52856266,1.0093434,0.88722116,0.4713619,-16,16
-0.0050907815,-0.005051482,0.47445256,0.5365834,0.68880516,0.73251855,0.47447848,0.53660893,1.0110874,0.8878938,0.47194496,-16,16
-0.00548796,-0.007014785,0.5233538,0.48687798,0.72343194,0.6977664,0.523384,0.48692715,1.0103111,0.8929473,0.46147177,-16,16
-0.010937836,0.004816415,0.4841125,0.47896242,0.69578195,0.69207114,0.4842321,0.4789856,0.96321774,0.8687035,0.45669678,-16,16
0.036984302,-0.0010926346,0.506297,0.51521546,0.71154547,0.7177851,0.50766486,0.51521665,1.0228815,0.89743716,0.4663562,-16,16
-0.011373632,0.028124306,0.5153061,0.4978061,0.71784824,0.70555377,0.51543546,0.4985971,1.0140325,0.89147365,0.4683026,-16,16
-0.018115241,-0.02542331,0.5174354,0.48699254,0.71932983,0.6978485,0.5177635,0.48763892,1.0054024,0.88801813,0.46564615,-16,16
-0.032138877,0.012039205,0.46952146,0.5282955,0.68521637,0.7268394,0.4705544,0.5284405,0.9989948,0.88848305,0.45781308,-14,16
0.039917618,-0.005323856,0.503151,0.47922677,0.7093314,0.69226205,0.5047444,0.4792551,0.9839995,0.8717569,0.47332793,-14,16
0.039905343,-0.0117784105,0.5279619,0.4468759,0.7266099,0.6684878,0.52955437,0.44701463,0.976569,0.8766893,0.45605358,-14,16
-0.041314717,0.0026213871,0.48343813,0.5107707,0.6952972,0.7146822,0.48514506,0.5107775,0.99592257,0.87749577,0.4753143,-14,16
0.008638091,0.03889844,0.48228797,0.53754604,0.6944696,0.73317534,0.4823626,0.5390591,1.0214217,0.8926194,0.473975,-14,16
0.010608418,0.0018670075,0.52047884,0.50265634,0.7214422,0.7089826,0.5205914,0.5026599,1.0232513,0.9007057,0.46041352,-14,16
0.004474033,0.017387873,0.5173549,0.5139534,0.71927387,0.7169054,0.5173749,0.5142557,1.0316308,0.8998957,0.47097597,-14,16
-0.0062534763,-0.032936852,0.4916019,0.5133004,0.70114326,0.71644986,0.49164099,0.5143853,1.0060264,0.8886929,0.46502814,-14,16
0.024263471,-0.039566427,0.4841915,0.5057555,0.6958387,0.7111649,0.48478022,0.50732094,0.9921012,0.8866419,0.45383617,-12,16
0.03059329,0.019719612,0.4964139,0.49627867,0.7045665,0.7044705,0.4973498,0.49666756,0.99401736,0.885177,0.45877978,-12,16
0.0316184,-0.00915466,0.5106736,0.46681997,0.7146143,0.68324226,0.51167333,0.46690375,0.9785771,0.8766659,0.4582947,-12,16
-0.018617075,0.038341507,0.4886272,0.4845858,0.6990187,0.696122,0.4889738,0.48605585,0.9750296,0.8743658,0.45881817,-12,16
0.037071593,0.011204261,0.46773773,0.4896567,0.6839135,0.6997547,0.46911204,0.4897822,0.95889425,0.86376107,0.46131456,-12,16
-0.024862306,-0.051394235,0.4816979,0.47700006,0.6940446,0.6906519,0.48231602,0.47964144,0.96195745,0.86915857,0.4544457,-12,16
-0.03295907,0.03361889,0.49128538,0.5024382,0.70091754,0.70882875,0.4923717,0.5035684,0.99594,0.8873376,0.4566968,-12,16
0.0049556326,-0.006870116,0.49668694,0.4859913,0.7047602,0.69713074,0.4967115,0.4860385,0.98275006,0.88053834,0.45541435,-12,16
0.004823347,0.0025982242,0.5084669,0.5077268,0.71306866,0.7125495,0.50849015,0.5077336,1.0162237,0.8881565,0.47686663,-10,16
0.0011647623,-0.0018449621,0.4795374,0.5185813,0.6924864,0.72012585,0.47953877,0.51858467,0.99812335,0.8900658,0.453769,-10,16
-0.027785532,-0.0823536,0.5345197,0.49520352,0.73110855,0.703707,0.53529173,0.5019856,1.0372772,0.8955444,0.48505422,-10,16
0.0026396029,-0.016698645,0.4857183,0.49707556,0.69693494,0.70503587,0.48572525,0.4973544,0.9830796,0.8800257,0.45676517,-10,16
0.0020218971,0.03214103,0.45394462,0.5245316,0.67375416,0.72424555,0.4539487,0.5255647,0.9795134,0.88080466,0.45132756,-10,16
0.0033004652,0.0018681083,0.49427387,0.4884318,0.70304614,0.69887894,0.49428472,0.48843527,0.9827201,0.8778737,0.46049732,-10,16
0.01686012,-0.027575785,0.46771234,0.5066707,0.683895,0.7118081,0.4679966,0.50743115,0.97542775,0.8786935,0.4509162,-8,16
-0.025045032,0.015344724,0.48036128,0.4911096,0.693081,0.70079213,0.48098853,0.49134508,0.9723336,0.8749192,0.45480767,-8,16
0.0146848485,0.008579448,0.50487155,0.5377143,0.71054316,0.7332901,0.50508714,0.5377879,1.042875,0.9011714,0.48038015,-8,16
0.006782282,0.0010763695,0.5046526,0.4685564,0.7103891,0.6845118,0.50469863,0.46855757,0.9732562,0.8760201,0.45370147,-8,16
0.027818426,0.044039864,0.5117185,0.46920693,0.715345,0.6849868,0.5124924,0.47114646,0.9836388,0.8858099,0.44607136,-8,16
-0.0056301737,0.01081579,0.47121537,0.52528656,0.68645126,0.72476655,0.47124702,0.5254036,0.9966506,0.88537616,0.46125877,-8,16
0.018451856,0.029306306,0.5034742,0.510021,0.70955914,0.7141575,0.5038147,0.5108799,1.0146945,0.8879677,0.475613,-8,16
-0.011548139,0.035821475,0.49135643,0.49117243,0.7009682,0.70083696,0.49148977,0.4924556,0.9839454,0.8780426,0.4615048,-8,16
0.026365137,0.04186243,0.499088,0.47258323,0.7064616,0.6874469,0.4997831,0.47433567,0.9741188,0.8746613,0.45725965,-8,16
-0.03095951,0.0062256884,0.51108134,0.490449,0.71489954,0.70032066,0.5120398,0.49048775,1.0025275,0.8872041,0.46410817,-8,16
-0.0076760594,0.0022609439,0.53088427,0.49098164,0.728618,0.7007008,0.5309432,0.49098673,1.02193,0.89273286,0.47429737,-8,16
-0.020331794,0.00046893302,0.5094676,0.46718282,0.71377,0.68350774,0.509881,0.46718302,0.977064,0.87121713,0.46695253,-6,16
0.005675122,0.04128881,0.50621736,0.49596775,0.71148956,0.7042498,0.50624955,0.49767253,1.0039221,0.88952583,0.46115708,-6,16
-0.0051916726,0.0057115015,0.505641,0.4991699,0.71108437,0.70651954,0.505668,0.49920243,1.0048704,0.88554245,0.46977127,-6,16
-0.0078043323,0.026675623,0.51213026,0.4894539,0.7156328,0.6996098,0.5121912,0.49016553,1.0023566,0.8832663,0.47137803,-6,16
0.062648624,-0.052562863,0.48639897,0.49211356,0.6974231,0.70150805,0.49032378,0.4948764,0.98520017,0.87480915,0.46894473,-6,16
0.040585358,0.011905524,0.5043601,0.48424324,0.71018314,0.6958759,0.50600725,0.484385,0.9903922,0.87801886,0.46848178,-6,16
0.04295306,-0.02507533,0.4974621,0.49335742,0.7053099,0.70239407,0.4993071,0.4939862,0.9932932,0.88204986,0.46398422,-6,16
0.0250087,0.0043136515,0.47176564,0.46529493,0.686852,0.68212533,0.47239107,0.46531352,0.9377046,0.85490906,0.45479134,-6,16
-0.005361883,-0.0008083284,0.5027161,0.4823554,0.7090248,0.6945181,0.5027449,0.48235607,0.985101,0.8775039,0.4637758,-6,16
-0.05925425,-0.036057834,0.49250305,0.46690124,0.7017856,0.68330175,0.4960141,0.46820143,0.9642155,0.8670503,0.46091133,-4,16
0.0062312484,0.015070655,0.49168846,0.49304312,0.701205,0.7021703,0.4917273,0.49327025,0.9849975,0.8845884,0.45000094,-4,16
0.052961957,0.00702936,0.5126533,0.5184014,0.7159981,0.720001,0.5154582,0.5184508,1.0339091,0.90134084,0.4706312,-4,16
0.07339934,0.06353074,0.4697622,0.5333482,0.685392,0.7303069,0.47514966,0.53738433,1.0125339,0.88989687,0.46969935,-4,16
-0.015679788,-0.044045698,0.47346276,0.4991614,0.68808633,0.7065135,0.47370863,0.50110143,0.97481,0.8743794,0.45855284,-4,16
0.01657383,0.0031886538,0.5005576,0.52196896,0.70750093,0.7224742,0.5008323,0.5219792,1.0228114,0.8901397,0.48006532,-4,16
0.0074526165,0.066084415,0.49656472,0.4764017,0.70467347,0.69021857,0.49662024,0.48076886,0.9773891,0.87404704,0.46198583,-4,16
0.025835106,0.021395387,0.5055985,0.49682054,0.7110545,0.70485497,0.50626594,0.49727827,1.0035442,0.8910839,0.4577266,-4,16
-0.011225084,0.025154714,0.5171337,0.5237422,0.7191201,0.72370034,0.5172597,0.52437496,1.0416348,0.9056698,0.4705283,-4,16
0.02956828,0.07664108,0.49750203,0.48084885,0.70533824,0.6934326,0.4983763,0.48672268,0.98509896,0.88149,0.45615163,-2,16
-0.038460508,-0.005640465,0.53199375,0.48976225,0.729379,0.6998302,0.533473,0.4897941,1.023267,0.90090865,0.46003327,-2,16
0.07802819,0.0041280296,0.5017484,0.50388193,0.708342,0.70984644,0.50783676,0.503899,1.0117358,0.8957643,0.4575392,-2,16
0.01294402,-0.0057375617,0.5685127,0.46263802,0.7539978,0.680175,0.5686803,0.46267092,1.0313511,0.8991512,0.47209987,-2,16
0.07428794,0.0073266122,0.47872204,0.5199994,0.6918974,0.7211098,0.48424077,0.5200531,1.0042938,0.8912902,0.45814368,-2,16
0.043345667,0.009552155,0.47089148,0.50925654,0.68621534,0.71362215,0.47277027,0.5093478,0.9821181,0.87750506,0.46054637,-2,16
0.06996866,0.00940779,0.46103227,0.50136286,0.6789936,0.7080698,0.4659279,0.5014514,0.9673792,0.87570435,0.4477958,-2,16
0.02612684,-0.0532549,0.48747146,0.4957483,0.6981916,0.704094,0.48815405,0.49858442,0.9867385,0.8876817,0.44582465,-2,16
-0.026379641,-0.009457286,0.4911196,0.45148662,0.7007992,0.6719275,0.4918155,0.45157605,0.9433915,0.87005234,0.43174124,0,16
-0.038710084,-0.012268622,0.52716285,0.502003,0.7260598,0.7085217,0.52866125,0.5021535,1.0308148,0.9054571,0.45930633,0,16
-0.06156026,0.03944651,0.4667943,0.47759527,0.6832235,0.69108266,0.47058395,0.4791513,0.9497353,0.8768623,0.425262,0,16
-0.032745298,-0.016312582,0.4868965,0.48304632,0.6977797,0.6950153,0.48796874,0.48331243,0.9712812,0.8872954,0.42893818,0,16
0.100351825,0.044499733,0.47128192,0.5070014,0.6864998,0.7120403,0.4813524,0.5089816,0.99033403,0.88498795,0.45511568,0,16
0.0057567097,0.0865137,0.5134438,0.50087225,0.71654993,0.70772326,0.5134769,0.5083569,1.0218339,0.9025623,0.45520878,0,16
-0.044068743,0.009837847,0.44254237,0.5248244,0.66523856,0.72444767,0.4444844,0.5249212,0.96940565,0.88855654,0.4241142,2,16
0.11595738,0.060027488,0.4836313,0.5494445,0.69543606,0.7412452,0.49707747,0.5530478,1.0501252,0.9192423,0.45290038,2,16
0.016308531,-0.13163395,0.55814075,0.48779228,0.7470882,0.6984213,0.5584068,0.5051198,1.0635265,0.9447917,0.4133948,2,16
-0.021869618,-0.03330937,0.487204,0.4433634,0.698,0.6658554,0.48768228,0.44447294,0.9321552,0.8644341,0.4300103,2,16
0.013317055,-0.007920558,0.48616338,0.48109496,0.6972542,0.6936101,0.48634073,0.4811577,0.9674984,0.8953028,0.40734676,2,16
0.042505678,-0.08267918,0.5109069,0.48090512,0.7147775,0.6934732,0.5127136,0.48774096,1.0004545,0.9019314,0.43240517,2,16
-0.029318007,0.10340423,0.54262453,0.538024,0.7366305,0.7335012,0.5434841,0.5487164,1.0922005,0.95109653,0.43314657,2,16
0.09343438,-0.093930975,0.50608414,0.46190235,0.7113959,0.679634,0.5148141,0.47072536,0.98553956,0.9023535,0.41388112,4,16
0.10460477,-0.021830332,0.56455874,0.41713983,0.75137126,0.64586365,0.57550085,0.41761637,0.9931173,0.9066183,0.4137155,4,16
-0.10285379,-0.030232556,0.49236545,0.4440688,0.7016876,0.6663849,0.50294435,0.4449828,0.9479271,0.8923708,0.38936046,4,16
-0.021703426,0.09191452,0.46839625,0.50930846,0.6843948,0.7136585,0.4688673,0.51775676,0.986624,0.90574586,0.40773582,4,16
0.10705259,0.0077319182,0.5036613,0.50903213,0.709691,0.71346486,0.5151216,0.50909185,1.0242134,0.92764837,0.40457624,4,16
-0.013839141,-0.06517488,0.45588484,0.4873382,0.6751925,0.6980961,0.45607635,0.49158594,0.94766235,0.8820313,0.4119261,4,16
0.014542472,0.015929844,0.4686253,0.587531,0.68456215,0.7665057,0.46883678,0.58778477,1.0566216,0.929054,0.43986374,4,16
-0.014171157,-0.07647461,0.47881952,0.51010484,0.69196784,0.71421623,0.47902033,0.5159532,0.99497354,0.90985507,0.4088243,4,16
-0.111759745,-0.17886144,0.52889574,0.4951052,0.7272522,0.7036371,0.54138595,0.5270967,1.0684826,0.9406185,0.42862508,6,16
0.06800719,0.056875244,0.57528234,0.47709274,0.7584737,0.690719,0.5799073,0.48032752,1.0602348,0.94159657,0.41669038,8,16
-0.013075903,-0.042798564,0.50163454,0.51697195,0.7082616,0.7190076,0.5018055,0.51880366,1.0206091,0.934955,0.3827117,8,16
-0.002022989,-0.024066754,0.56805027,0.46057072,0.7536911,0.6786536,0.5680543,0.4611499,1.0292042,0.9251313,0.41633675,8,16
0.09525103,0.12773417,0.47425836,0.5332312,0.6886642,0.7302268,0.48333108,0.54954726,1.0328783,0.93828475,0.39051244,8,16
-0.010768607,0.048140794,0.49015108,0.51506394,0.70010793,0.71767956,0.4902671,0.5173814,1.0076485,0.9312444,0.37474313,8,16
0.07835084,0.0026461892,0.3856538,0.5468278,0.6210103,0.73947805,0.39179265,0.5468348,0.9386275,0.8924295,0.37709022,8,16
-0.11558213,-0.17066266,0.43111247,0.5453131,0.65659153,0.7384532,0.44447172,0.5744388,1.0189106,0.93440104,0.3818444,10,16
0.06634825,-0.058760893,0.4714575,0.4644177,0.6866276,0.68148196,0.47585964,0.46787053,0.9437301,0.89440376,0.37917283,10,16
-0.021312878,-0.019524088,0.5235753,0.54689157,0.723585,0.7395212,0.5240296,0.5472728,1.0713024,0.94872797,0.4137846,10,16
-0.01781541,0.05064947,0.4982655,0.474712,0.7058793,0.68899345,0.49858287,0.47727737,0.97586024,0.9179878,0.36490902,10,16
0.0340932,0.012165748,0.5264648,0.5012735,0.72557896,0.70800674,0.5276271,0.5014215,1.0290487,0.9375689,0.3873153,10,16
0.12926725,-0.18700412,0.44556344,0.47692388,0.6675054,0.69059676,0.46227348,0.51189435,0.9741679,0.9117158,0.3780769,10,16
0.0017730389,-0.03637551,0.4009314,0.54295,0.6331914,0.7368514,0.40093458,0.54427314,0.9452077,0.8967847,0.37547946,12,16
0.030892331,0.13330682,0.48285472,0.48920372,0.6948775,0.699431,0.48380905,0.5069744,0.99078345,0.9190911,0.38217124,12,16
0.03410818,0.026852328,0.5031464,0.47997662,0.7093281,0.69280344,0.5043098,0.4806977,0.9850075,0.90653753,0.40397665,12,16
-0.040912893,0.026656168,0.50330335,0.5639161,0.70943874,0.7509435,0.5049772,0.5646266,1.0696038,0.96380556,0.37507677,12,16
-0.059386,0.03431572,0.463637,0.46504772,0.6809089,0.6819441,0.46716368,0.46622527,0.93338895,0.88782364,0.3809963,12,16
-0.13672118,0.09013285,0.52023077,0.42707762,0.72127026,0.65351176,0.5389234,0.43520156,0.97412497,0.8989382,0.4074741,12,16
0.07143593,0.023976352,0.5074407,0.45816913,0.7123487,0.6768819,0.5125438,0.458744,0.9712878,0.900763,0.39989227,12,16
-0.0077686124,0.055894706,0.43341762,0.5621967,0.6583446,0.74979776,0.433478,0.56532085,0.99879885,0.9204305,0.38936684,12,16
-0.044702437,-0.05735547,0.49541965,0.4532935,0.7038605,0.67327076,0.49741793,0.45658314,0.95400107,0.9002788,0.37881297,12,16
0.052079856,-0.04205957,0.5208446,0.55704015,0.7216956,0.74635124,0.52355695,0.5588091,1.082366,0.95871913,0.40400934,12,16
-0.088872194,-0.06885684,0.45029795,0.5254198,0.67104244,0.72485846,0.45819622,0.530161,0.9883573,0.92162865,0.37277052,12,16
-0.01569961,0.08340268,0.5183513,0.38866705,0.7199662,0.6234317,0.5185978,0.39562303,0.9142208,0.8861177,0.3591884,12,16
-0.077180274,-0.040808246,0.5292796,0.45416835,0.72751606,0.67392015,0.53523636,0.45583367,0.99107003,0.91178334,0.39965135,14,16
-0.038174108,0.013376886,0.59299785,0.3959127,0.7700635,0.62921596,0.5944551,0.39609167,0.9905467,0.91804206,0.3843767,14,16
0.03605427,-0.017010478,0.44256404,0.47718817,0.6652549,0.6907881,0.443864,0.47747755,0.92134154,0.8841069,0.37375987,14,16
0.09763254,-0.09808189,0.5027989,0.5189564,0.70908314,0.7203863,0.51233107,0.5285765,1.0409076,0.94454086,0.3856814,14,16
0.1016046,-0.09136413,0.4931431,0.4900278,0.7022415,0.70001984,0.5034666,0.49837518,1.0018418,0.9196268,0.39513087,14,16
-0.021101855,-0.02295707,0.60197854,0.41502792,0.77587277,0.6442266,0.6024238,0.41555494,1.0179788,0.9232615,0.4068992,14,16
-0.16083254,-0.023325825,0.49379233,0.47500512,0.7027036,0.6892061,0.5196594,0.47554922,0.9952087,0.92651224,0.36984292,14,16
0.04278054,0.08159494,0.52901447,0.55785954,0.7273338,0.74689996,0.53084457,0.5645173,1.095362,0.9541563,0.43005547,14,16
0.068732426,-0.010898162,0.45854872,0.5270926,0.67716223,0.7260114,0.46327287,0.5272113,0.99048424,0.92673326,0.3628356,14,16
0.0641121,-0.07813919,0.50597966,0.4260959,0.7113225,0.6527602,0.51009,0.43220162,0.9422916,0.88927513,0.38920617,14,16
0.031408615,0.05141899,0.49515164,0.52970725,0.70367014,0.7278099,0.49613816,0.53235114,1.0284894,0.94344294,0.3720278,14,16
0.025047619,0.083817326,0.5510917,0.57104456,0.74235547,0.7556749,0.55171907,0.5780699,1.129789,0.978263,0.4156806,14,16
-0.07023409,0.106260344,0.53192246,0.43745372,0.7293301,0.6614028,0.5368552,0.44874495,0.98560023,0.91881204,0.37601164,14,16
0.032283463,0.036343,0.48277393,0.5085482,0.69481933,0.71312565,0.48381615,0.50986904,0.9936852,0.9173303,0.39011574,16,16
0.079126135,0.046011917,0.48971158,0.49450168,0.69979393,0.70320815,0.49597254,0.49661878,0.99259126,0.9232249,0.3744956,16,16
0.0007831231,-0.07722041,0.49767673,0.5031171,0.7054621,0.7093075,0.49767733,0.50908005,1.0067574,0.9117089,0.41898006,16,16
-0.05002869,-0.08918734,0.4974015,0.47774774,0.70526695,0.691193,0.4999044,0.4857021,0.98560643,0.91114604,0.39423266,16,16
0.008375216,0.08127884,0.46846074,0.5578212,0.6844419,0.7468743,0.4685309,0.5644275,1.0329583,0.93484825,0.3987695,18,16
-0.0667634,0.013814717,0.50756764,0.5661002,0.7124378,0.7523963,0.512025,0.56629103,1.078316,0.9639728,0.3860989,18,16
-0.062816806,-0.0042272685,0.53627515,0.3502106,0.7323081,0.59178597,0.5402211,0.35022852,0.89044964,0.8505348,0.4087055,18,16
-0.00061244145,0.037923027,0.41028953,0.5499643,0.64053845,0.7415958,0.41028988,0.55140245,0.96169233,0.9040929,0.3798793,18,16
0.11652003,0.07408741,0.52779335,0.4645788,0.7264939,0.68160015,0.5413703,0.47006774,1.011438,0.9179219,0.41092274,18,16
0.042236917,0.11921138,0.50634515,0.45442182,0.7115793,0.67410815,0.5081291,0.46863317,0.9767623,0.90603095,0.39480403,18,16
-0.13509981,0.08301806,0.44363064,0.5629067,0.66605604,0.7502711,0.4618826,0.5697987,1.0316813,0.9438946,0.37515888,20,16
0.0028392235,-0.037213065,0.5079168,0.45755243,0.71268284,0.67642623,0.5079249,0.45893723,0.9668621,0.8955855,0.40594184,20,16
0.038820736,0.039322216,0.50750697,0.51986945,0.71239525,0.72101974,0.509014,0.5214157,1.0304297,0.9368962,0.39071116,20,16
0.1303635,-0.02806707,0.5319052,0.44774657,0.7293183,0.66913867,0.5488998,0.44853434,0.9974342,0.93276703,0.35690314,20,16
-0.09206398,0.0046794526,0.4344687,0.46730128,0.6591424,0.6835944,0.44294444,0.4673232,0.9102676,0.8744717,0.38153222,20,16
-0.03341892,-0.09926464,0.4845922,0.4201336,0.6961266,0.64817715,0.48570907,0.42998707,0.91569614,0.8805796,0.374534,20,16
0.05660321,-0.13877586,0.45204258,0.4931466,0.6723411,0.702244,0.4552465,0.5124054,0.9676519,0.8994281,0.39834777,20,16
-0.04268612,-0.05759532,0.51341176,0.4796087,0.7165276,0.6925379,0.5152339,0.48292595,0.9981598,0.91825587,0.3936573,20,16
-0.12645642,-0.009570645,0.47820735,0.48650512,0.6915254,0.6974992,0.49419862,0.4865967,0.9807954,0.89889276,0.41567683,20,16
0.0049842233,0.06175221,0.4095376,0.49814105,0.6399512,0.70579106,0.4095624,0.5019544,0.9115168,0.8805672,0.36894214,22,16
0.080574945,0.02886264,0.48859012,0.5523293,0.6989922,0.7431886,0.49508244,0.55316234,1.0482447,0.9418795,0.40138233,22,16
0.08345596,0.09031352,0.5173068,0.41711196,0.7192404,0.6458421,0.5242717,0.42526847,0.9495402,0.90294075,0.36638528,22,16
0.016705073,0.019020814,0.57940054,0.40676063,0.7611836,0.63777786,0.5796796,0.40712243,0.98680204,0.91787267,0.37988386,22,16
-0.11879419,0.027792446,0.50449365,0.54830456,0.71027714,0.7404759,0.5186057,0.5490769,1.0676827,0.9542268,0.39640117,22,16
0.09531403,-0.04367371,0.43774053,0.4860325,0.6616196,0.6971603,0.4468253,0.4879399,0.9347652,0.8883823,0.38149965,22,16
-0.00882746,0.057240468,0.50108147,0.49986398,0.7078711,0.70701057,0.50115937,0.50314045,1.0042999,0.916124,0.4062225,22,16
-0.10210706,0.039628148,0.49151886,0.53377384,0.7010841,0.7305983,0.50194466,0.5353442,1.0372889,0.9303769,0.41435224,22,16
-0.05110342,-0.14559375,0.448838,0.50781465,0.6699537,0.71261114,0.45144957,0.5290122,0.9804617,0.91353214,0.38199574,22,16
-0.098527074,0.038299423,0.55665106,0.47703975,0.74609053,0.6906806,0.5663586,0.4785066,1.0448651,0.9428698,0.39479345,22,16
-0.15226904,0.040768713,0.54101515,0.5252011,0.7355373,0.7247076,0.564201,0.5268632,1.0910642,0.9605751,0.4103166,24,16
0.040007796,-0.02833027,0.5258659,0.42951843,0.72516614,0.65537655,0.52746654,0.43032104,0.9577876,0.88900113,0.40922448,24,16
-0.05792188,0.0028717155,0.57378626,0.4321692,0.7574868,0.6573958,0.57714117,0.43217742,1.0093186,0.92970973,0.380734,24,16
0.0010306882,0.011934357,0.55671173,0.5078951,0.7461312,0.7126676,0.55671287,0.50803757,1.0647503,0.95348155,0.39449126,24,16
0.15771994,0.037025467,0.49665046,0.49272636,0.7047343,0.7019447,0.52152604,0.4940972,1.0156233,0.925656,0.39847744,24,16
-0.049384013,0.05662609,0.47743917,0.548916,0.6909697,0.74088866,0.47987792,0.5521225,1.0320004,0.93048084,0.40768367,24,16
-0.07442464,-0.11458357,0.56130105,0.4530021,0.7492003,0.6730543,0.5668402,0.46613145,1.0329716,0.93281865,0.40351072,26,16
-0.16024852,0.032323476,0.43339175,0.50291353,0.65832496,0.70916396,0.45907134,0.50395834,0.9630297,0.90200937,0.3865342,26,16
0.038215812,-0.043609012,0.5431228,0.37658444,0.7369687,0.61366475,0.5445833,0.37848616,0.9230695,0.8772706,0.39174712,26,16
0.09987754,-0.032036882,0.4644597,0.6160672,0.6815128,0.7848995,0.4744352,0.6170935,1.0915287,0.96655506,0.3966109,26,16
0.04703587,0.0044828355,0.44359595,0.56743234,0.66603,0.75328106,0.4458083,0.5674525,1.0132608,0.93669736,0.36859027,26,16
-0.019560654,-0.106154665,0.512552,0.49442104,0.71592736,0.7031508,0.5129346,0.50568986,1.0186245,0.9238627,0.40632775,26,16
-0.023308985,-0.0054084137,0.5121236,0.5208379,0.7156281,0.721691,0.51266694,0.5208671,1.033534,0.9492955,0.36382955,28,16
0.05732222,-0.009177553,0.4969409,0.48861402,0.7049404,0.6990093,0.50022674,0.48869824,0.988925,0.91926515,0.37931076,28,16
-0.06626469,-0.13711627,0.5624529,0.48924252,0.7499686,0.6994587,0.566844,0.5080434,1.0748873,0.9508712,0.41319647,28,16
-0.10077496,-0.090885,0.47298205,0.49770465,0.6877369,0.7054819,0.48313767,0.50596476,0.9891025,0.92158043,0.37388757,28,16
0.09834148,0.017529584,0.57322335,0.4579153,0.7571151,0.6766944,0.5828944,0.45822257,1.041117,0.93278825,0.41354933,30,16
0.003950564,0.0013304837,0.454185,0.568423,0.6739325,0.7539383,0.45420057,0.5684247,1.0226253,0.93484044,0.3856147,30,16
-0.0011686599,0.11775921,0.48089826,0.57068247,0.6934683,0.7554353,0.4808996,0.58454967,1.0654492,0.9674792,0.35976836,30,16
-0.057285473,0.007377904,0.4622767,0.42999732,0.67990935,0.6557418,0.4655583,0.43005174,0.8956101,0.8726302,0.36623302,30,16
0.015218036,0.13130742,0.48112726,0.50912213,0.6936334,0.713528,0.48135886,0.5263638,1.0077226,0.9180584,0.40606824,30,16
0.03716908,-0.056231603,0.5133967,0.4424425,0.71651703,0.6651635,0.5147782,0.4456045,0.9603827,0.90644073,0.3724889,30,16
0.023641132,0.002753473,0.5058123,0.50109446,0.7112048,0.70788026,0.50637126,0.5011021,1.0074732,0.8880812,0.4677447,-20,16
-0.026003435,-0.0134141175,0.5118989,0.4773723,0.7154711,0.6909213,0.51257503,0.47755224,0.99012727,0.88289,0.45894718,-20,16
0.010888906,0.029145896,0.49571794,0.47527015,0.7040724,0.6893984,0.4958365,0.47611964,0.9719561,0.87775546,0.44888914,-20,16
-0.0010387804,-0.036365107,0.51191515,0.49309665,0.7154825,0.7022084,0.51191616,0.49441907,1.0063353,0.8850532,0.47224584,-20,16
-0.010239061,0.036120072,0.4953402,0.477928,0.7038041,0.6913234,0.495445,0.47923267,0.97467774,0.87527597,0.45669425,-20,16
0.029973838,-0.049563535,0.5228219,0.4912954,0.72306424,0.7009247,0.5237204,0.49375194,1.0174723,0.89590335,0.46349692,-20,16
0.028093467,-0.0019923765,0.4983262,0.46532795,0.70592225,0.6821495,0.49911544,0.4653319,0.9644474,0.87569386,0.44453079,-20,16
-0.0039642043,-0.0019066508,0.48773545,0.4975198,0.6983806,0.7053508,0.4877512,0.49752346,0.9852747,0.88156223,0.4562047,-18,17
-0.023199566,-0.0035685785,0.545387,0.4691927,0.7385032,0.68497646,0.54592526,0.46920547,1.0151308,0.8883736,0.47531366,-18,17
0.036873728,0.0034819888,0.4811119,0.47708565,0.6936223,0.6907139,0.4824716,0.47709775,0.95956933,0.8726613,0.44500753,-18,17
0.015915362,0.007678748,0.5138616,0.45222554,0.7168414,0.6724772,0.5141149,0.45228446,0.9663994,0.8749117,0.44825086,-18,17
-0.014619114,-0.043233104,0.48211893,0.51262736,0.69434786,0.71598,0.48233265,0.51449645,0.99682903,0.88915616,0.45412597,-18,17
-0.010431931,0.009363457,0.49131477,0.47940361,0.70093846,0.6923898,0.4914236,0.47949132,0.97091496,0.8748569,0.45336565,-18,17
0.022058371,0.027822044,0.47734103,0.5123967,0.6908987,0.7158189,0.4778276,0.5131707,0.9909984,0.8813709,0.46279988,-16,17
0.009374882,0.039540134,0.485094,0.49176085,0.6964869,0.70125663,0.48518187,0.49332428,0.9785062,0.8777323,0.45617127,-16,17
0.056204196,0.060779236,0.5397048,0.473458,0.734646,0.6880828,0.5428637,0.4771521,1.0200158,0.8956758,0.46666986,-16,17
0.0034541693,-0.029022634,0.53022027,0.50323546,0.7281622,0.7093909,0.5302322,0.50407773,1.0343099,0.9002105,0.47321334,-16,17
-0.021784209,-0.0068009757,0.5019475,0.5014167,0.70848256,0.7081078,0.50242203,0.50146294,1.003885,0.8941252,0.45213383,-16,17
0.013853477,0.011952485,0.48743537,0.49654445,0.6981657,0.7046591,0.48762727,0.49668732,0.98431456,0.87849647,0.46104068,-16,17
-0.017270064,0.02688222,0.4766789,0.50265926,0.6904194,0.7089847,0.4769772,0.5033819,0.9803591,0.8778846,0.4579058,-16,17
-0.023799203,-0.061991878,0.482183,0.48107752,0.694394,0.6935975,0.4827494,0.4849205,0.96766996,0.87511647,0.44926736,-16,17
0.025895335,-0.03491704,0.49776593,0.49719167,0.7055253,0.7051182,0.49843648,0.49841088,0.99684733,0.8832552,0.46551868,-16,17
-0.01506144,-0.0052454947,0.48473427,0.46395355,0.6962286,0.6811414,0.48496115,0.46398106,0.9489422,0.8677883,0.44258973,-16,17
0.069936305,-0.018652791,0.48216292,0.5045013,0.6943795,0.71028256,0.48705402,0.5048492,0.9919032,0.8850086,0.45679653,-14,17
-0.014268164,0.0064569833,0.47769815,0.51093566,0.6911571,0.7147976,0.47790176,0.5109774,0.9888791,0.874696,0.4730603,-14,17
-0.030422576,0.047210522,0.5191349,0.51269627,0.7205101,0.7160281,0.5200604,0.5149251,1.0349855,0.9000789,0.4741766,-14,17
-0.057554014,0.04426532,0.49837962,0.50618786,0.7059601,0.7114688,0.50169206,0.50814724,1.0098393,0.89392805,0.45905557,-14,17
-0.011599099,0.024472546,0.51102376,0.5465977,0.71485925,0.7393225,0.5111583,0.5471966,1.0583549,0.9139955,0.47219402,-14,17
-0.015857194,-0.029296827,0.5026934,0.51604736,0.70900875,0.71836436,0.5029448,0.51690567,1.0198505,0.8874305,0.48199335,-14,17
0.011408711,-0.009554531,0.5231053,0.47422504,0.7232602,0.68864,0.5232355,0.47431633,0.9975518,0.88635427,0.4603563,-14,17
-0.032070223,-0.0064086476,0.504604,0.50831443,0.7103548,0.71296173,0.50563246,0.5083555,1.013988,0.88715994,0.47637713,-14,17
0.020903533,-0.0428226,0.52669245,0.50061536,0.7257358,0.70754176,0.5271294,0.50244915,1.0295786,0.89754283,0.47328144,-12,17
0.035275847,0.065296724,0.49684334,0.50421834,0.7048712,0.7100833,0.4980877,0.50848204,1.0065697,0.8854908,0.4716735,-12,17
-0.035907507,-0.06710581,0.48719132,0.4885261,0.6979909,0.6989464,0.48848063,0.49302933,0.98151,0.8816941,0.45180258,-12,17
-0.019204512,0.06467079,0.47667223,0.5077404,0.69041455,0.71255904,0.477041,0.51192266,0.9889636,0.8871614,0.44934222,-12,17
-0.089395255,0.08055208,0.50213134,0.4522962,0.70861226,0.6725297,0.5101229,0.45878482,0.9689077,0.86039025,0.4781593,-12,17
-0.060837716,-0.0074607413,0.5141065,0.48331368,0.7170122,0.69520766,0.5178077,0.4833693,1.0011771,0.882581,0.47141048,-12,17
0.041025616,0.010888329,0.4763979,0.4990098,0.6902158,0.70640624,0.478081,0.49912834,0.9772093,0.87441295,0.46109784,-12,17
-0.041150328,-0.00032028556,0.534374,0.43647626,0.7310089,0.6606635,0.5360673,0.43647638,0.97254366,0.87393963,0.456917,-12,17
0.075840965,0.046485417,0.5265187,0.4868594,0.7256161,0.69775313,0.53227055,0.48902035,1.0212909,0.90076864,0.45815575,-12,17
0.039463893,0.07249674,0.4918588,0.49907824,0.7013265,0.7064547,0.49341622,0.50433403,0.9977503,0.88515234,0.4628775,-10,17
0.109566614,-0.03786551,0.5046028,0.5064434,0.710354,0.71164834,0.5166076,0.5078772,1.0244848,0.8909626,0.48028162,-10,17
-0.046486698,0.0050448976,0.5008855,0.49767852,0.7077326,0.70546335,0.5030465,0.49770397,1.0007504,0.8898244,0.45712462,-10,17
0.044242136,-0.036314506,0.5452442,0.49875072,0.73840654,0.70622283,0.5472015,0.5000695,1.047271,0.90399635,0.47964734,-10,17
-0.11738753,0.015803123,0.48266137,0.47660723,0.6947383,0.69036746,0.49644122,0.47685698,0.9732982,0.87482554,0.4560466,-10,17
0.1691072,-0.11066097,0.4730941,0.4847617,0.68781835,0.6962483,0.50169134,0.49700752,0.99869895,0.88317233,0.46765962,-8,17
0.069441915,0.15656921,0.48871344,0.5183456,0.6990804,0.71996224,0.49353564,0.5428595,1.0363951,0.8967399,0.481926,-8,17
-0.10016443,0.11037068,0.4823115,0.51931167,0.6944865,0.72063285,0.4923444,0.5314933,1.0238378,0.8975329,0.46719638,-8,17
0.11058667,-0.05184249,0.5173509,0.46938807,0.7192711,0.68511903,0.5295803,0.4720757,1.001656,0.88344127,0.47030583,-8,17
0.12423989,-0.09432651,0.4936363,0.4705839,0.70259255,0.68599117,0.5090718,0.47948137,0.9885533,0.8829199,0.45717135,-8,17
-0.101285174,0.15135816,0.5422124,0.4925928,0.7363508,0.7018496,0.55247104,0.5155021,1.0679731,0.91415787,0.4819632,-8,17
-0.2953011,0.053605597,0.5271375,0.4782248,0.7260424,0.69153804,0.6143403,0.48109835,1.0954387,0.9257668,0.4882564,-6,17
-0.13619502,-0.19451371,0.4808928,0.4641043,0.69346434,0.681252,0.4994419,0.5019399,1.0013819,0.88256913,0.47164974,-6,17
0.12356438,0.23307173,0.5083578,0.47921124,0.7129922,0.69225085,0.52362597,0.5335337,1.0571597,0.9125517,0.47371835,-6,17
-0.3145513,0.01692119,0.50973666,0.50003755,0.71395844,0.70713335,0.6086792,0.5003239,1.1090031,0.9360995,0.48241147,-6,17
0.04828089,0.24209625,0.48522514,0.51791656,0.69658107,0.7196642,0.4875562,0.57652724,1.0640833,0.913254,0.47963578,-6,17
-0.0913352,0.23244005,0.4947436,0.50048834,0.7033801,0.707452,0.50308573,0.5545168,1.0576024,0.91107035,0.4770255,-6,17
-0.022118371,0.20082493,0.47714454,0.53802395,0.6907565,0.73350114,0.4776337,0.5783546,1.0559883,0.90773404,0.48167136,-6,17
-0.38795978,-0.057248987,0.5263665,0.48213363,0.7255112,0.6943584,0.6768793,0.48541105,1.1622903,0.9626364,0.48540857,-4,17
-0.39417493,0.084301904,0.533256,0.4612621,0.7302438,0.6791628,0.68862987,0.46836892,1.1569989,0.956669,0.49171466,-4,17
-0.18418771,-0.3497364,0.5064751,0.52275014,0.71167064,0.7230146,0.5404002,0.64506567,1.1854658,0.9580312,0.51734143,-4,17
-0.15109263,-0.39128906,0.47639763,0.5133923,0.69021565,0.716514,0.49922663,0.6664995,1.1657261,0.9609909,0.49216112,-4,17
0.020939011,-0.3908289,0.5136709,0.48729262,0.7167084,0.6980635,0.5141094,0.6400398,1.1541493,0.9531967,0.49554548,-4,17
-0.0064918036,-0.58881253,0.48466223,0.5143092,0.6961769,0.71715355,0.48470435,0.86100936,1.3457139,1.0280637,0.5374002,-2,17
-0.31307304,-0.47311407,0.5153806,0.46218497,0.71790016,0.6798419,0.6133954,0.6860219,1.2994173,1.0217522,0.50541055,-2,17
-0.5908642,-0.13770306,0.49172485,0.50862753,0.70123094,0.71318126,0.84084535,0.5275897,1.368435,1.0437062,0.5283111,-2,17
-0.04833651,-0.62407535,0.48620853,0.5261216,0.69728655,0.7253424,0.48854494,0.9155916,1.4041365,1.0580153,0.53361046,-2,17
-0.1819008,0.63604105,0.48417225,0.5150337,0.69582486,0.7176585,0.51726013,0.919582,1.4368421,1.0735857,0.5331562,-2,17
-0.58732164,0.036509562,0.48529083,0.5135261,0.69662815,0.71660733,0.8302375,0.5148591,1.3450966,1.0341036,0.52509654,-2,17
-0.34032518,0.43819374,0.45900494,0.49908355,0.67749906,0.70645845,0.5748261,0.69109726,1.2659235,0.99545145,0.5244043,-2,17
0.55381024,0.3749703,0.5097695,0.4938032,0.71398145,0.70271134,0.81647533,0.634406,1.4508812,1.0768185,0.5397621,-2,17
-0.4596002,0.4890331,0.51688415,0.45685536,0.7189466,0.6759108,0.7281166,0.6960087,1.4241253,1.059999,0.54820395,-2,17
-0.33540374,0.5123495,0.48888588,0.51960206,0.6992037,0.72083426,0.60138154,0.7821041,1.3834857,1.0488019,0.53244734,-2,17
0.6491083,0.107400164,0.4974554,0.5022078,0.70530516,0.7086662,0.91879696,0.5137426,1.4325396,1.0630267,0.55001247,-2,17
-0.61684513,0.16489415,0.49139977,0.49466735,0.70099914,0.7033259,0.87189764,0.5218574,1.393755,1.0510428,0.5376468,-2,17
0.9637872,-0.26034746,0.48254347,0.51131177,0.6946535,0.71506065,1.4114292,0.57909256,1.9905218,1.2873483,0.57728344,0,17
-0.8418472,-0.5272893,0.49517387,0.520653,0.70368594,0.7215629,1.2038805,0.798687,2.0025675,1.2855941,0.59145176,0,17
0.9500863,-0.16261572,0.5102669,0.4967105,0.71432966,0.70477694,1.4129308,0.5231544,1.9360852,1.261688,0.58671,0,17
0.7104095,0.68067324,0.5322241,0.51186717,0.7295369,0.7154489,1.0369058,0.9751832,2.012089,1.2747445,0.6221858,0,17
-0.91818213,-0.30428773,0.5194081,0.5065323,0.7206997,0.7117108,1.3624666,0.5991233,1.9615899,1.2701076,0.5902683,0,17
-0.97186863,0.25459012,0.48274305,0.488737,0.69479716,0.6990973,1.4272717,0.5535531,1.9808248,1.2734764,0.5992352,0,17
-1.238987,1.1044393,0.5199402,0.5079875,0.7210688,0.71273243,2.0550287,1.7277735,3.7828023,1.8207083,0.6839765,2,17
0.95346004,1.2641287,0.47407928,0.44696563,0.68853414,0.6685549,1.3831654,2.044987,3.428152,1.7393994,0.6345408,2,17
0.4329474,1.4762115,0.5054141,0.5072442,0.71092486,0.7122108,0.6928576,2.686445,3.3793025,1.7125747,0.66812456,2,17
-1.4801948,0.043773156,0.45295978,0.46516678,0.67302287,0.68203133,2.6439366,0.46708286,3.1110194,1.652239,0.6173537,2,17
1.0144265,1.0226399,0.4710622,0.43817037,0.68633974,0.6619444,1.5001233,1.4839628,2.984086,1.6121048,0.6206481,2,17
-1.0193536,-1.2132144,0.51315916,0.50538206,0.7163513,0.7109023,1.5522411,1.9772711,3.5295122,1.7640947,0.6461285,2,17
-1.522457,0.011929736,0.47892207,0.47816336,0.69204193,0.6914936,2.7967973,0.4783057,3.275103,1.6868134,0.6555636,2,17
-1.4625762,-0.2250865,0.500963,0.50435793,0.7077874,0.7101816,2.640092,0.5550218,3.1951137,1.667537,0.6437657,2,17
1.4982536,-0.62080914,0.50522435,0.45580006,0.71079135,0.67512965,2.749988,0.84120405,3.5911922,1.7731225,0.66875166,2,17
-1.4865661,-0.5650505,0.4945985,0.5103338,0.703277,0.7143765,2.704477,0.8296158,3.534093,1.7657421,0.64517254,2,17
0.0033078715,-2.3463182,0.50166905,0.47149432,0.708286,0.68665445,0.50167996,5.976703,6.478383,2.4544158,0.67396367,4,17
2.5192852,0.4613302,0.5028533,0.4936667,0.70912147,0.7026142,6.849652,0.7064922,7.5561438,2.659027,0.69693553,4,17
1.7333362,-1.4964027,0.4918629,0.4162821,0.70132935,0.64519924,3.4963176,2.6555035,6.151821,2.3936973,0.64964193,4,17
-1.5568693,1.833783,0.45257878,0.44610196,0.67273974,0.66790867,2.8764205,3.8088622,6.6852827,2.5054297,0.63883024,4,17
-1.5053488,1.3631654,0.33742994,0.38922167,0.5808872,0.62387633,2.6035047,2.2474418,4.8509464,2.133449,0.5471207,4,17
-1.6842073,-1.5346383,0.4256229,0.4511366,0.6523978,0.67166704,3.2621772,2.8062515,6.068428,2.382481,0.6262685,4,17
0.2102464,2.5526285,0.5009408,0.51949567,0.7077717,0.72076046,0.5451443,7.035408,7.580552,2.664066,0.69520116,4,17
-2.4196699,-0.22305982,0.45917684,0.47471026,0.6776259,0.6889922,6.313979,0.5244659,6.8384447,2.52979,0.6622742,4,17
-1.5765095,3.2354307,0.47141147,0.4620542,0.6865941,0.6797457,2.9567938,10.930065,13.88686,3.6643043,0.6780375,6,17
0.27572095,2.917944,0.36903182,0.2872431,0.6074799,0.53595066,0.4450539,8.80164,9.246694,2.993906,0.53218406,6,17
0.9815281,3.2520592,0.4444464,0.37558138,0.6666681,0.612847,1.4078441,10.95147,12.359314,3.4618773,0.612145,6,17
3.6305742,0.55999696,0.40797463,0.4420365,0.6387289,0.6648583,13.589044,0.7556331,14.344677,3.7345686,0.63061446,6,17
-3.2327132,-0.71351635,0.32023138,0.38442084,0.5658899,0.6200168,10.770666,0.89352655,11.664192,3.3695126,0.5572951,6,17
-3.582354,0.25883988,0.43784162,0.42220142,0.661696,0.64977026,13.271103,0.4891995,13.760302,3.65105,0.6558476,6,17
-1.2692194,3.6399293,0.50422204,0.4435277,0.7100859,0.6659787,2.11514,13.692614,15.807754,3.9202313,0.6629792,6,17
1.8593214,-3.2615778,0.4960551,0.46838796,0.7043118,0.68438876,3.9531312,11.106277,15.059408,3.8195448,0.6859208,6,17
-3.4293585,-2.11312,0.530421,0.4404658,0.7283001,0.66367596,12.290919,4.9057426,17.196661,4.0883384,0.694371,6,17
-0.3082404,-3.7352223,0.44478762,0.5007059,0.666924,0.7076058,0.5397998,14.452591,14.992392,3.8086517,0.6975413,6,17
3.9408696,0.09920268,0.51628256,0.48506778,0.71852803,0.69646806,16.046738,0.49490893,16.541645,4.0037866,0.7150782,6,17
2.7225761,0.17378357,0.26230264,0.38602984,0.5121549,0.621313,7.6747236,0.41623053,8.090955,2.7991478,0.5056934,6,17
1.6291082,-5.4109173,0.45018896,0.54265547,0.6709612,0.73665154,3.1041822,29.820679,32.924862,5.689661,0.74338627,8,17
3.3604057,4.641305,0.44686842,0.51082724,0.6684822,0.7147218,11.739196,22.052536,33.79173,5.7684546,0.7187969,8,17
2.8730292,3.2972863,0.40004283,0.27147138,0.6324894,0.5210292,8.65434,11.143568,19.797909,4.416509,0.54069716,8,17
-0.74471575,4.723336,0.35014966,0.38278955,0.59173447,0.6186999,0.9047513,22.692696,23.597446,4.8203936,0.60104185,8,17
2.2672198,-4.922142,0.41413394,0.4514344,0.6435324,0.6718887,5.5544195,24.678917,30.233337,5.458572,0.66130763,8,17
-5.8839755,0.4680901,0.52460146,0.42971104,0.72429377,0.6555235,35.145767,0.6488193,35.794586,5.93948,0.7191456,8,17
-7.3750534,2.7750049,0.36974818,0.40103373,0.60806924,0.63327223,54.761154,8.101686,62.862843,7.9016867,0.65283823,10,17
6.1365137,4.941197,0.34147775,0.35168618,0.58436096,0.59303135,37.998276,24.767113,62.76539,7.9018784,0.5707077,10,17
1.7806706,6.7136536,0.32255983,0.2925443,0.5679435,0.54087365,3.4933476,45.365692,48.85904,6.971532,0.50673854,10,17
-4.614704,-7.555341,0.47029752,0.5213977,0.68578243,0.72207874,21.76579,57.60457,79.37036,8.877111,0.7531584,10,17
-4.7456055,-1.2056583,0.1282873,0.2950523,0.35817218,0.54318714,22.649055,1.7486644,24.39772,4.927719,0.33956313,10,17
5.5229664,1.4513279,0.22875735,0.3190707,0.47828585,0.56486344,30.731915,2.4254236,33.15734,5.739852,0.4598229,10,17
5.72345,3.7368796,0.23507532,0.3772162,0.48484567,0.61417925,32.992954,14.341484,47.334435,6.8612113,0.5081491,10,17
4.418972,7.0473385,0.4564765,0.51783955,0.67563045,0.7196107,19.983793,50.182816,70.16661,8.341297,0.767707,10,17
6.6440372,0.2833091,0.25316548,0.34167787,0.5031555,0.5845322,44.396397,0.42194197,44.818336,6.67603,0.49895385,10,17
-5.0709558,5.9185305,0.19663544,0.25649494,0.44343594,0.5064533,25.911228,35.2855,61.196724,7.810234,0.4438082,12,17
4.0631495,1.9951117,0.16742876,0.17971635,0.4091806,0.42392966,16.67661,4.160187,20.8368,4.555637,0.28804836,12,17
-7.0275564,1.6541548,0.15633237,0.24271706,0.3953889,0.49266323,49.54288,2.978945,52.521828,7.2380323,0.36429515,12,17
-3.1188517,-2.2601209,0.06943672,0.22973952,0.2635085,0.4793115,9.796673,5.337886,15.134558,3.8871655,0.15653063,14,17
-3.9175377,-2.7457383,0.21197377,0.10061383,0.4604061,0.31719685,15.559076,7.6396923,23.198769,4.80859,0.27609977,14,17
5.552495,-12.50594,0.16582593,0.53331953,0.4072173,0.7302873,30.996021,156.93187,187.92789,13.69243,0.6672873,14,17
5.2938247,-5.31417,0.07570256,0.2818846,0.275141,0.5309281,28.100283,28.522285,56.622566,7.5171347,0.3394887,14,17
-10.019022,-5.515562,0.4565316,0.19127491,0.6756712,0.4373499,100.83734,30.612698,131.45004,11.447154,0.64243376,14,17
-9.017137,9.81413,0.21816286,0.5298864,0.46707907,0.727933,81.52691,96.847046,178.37396,13.335585,0.73222387,14,17
-11.580951,8.744479,0.2209234,0.19125566,0.47002488,0.43732786,134.33934,76.657166,210.99652,14.518723,0.45079347,14,17
6.2156606,-8.81352,0.24070708,0.10867387,0.4906191,0.3296572,38.87514,77.78682,116.66196,10.793613,0.39983645,14,17
-0.44358647,7.1403303,0.22500128,0.07210042,0.474343,0.26851523,0.42177024,51.05641,51.478184,7.169409,0.27885318,14,17
8.481142,1.1088194,0.31026053,0.19590673,0.55701035,0.4426135,72.240036,1.4253871,73.66542,8.565084,0.55204016,14,17
-1.8273185,-4.9396677,0.1690167,0.17304376,0.41111642,0.4159853,3.5081096,24.57336,28.081472,5.2907887,0.2983807,14,17
-1.8098922,10.284424,0.17064686,0.33011147,0.41309425,0.5745533,3.4463565,106.09949,109.54585,10.451456,0.55937284,16,17
16.725962,-5.373199,0.22879177,0.14707643,0.47832182,0.38350543,279.98657,29.01834,309.00488,17.570707,0.5245097,16,17
7.2117996,12.14897,0.17315987,0.08496399,0.41612482,0.29148585,52.18321,147.68242,199.86563,14.134909,0.26457882,16,17
-13.963733,-2.4860988,0.994805,0.089511245,0.9973991,0.2991843,195.98064,6.2701993,202.25084,14.188598,0.9667151,16,17
13.06801,-8.078342,0.66792053,0.19516739,0.8172641,0.44177753,171.44083,65.45479,236.89561,15.36764,0.85516644,16,17
3.3284152,-4.403243,0.17008659,0.18057622,0.41241556,0.4249426,11.248434,19.569122,30.817558,5.5415425,0.32994267,16,17
5.3166113,-7.083688,0.443905,0.17272532,0.666262,0.41560236,28.710258,50.351357,79.061615,8.868628,0.63958263,16,17
8.563004,15.525405,0.15222658,0.4500295,0.39016226,0.67084235,73.47725,241.48822,314.96545,17.733051,0.71015227,16,17
-1.6500242,7.0206747,0.2926723,0.05465629,0.54099196,0.23378685,3.0152519,49.34453,52.35978,7.228363,0.3324788,16,17
-6.680029,3.909615,0.04624347,0.21101168,0.21504295,0.45936006,44.66903,15.496099,60.16513,7.7557015,0.11925371,18,17
-0.52700424,5.0168204,0.25858697,0.04432936,0.50851446,0.21054539,0.5363204,25.212814,25.749138,5.0688,0.23749219,18,17
10.588208,0.66183025,0.32141036,0.19791055,0.56693065,0.4448714,112.431564,0.6359298,113.06749,10.617634,0.5773597,18,17
-16.513697,4.5471582,0.9738264,0.058442093,0.9868264,0.24174799,273.67603,20.73509,294.41107,17.13,0.98702425,18,17
15.741173,-20.670376,0.49344307,0.8559037,0.70245504,0.92515063,248.27798,428.1203,676.39825,25.983335,1.1245277,18,17
9.656254,9.184389,0.4047537,0.27249599,0.6362026,0.52201146,93.64799,84.6255,178.27348,13.331484,0.73826003,18,17
16.2261,-4.476557,0.06917168,0.06494903,0.2630051,0.25485098,263.35553,20.104507,283.46002,16.83435,0.25438997,18,17
-2.5446506,14.523524,0.18167837,0.2312465,0.42623746,0.48088098,6.6569257,211.164,217.82092,14.750158,0.503734,18,17
3.8930805,-5.8546534,0.24160643,0.014707783,0.49153477,0.12127565,15.397682,34.29167,49.689354,7.044921,0.24173206,20,17
16.487068,2.3154445,0.4389542,0.13360715,0.6625362,0.36552313,272.26236,5.49489,277.75726,16.652859,0.66295826,20,17
-9.815735,-23.397924,0.06606731,0.09960619,0.2570356,0.31560448,96.41473,547.5625,643.97723,25.37421,0.35591558,20,17
17.250332,-6.093012,0.92106915,0.081979066,0.9597235,0.28631988,298.495,37.20678,335.70178,18.295479,0.98856014,20,17
-15.4249935,2.188908,0.21287645,0.113153785,0.46138537,0.3363834,238.14331,4.904472,243.04779,15.582797,0.47353438,20,17
7.9500494,-9.850474,0.30028418,0.014635402,0.5479819,0.120976865,63.50357,97.04648,160.55005,12.665085,0.38167122,20,17
-1.7844756,-23.501888,0.05418546,0.1428485,0.23277771,0.37795305,3.2385385,552.4816,555.7202,23.570625,0.38180003,20,17
3.8315606,-11.683211,0.10910115,0.09394983,0.33030462,0.30651236,14.789961,136.59138,151.38135,12.30205,0.20232049,22,17
16.701693,0.5757901,0.41854525,0.13772278,0.6469507,0.3711102,279.36505,0.46925706,279.83435,16.71539,0.6557757,22,17
9.750229,-3.0099406,0.1786646,0.08468326,0.42268735,0.29100388,95.24562,9.144425,104.390045,10.211774,0.3312491,22,17
-10.047934,5.969819,0.29971018,0.26391342,0.54745793,0.51372504,101.26067,35.90265,137.16333,11.694372,0.63636655,22,17
18.800074,3.9951491,0.3166833,0.0738477,0.5627462,0.27174935,353.75946,16.035065,369.7945,19.223227,0.51189893,22,17
9.616007,-7.9787006,0.19968756,0.26098192,0.44686413,0.5108639,92.6673,63.92065,156.58794,12.501303,0.5526128,22,17
8.570111,3.0254483,0.121576816,0.24135807,0.34867868,0.49128208,73.56838,9.394694,82.96307,9.099286,0.40752408,22,17
-16.72224,5.6844645,0.15765673,0.1034486,0.3970601,0.32163426,279.791,32.416584,312.20758,17.664959,0.39599198,24,17
5.311047,-7.3228807,0.21979365,0.22788848,0.46882156,0.47737667,28.427013,53.852463,82.27948,9.056681,0.50598675,24,17
2.498744,5.342907,0.26631278,0.0488768,0.516055,0.22108097,6.510034,28.595531,35.105568,5.9173326,0.30122542,24,17
6.278635,-1.2100927,0.034638796,0.26768237,0.18611501,0.5173803,39.455894,1.7320068,41.1879,6.412462,0.26121426,24,17
-13.944327,-9.993784,0.62448794,0.3608394,0.7902455,0.60069907,195.06876,100.23657,295.3053,17.157448,0.962969,24,17
-14.696773,-9.119077,0.44411463,0.23842658,0.66641927,0.48828945,216.43924,83.39599,299.8352,17.29707,0.8041214,26,17
-3.0547304,12.5639,0.17504683,0.06883628,0.41838598,0.26236668,9.506426,157.92041,167.42683,12.936948,0.24942578,26,17
-12.870674,13.384922,0.60861874,0.6764714,0.7801402,0.82247883,166.26288,179.8326,346.09546,18.569256,1.130568,26,17
14.641218,3.9832466,0.46100503,0.059412736,0.6789735,0.24374728,214.82628,15.925667,230.75194,15.177195,0.63617074,26,17
5.246949,-5.913992,0.026115227,0.31749278,0.16160206,0.563465,27.556591,35.292793,62.849384,7.919485,0.36213988,26,17
-9.691317,-12.530571,0.16227034,0.21259728,0.40282792,0.46108273,94.08387,157.2278,251.31168,15.844565,0.5112885,26,17
10.7378025,-15.768408,0.05862937,0.30752838,0.24213503,0.55455244,115.35904,248.95023,364.30927,19.077728,0.59117687,26,17
19.778996,-2.3988054,0.6752418,0.06423997,0.821731,0.25345606,391.8839,5.818507,397.7024,19.925358,0.82613534,26,17
9.349834,-0.12996185,0.046136625,0.16414905,0.21479438,0.40515313,87.465546,0.18103911,87.646576,9.359595,0.21107168,26,17
-1.26256,23.791832,0.0035599803,0.92687005,0.059665572,0.9627409,1.5976181,566.97815,568.5757,23.82552,0.95932424,26,17
-16.02808,-7.6008434,0.06101357,0.14202231,0.24700925,0.37685847,256.9604,57.914845,314.87524,17.74229,0.29379866,28,17
-9.232436,-6.180463,0.36001238,0.01696105,0.60001034,0.1302346,85.59789,38.21508,123.81297,11.118475,0.4387421,28,17
5.992408,-0.9711884,0.112772614,0.22173017,0.33581635,0.47088233,36.02173,1.1649371,37.186665,6.089898,0.3159282,28,17
10.203442,-15.8389435,0.026500488,0.20035645,0.1627897,0.44761196,104.136734,251.07246,355.2092,18.84134,0.46165857,28,17
8.856128,-0.6651224,0.120158546,0.25189808,0.34663892,0.5018945,78.55115,0.6942859,79.24544,8.8939,0.37943855,28,17
3.4903693,-0.0040617436,0.013947064,0.26274294,0.118097685,0.51258457,12.196625,0.26275945,12.459385,3.5285072,0.09498383,28,17
-13.755943,12.121876,0.25575167,0.16351306,0.50571895,0.40436748,189.48172,147.10336,336.58508,18.33487,0.64624125,28,17
-3.9533648,-8.520054,0.2875604,0.009058539,0.5362466,0.095176354,15.916653,72.60037,88.51703,9.404575,0.26645362,28,17
-7.1713166,-10.102386,0.5788358,0.3060004,0.7608126,0.55317307,52.00662,102.36421,154.37082,12.394348,0.86658156,28,17
5.587942,16.969618,0.0074355463,0.87169814,0.086229615,0.93364775,31.232533,288.83963,320.07214,17.867718,0.9037471,28,17
4.4569883,16.251402,0.17041013,0.20248543,0.4128076,0.4499838,20.035152,264.31055,284.34567,16.854317,0.52690864,28,17
8.411878,6.3427677,0.04845652,0.19448173,0.22012842,0.44100082,70.808136,40.42518,111.233315,10.54557,0.15581399,28,17
-9.61322,-4.6483917,0.331064,0.13019952,0.5753816,0.3608317,92.74506,21.737747,114.48282,10.686483,0.53093874,28,17
-0.23473579,-5.9457684,0.24230947,0.027588377,0.4922494,0.16609749,0.29741037,35.379745,35.67716,5.970873,0.16072483,28,17
-3.5789258,5.754691,0.20673391,0.05253669,0.45468003,0.22920883,13.015444,33.169006,46.184452,6.792741,0.20767592,30,17
-4.999055,8.834903,0.21784283,0.038228985,0.46673638,0.19552234,25.208393,78.093735,103.302124,10.162648,0.15067756,30,17
-1.2725208,4.5292892,0.17550598,0.07208727,0.41893435,0.26849073,1.7948152,20.586548,22.381363,4.7283335,0.1556445,30,17
-1.2042522,9.775785,0.17592978,0.22468989,0.41943985,0.47401464,1.6261535,95.79066,97.41682,9.858587,0.4744202,30,17
13.689713,-6.1680527,0.17770639,0.30833018,0.42155236,0.55527484,187.58592,38.353203,225.93912,15.01911,0.6045286,30,17
0.48870224,4.3113623,0.2576965,0.011317119,0.50763816,0.106381945,0.4965264,18.599157,19.095686,4.36948,0.057673056,30,17
0.02172233,0.028156329,0.5221739,0.51424634,0.722616,0.71710974,0.5226457,0.5150391,1.0376849,0.9032542,0.47097412,-20,17
-0.023592692,-0.001922586,0.4951862,0.5173309,0.7036947,0.7192572,0.4957428,0.5173346,1.0130774,0.89788187,0.4548467,-20,17
-0.02151665,0.0036124215,0.49674252,0.52548033,0.70479965,0.72490025,0.4972055,0.5254933,1.0226989,0.8968414,0.46730536,-20,17
-0.01083756,0.023260841,0.5087079,0.5012098,0.7132376,0.70796174,0.5088253,0.50175095,1.0105762,0.88756406,0.47202355,-20,17
-0.0003450308,-0.039275385,0.49092314,0.47373122,0.7006591,0.68828136,0.49092326,0.4752738,0.966197,0.8765279,0.44485494,-20,17
0.036739267,-0.006015394,0.55339336,0.48709112,0.7439041,0.69791913,0.5547432,0.48712727,1.0418705,0.9108653,0.46064606,-20,17
0.0037059598,0.026674796,0.4869655,0.4766608,0.6978291,0.69040626,0.4869793,0.47737235,0.96435165,0.8704457,0.45461604,-20,17
0.033924405,0.03665619,0.4823583,0.499922,0.6945202,0.70705163,0.48350918,0.5012657,0.9847748,0.8814652,0.4558442,-20,17
-0.010243466,-0.023608394,0.48787248,0.48060647,0.6984787,0.69325787,0.4879774,0.4811638,0.9691412,0.8723357,0.4562584,-18,17
0.028443797,-0.03394806,0.5053261,0.50215936,0.71086293,0.70863205,0.5061351,0.5033118,1.009447,0.88790107,0.4701899,-18,17
0.001899194,-0.00476449,0.50195515,0.4697187,0.7084879,0.68536025,0.5019587,0.4697414,0.9717002,0.8707582,0.46203947,-18,17
0.035343703,-0.0061695296,0.47379202,0.4952795,0.6883255,0.703761,0.47504118,0.49531755,0.9703587,0.87243485,0.45740166,-18,17
-0.009401478,-0.037917376,0.469015,0.5217471,0.6848467,0.7223206,0.4691034,0.5231849,0.99228823,0.88284266,0.46138614,-18,17
-0.00468358,-0.016831502,0.507319,0.5211237,0.7122633,0.72188896,0.5073409,0.52140707,1.028748,0.9028207,0.46223676,-18,17
-0.007349555,-0.00064245425,0.50827074,0.5059238,0.7129311,0.7112832,0.50832474,0.5059242,1.0142491,0.89667654,0.45849782,-18,17
-0.023965899,-0.017193075,0.4872681,0.5146922,0.6980459,0.7174205,0.4878425,0.5149877,1.0028303,0.8899839,0.45908487,-18,17
-0.025160052,-0.018224278,0.48715648,0.52972054,0.697966,0.727819,0.4877895,0.53005266,1.0178422,0.89037377,0.47442248,-18,17
0.00046375534,0.044825926,0.48447052,0.48338354,0.69603914,0.6952579,0.48447073,0.48539287,0.96986353,0.87331045,0.45518404,-18,17
-0.002048375,-0.047726758,0.4894601,0.51596296,0.6996143,0.7183056,0.48946434,0.5182408,1.0077052,0.8912014,0.46202293,-16,17
-0.004013582,0.0008444274,0.5065584,0.5032035,0.71172917,0.7093684,0.5065745,0.5032042,1.0097787,0.8972658,0.45242986,-16,17
0.013899591,0.008678938,0.49308303,0.5136632,0.7021987,0.716703,0.4932762,0.5137385,1.0070148,0.8894432,0.46465635,-16,18
-0.026737563,-0.023522798,0.5208931,0.5155108,0.7217292,0.7179908,0.521608,0.51606405,1.037672,0.89629173,0.48407984,-16,18
0.01887964,0.013198584,0.502218,0.5101372,0.7086734,0.7142389,0.50257444,0.51031137,1.0128858,0.8972774,0.45582792,-16,18
0.06811773,0.0069593946,0.46202537,0.5053545,0.67972445,0.7108829,0.46666542,0.505403,0.9720683,0.86796486,0.4676594,-16,18
0.03503861,0.05056777,0.51954496,0.5146362,0.7207947,0.7173815,0.52077264,0.5171933,1.037966,0.9023777,0.47294867,-16,18
0.011424943,-0.015201517,0.53858304,0.49692228,0.7338822,0.70492715,0.5387136,0.49715337,1.035867,0.9000638,0.47513372,-16,18
0.059958044,0.0009697974,0.4959213,0.50132716,0.70421684,0.7080446,0.49951628,0.5013281,1.0008444,0.8924856,0.4520108,-14,18
0.006102756,0.0316643,0.5313998,0.48103535,0.7289717,0.6935671,0.53143704,0.48203802,1.0134751,0.8865861,0.4769068,-14,18
0.02195267,-0.016627047,0.50440633,0.4957924,0.7102157,0.7041253,0.50488824,0.49606884,1.0009571,0.8864801,0.4637997,-14,18
-0.013891563,0.024632458,0.5247494,0.50661826,0.7243959,0.7117712,0.5249424,0.50722504,1.0321674,0.90083677,0.46974516,-14,18
0.009688994,-0.046000876,0.4976417,0.50176,0.70543724,0.7083502,0.49773556,0.5038761,1.0016117,0.8892306,0.45921743,-14,18
-0.06891065,0.0020932523,0.49128824,0.49557215,0.70091957,0.7039689,0.49603695,0.4955765,0.99161345,0.8849842,0.45652646,-14,18
0.045125097,0.03486315,0.49140537,0.49942645,0.70100313,0.7067011,0.49344164,0.5006419,0.9940835,0.88950366,0.45040727,-14,18
0.048925422,0.005982818,0.49867722,0.5153468,0.7061708,0.7178766,0.5010709,0.51538265,1.0164535,0.89567095,0.46284682,-14,18
0.020802714,0.037339367,0.50807714,0.45149004,0.7127953,0.6719301,0.50850993,0.45288426,0.9613942,0.8702277,0.45177194,-14,18
0.062217724,-0.04936176,0.49837142,0.5324229,0.70595425,0.72967315,0.50224245,0.53485954,1.037102,0.90539867,0.46621373,-14,18
0.020799574,-0.06876632,0.4983201,0.52478373,0.7059179,0.7244196,0.49875274,0.5295125,1.0282652,0.89690614,0.47310108,-14,18
0.056988016,0.02061711,0.49747682,0.52031636,0.70532036,0.72132957,0.5007245,0.52074146,1.0214659,0.89880824,0.4621793,-12,18
-0.064257175,0.025684804,0.46869794,0.5136725,0.6846152,0.7167095,0.47282693,0.5143322,0.98715913,0.88088095,0.45957363,-12,18
0.04020818,0.01313122,0.5238433,0.5120686,0.7237702,0.7155897,0.52546,0.51224107,1.037701,0.89833975,0.48029867,-12,18
-0.07567612,0.058702234,0.51172864,0.45581484,0.7153521,0.6751406,0.51745546,0.45926082,0.9767163,0.8801007,0.44959873,-12,18
0.018186172,0.026911866,0.5204535,0.48430914,0.72142464,0.6959232,0.52078426,0.4850334,1.0058177,0.88509005,0.47162822,-12,18
-0.09315236,-0.0037778355,0.5174697,0.47570822,0.7193537,0.68971604,0.5261471,0.4757225,1.0018696,0.8910022,0.4560534,-10,18
0.13001566,0.018720815,0.50502026,0.47070995,0.71064776,0.6860831,0.52192426,0.47106043,0.9929848,0.8860784,0.45590544,-10,18
0.11728233,-0.032981854,0.49731869,0.5105943,0.70520824,0.71455884,0.5110738,0.51168215,1.0227559,0.88882387,0.4824397,-10,18
-0.03072344,-0.099280104,0.52421474,0.47900093,0.72402674,0.6920989,0.52515864,0.48885745,1.0140162,0.8912075,0.46879134,-10,18
-0.0011369977,0.096253745,0.4791462,0.5044896,0.6922039,0.71027434,0.4791475,0.5137544,0.9929019,0.88585645,0.45624575,-10,18
-0.0057257903,-0.08087979,0.4768536,0.4726964,0.69054586,0.6875292,0.4768864,0.4792379,0.9561243,0.8637304,0.45836022,-10,18
0.083179995,-0.018220603,0.5010399,0.49092185,0.70784175,0.70065814,0.5079588,0.49125385,0.9992127,0.89023614,0.45463416,-10,18
-0.0057330197,0.1093002,0.50325876,0.48251694,0.7094073,0.6946344,0.5032916,0.4944635,0.99775517,0.8899044,0.45367983,-10,18
-0.18892594,0.081380546,0.4686122,0.52917254,0.68455255,0.72744244,0.50430524,0.53579533,1.0401006,0.9040936,0.47192714,-8,18
0.17981037,0.0038300734,0.51213765,0.49777165,0.7156379,0.70552933,0.5444695,0.49778625,1.0422556,0.89856374,0.4846018,-8,18
-0.06902221,0.13318723,0.52680194,0.5082854,0.72581124,0.71294135,0.531566,0.5260243,1.0575902,0.9141098,0.4711618,-8,18
-0.09018916,0.13721563,0.50278884,0.49735337,0.70907605,0.70523286,0.51092297,0.5161815,1.0271045,0.894101,0.47716647,-8,18
-0.15442261,-0.12450837,0.48409373,0.50534844,0.6957684,0.7108787,0.50794005,0.5208507,1.0287907,0.9003335,0.46710837,-8,18
-0.10867182,0.12301213,0.5246948,0.49596065,0.7243582,0.70424473,0.5365043,0.51109266,1.0475969,0.9107942,0.46695927,-8,18
0.17471063,-0.067903444,0.49443728,0.48278344,0.7031623,0.6948262,0.52496105,0.48739433,1.0123553,0.8850131,0.47865146,-8,18
0.12005729,0.09610005,0.5137658,0.46841323,0.7167746,0.68440723,0.5281795,0.47764844,1.005828,0.88784635,0.4664299,-8,18
-0.1282962,-0.23985611,0.4660805,0.5028867,0.6827009,0.70914507,0.48254043,0.56041765,1.042958,0.9083894,0.4666764,-6,18
-0.25474104,0.007717518,0.4894967,0.45640433,0.6996404,0.67557704,0.5543897,0.4564639,1.0108536,0.8844005,0.4782147,-6,18
-0.19529139,0.12216328,0.5101903,0.49187845,0.7142761,0.70134044,0.548329,0.5068023,1.0551314,0.9103256,0.47585565,-6,18
0.25032714,0.061548173,0.49105233,0.4996825,0.70075125,0.70688224,0.553716,0.50347066,1.0571866,0.9131742,0.47254574,-6,18
-0.06710158,-0.27551103,0.49988157,0.5118102,0.707023,0.7154091,0.50438416,0.5877165,1.0921007,0.9268017,0.48284498,-6,18
-0.21812932,0.015135554,0.48143795,0.513466,0.6938573,0.71656543,0.52901834,0.51369506,1.0427134,0.91133225,0.46063757,-6,18
-0.26665503,0.119186126,0.49575752,0.46103618,0.7041005,0.67899644,0.5668624,0.47524148,1.042104,0.8964164,0.48840705,-6,18
0.25548458,0.07968747,0.4828458,0.51339465,0.69487107,0.71651566,0.5481182,0.51974475,1.0678629,0.91345394,0.48318195,-6,18
-0.070809424,0.25762314,0.49678683,0.5048821,0.70483106,0.71055055,0.5018008,0.57125175,1.0730526,0.9194046,0.4772292,-6,18
-0.1156083,0.39498484,0.5003972,0.51166064,0.70738757,0.71530455,0.5137625,0.6676737,1.1814361,0.96576256,0.49873716,-4,18
-0.25631484,0.32804316,0.4678197,0.5143018,0.68397343,0.71714836,0.533517,0.621914,1.155431,0.9565203,0.490408,-4,18
0.12873003,0.3332175,0.4732892,0.52647233,0.68796015,0.72558415,0.4898606,0.63750625,1.1273668,0.94427806,0.4854954,-4,18
0.4192168,0.104490034,0.48932678,0.4983216,0.699519,0.70591897,0.6650695,0.50923973,1.1743093,0.957417,0.50760406,-4,18
0.39544678,0.17690408,0.5080937,0.48673356,0.71280694,0.69766295,0.66447186,0.5180286,1.1825005,0.96224314,0.5065458,-4,18
0.1370512,-0.4084969,0.48667926,0.49982715,0.697624,0.7069845,0.5054623,0.66669685,1.1721592,0.9631516,0.49446762,-4,18
-0.17127325,0.3400545,0.49443853,0.54160666,0.7031632,0.7359393,0.5237731,0.6572438,1.1810169,0.95986223,0.5095894,-4,18
0.41107327,-0.09469032,0.51943374,0.48596686,0.7207175,0.6971132,0.68841493,0.49493313,1.1833481,0.9648856,0.5023384,-4,18
0.32599568,-0.23872711,0.49672973,0.511613,0.70479053,0.7152713,0.6030029,0.56860363,1.1716065,0.9650905,0.49010903,-4,18
-0.1087964,0.40656444,0.49558592,0.49674535,0.70397866,0.7048016,0.50742257,0.66204,1.1694627,0.9647819,0.48852676,-4,18
-0.5985465,-0.16627179,0.5001873,0.5015997,0.7072392,0.70823705,0.8584452,0.5292461,1.3876914,1.0523171,0.52945256,-2,18
-0.6052557,-0.2435766,0.50630295,0.5095064,0.7115497,0.71379715,0.87263745,0.568836,1.4414735,1.0717402,0.5411529,-2,18
-0.63141733,0.12174582,0.52343965,0.48935062,0.7234913,0.699536,0.92212754,0.5041727,1.4263003,1.0705775,0.5293053,-2,18
-0.39726096,-0.4814517,0.5096134,0.481167,0.71387213,0.693662,0.6674297,0.7129627,1.3803923,1.0515455,0.5240653,-2,18
0.40804172,-0.5019944,0.47609147,0.48788962,0.6899938,0.698491,0.64258945,0.73988795,1.3824775,1.0564752,0.516079,-2,18
0.629658,0.18799266,0.44991732,0.5058105,0.6707588,0.7112036,0.84638643,0.54115176,1.3875382,1.0527816,0.5283834,-2,18
-0.5472977,0.22165203,0.498312,0.524153,0.7059122,0.7239841,0.7978468,0.57328266,1.3711294,1.0388637,0.5402699,-2,18
0.35716802,0.4358515,0.4898845,0.5024142,0.6999175,0.7088118,0.61745346,0.6923807,1.3098342,1.0159367,0.5269789,-2,18
-0.648831,-0.24010737,0.52409,0.48784855,0.7239406,0.69846153,0.9450717,0.5455001,1.4905717,1.0849273,0.5599146,-2,18
-0.24461086,-0.534634,0.48030555,0.52002585,0.6930408,0.72112817,0.54014003,0.8058593,1.3459994,1.0402191,0.51375455,-2,18
-0.29056022,-0.6224421,0.47811586,0.47980255,0.69145924,0.6926778,0.5625411,0.8672368,1.4297779,1.0743016,0.52502775,-2,18
0.62929785,0.23409978,0.5242789,0.51444614,0.724071,0.71724904,0.92029464,0.5692488,1.4895434,1.080939,0.56666946,-2,18
-0.117698416,-0.6161008,0.49448356,0.5258887,0.7031953,0.7251818,0.5083364,0.9054689,1.4138054,1.065419,0.5279091,-2,18
0.07808642,0.6556233,0.51017594,0.48711342,0.714266,0.6979351,0.5162734,0.91695535,1.4332287,1.0719215,0.5331164,-2,18
-0.65453136,0.21551952,0.48439714,0.526631,0.69598645,0.72569346,0.9128084,0.57307965,1.485888,1.08609,0.55344075,-2,18
-0.9961809,0.2962572,0.50264937,0.4906124,0.7089777,0.7004373,1.4950259,0.5783807,2.0734065,1.315148,0.5863379,0,18
0.87754357,-0.45852637,0.5203489,0.4911293,0.72135216,0.7008062,1.2904317,0.7013757,1.9918075,1.2811418,0.5920162,0,18
0.9820828,-0.16489431,0.4564386,0.49408436,0.6756024,0.7029113,1.4209253,0.52127445,1.9421997,1.2693329,0.5753205,0,18
0.6026882,0.9207976,0.4760586,0.5183544,0.68997,0.7199683,0.8392917,1.3662226,2.2055144,1.3547373,0.60844165,0,18
0.1015117,0.87044096,0.44039083,0.49176693,0.66361946,0.701261,0.45069546,1.2494345,1.70013,1.1699202,0.57568794,0,18
0.63212246,0.6829382,0.50991076,0.5222906,0.71408033,0.7226967,0.9094895,0.9886952,1.8981847,1.2341318,0.6124568,0,18
0.92080384,-0.12526058,0.47489923,0.48324698,0.68912935,0.6951597,1.3227789,0.4989372,1.8217162,1.2232693,0.57037544,0,18
0.85112846,-0.2869342,0.5364365,0.48700637,0.73241824,0.6978584,1.2608562,0.56933755,1.8301938,1.2268925,0.57002515,0,18
0.9760791,0.08330101,0.5317539,0.460737,0.72921455,0.6787761,1.4844842,0.46767604,1.9521604,1.2539222,0.6163113,0,18
-0.66379285,-0.80593914,0.52054155,0.48434502,0.7214857,0.695949,0.96116245,1.1338829,2.0950453,1.3157672,0.6031602,0,18
-0.7893295,-0.33271486,0.51044863,0.46583557,0.71445686,0.68252146,1.1334898,0.57653475,1.7100245,1.1713145,0.581418,0,18
-1.4028349,0.35610366,0.5059009,0.47579163,0.7112671,0.6897765,2.4738467,0.60260147,3.0764482,1.6294048,0.64922106,2,18
1.3202059,0.74120843,0.50188494,0.50903237,0.7084384,0.71346503,2.2448282,1.0584223,3.3032508,1.6903216,0.66788006,2,18
-0.00812079,-1.5787678,0.49779865,0.5002955,0.70554847,0.70731574,0.4978646,2.992803,3.4906678,1.7469748,0.6623797,2,18
1.4909549,-0.33242905,0.48827422,0.4944607,0.69876623,0.703179,2.7112207,0.6049698,3.3161902,1.7007775,0.6508041,2,18
0.27600667,-1.3954957,0.4714824,0.4477607,0.68664575,0.6691492,0.54766214,2.3951688,2.942831,1.5983108,0.62308365,2,18
-0.2899973,-1.4457653,0.47864676,0.4897081,0.69184303,0.6997915,0.5627452,2.579945,3.1426904,1.6486692,0.65159804,2,18
1.605295,0.24049081,0.5473057,0.5048412,0.7398011,0.71052176,3.1242776,0.562677,3.6869547,1.7912829,0.6915635,2,18
-1.5776589,0.6715062,0.55149055,0.4841143,0.7426241,0.6957832,3.0404978,0.9350348,3.975533,1.875447,0.6769277,2,18
0.063607186,-1.6377087,0.50284845,0.54277337,0.70911807,0.7367315,0.50689435,3.224863,3.7317572,1.8040063,0.6908824,2,18
0.8926958,1.2200394,0.48701268,0.5094366,0.6978629,0.7137483,1.2839184,1.9979327,3.2818513,1.682261,0.6721973,2,18
1.4307885,-0.51761657,0.5174207,0.4619165,0.71931964,0.6796444,2.5645766,0.7298434,3.29442,1.6898388,0.66246885,2,18
-0.73958004,-1.5386358,0.48372468,0.48292518,0.6955032,0.69492817,1.0307033,2.8503253,3.8810287,1.8620043,0.6434042,2,18
-0.1393484,-1.7025467,0.48627338,0.51476306,0.69733304,0.7174699,0.5056914,3.4134283,3.9191198,1.8595101,0.67922145,2,18
-2.0857406,1.165006,0.49451607,0.4666263,0.70321834,0.6831005,4.8448305,1.8238654,6.668696,2.4847708,0.70328546,4,18
-1.6307988,1.8264946,0.4829433,0.4840253,0.6949412,0.69571924,3.1424484,3.820108,6.962556,2.5475726,0.6873349,4,18
-2.444193,-0.62513274,0.46425068,0.46471012,0.6813594,0.6816965,6.4383307,0.8555011,7.293832,2.6185365,0.661134,4,18
1.3421729,2.2607014,0.4859327,0.45223016,0.6970887,0.6724806,2.2873607,5.563002,7.8503623,2.7199528,0.6724724,4,18
-0.95931906,-1.9677572,0.46313882,0.49378794,0.680543,0.70270044,1.3834319,4.365856,5.749288,2.3009286,0.6745482,4,18
2.533095,-0.017694421,0.49448618,0.45774508,0.7031971,0.6765686,6.9110546,0.45805818,7.369113,2.627836,0.68087554,4,18
0.9572445,2.0001402,0.48846838,0.47911936,0.6989051,0.6921845,1.4047856,4.47968,5.884465,2.326633,0.68647224,4,18
-1.8936253,-1.2099178,0.43717808,0.5122728,0.66119444,0.71573234,4.022995,1.976174,5.999169,2.3548357,0.67373407,4,18
2.5437348,0.63390076,0.4998521,0.47133687,0.70700216,0.68653977,6.970439,0.87316704,7.843606,2.7148721,0.6878053,4,18
-1.9240896,1.0303235,0.48309928,0.4845214,0.69505346,0.6960757,4.1852207,1.546088,5.7313085,2.2948647,0.6818389,4,18
-0.4110597,-2.5190294,0.44302118,0.38887703,0.66559833,0.62360007,0.6119913,6.7343864,7.3463774,2.639207,0.6172229,4,18
1.247623,2.3414419,0.4469033,0.45490146,0.66850823,0.6744638,2.0034661,5.937252,7.9407177,2.735611,0.6761298,4,18
1.4491112,-1.8403777,0.4413345,0.4895898,0.6643301,0.699707,2.5412574,3.87658,6.4178376,2.4412503,0.67685574,4,18
3.348186,-1.2364364,0.4311301,0.44928923,0.656605,0.6702904,11.641479,1.9780641,13.619543,3.6283977,0.6739977,6,18
0.5670535,3.5671232,0.40838718,0.47705957,0.6390518,0.690695,0.7299369,13.201427,13.931364,3.667871,0.6914374,6,18
2.5461938,2.5894332,0.4504969,0.40748546,0.6711907,0.6383459,6.9335995,7.112651,14.046249,3.6954699,0.62430114,6,18
-2.8315296,2.218832,0.5209355,0.46614572,0.7217586,0.6827487,8.538496,5.3893614,13.927856,3.66062,0.72644204,6,18
1.4011915,-1.7943884,0.25871268,0.28098086,0.5086381,0.53007627,2.2220502,3.500811,5.7228613,2.3433313,0.48130903,6,18
0.5756439,-3.1525106,0.39230835,0.45342827,0.6263452,0.67337084,0.7236743,10.391752,11.115427,3.267231,0.6637984,6,18
2.6159859,0.38199475,0.27645233,0.3478598,0.52578735,0.5897964,7.119835,0.4937798,7.6136146,2.710259,0.5177945,6,18
1.1610559,-2.6008992,0.3713535,0.24346554,0.6093878,0.49342227,1.7194045,7.0081425,8.727547,2.911623,0.499998,6,18
-2.349678,2.1900017,0.36389995,0.43590957,0.6032412,0.66023445,5.8848877,5.2320175,11.116905,3.2731683,0.6350381,6,18
-3.425522,2.2205625,0.3217063,0.38691813,0.5671916,0.62202746,12.055907,5.3178167,17.373726,4.1247225,0.60032684,8,18
-3.1106696,-2.9026637,0.2676374,0.5764197,0.51733685,0.7592231,9.943903,9.001877,18.94578,4.29323,0.71690714,8,18
2.632574,3.347371,0.43950373,0.39949298,0.66295075,0.63205457,7.369949,11.604385,18.974335,4.297885,0.7088856,8,18
3.7970624,-3.365326,0.4153736,0.41387695,0.64449483,0.6433327,14.8330555,11.739296,26.572353,5.1103935,0.67544746,8,18
-4.212002,3.1916118,0.32146418,0.50528973,0.5669781,0.71083736,18.06242,10.691676,28.754097,5.3175426,0.69125915,8,18
4.2588143,-3.0548153,0.36547524,0.30807465,0.6045455,0.5550447,18.502972,9.639971,28.142944,5.2736588,0.5757308,8,18
4.318763,0.24153365,0.42928097,0.3411299,0.65519536,0.5840633,19.080994,0.3994684,19.480461,4.364526,0.6567958,8,18
-5.4084883,-0.4121064,0.6096591,0.35914835,0.78080666,0.5992899,29.861403,0.52898,30.390383,5.457389,0.7792852,8,18
0.3504433,4.230769,0.30443478,0.31927866,0.5517561,0.5650475,0.42724526,18.218689,18.645935,4.282128,0.55616057,8,18
5.781348,0.9815106,0.3855513,0.38732204,0.62092775,0.622352,33.80954,1.3506851,35.160225,5.897888,0.6124851,8,18
-0.33370307,-3.2400339,0.27211112,0.19818842,0.5216427,0.44518358,0.38346887,10.696008,11.079477,3.3014147,0.42442462,8,18
-5.074589,4.7664766,0.45548332,0.48310152,0.67489505,0.69505507,26.206938,23.2024,49.40934,6.979801,0.83169174,10,18
3.805614,4.3798056,0.21903649,0.19660354,0.46801335,0.44339997,14.701734,19.379295,34.08103,5.8243237,0.39785278,10,18
4.6988134,-5.4177694,0.4990548,0.52687013,0.7064381,0.7258582,22.5779,29.879097,52.456993,7.190427,0.8687696,10,18
-2.6121397,-1.7624023,0.14262885,0.2278781,0.37766236,0.4773658,6.9659023,3.33394,10.299843,3.1940663,0.31270182,10,18
-6.7073784,1.3575268,0.22731152,0.2665416,0.47677198,0.51627666,45.216232,2.1094208,47.325653,6.8630776,0.4730971,10,18
2.3066738,-5.0549393,0.27050877,0.42767298,0.5201046,0.6539671,5.5912533,25.98008,31.571335,5.579321,0.66521883,10,18
8.491591,-1.8863597,0.48678714,0.22263232,0.69770133,0.47183928,72.59392,3.780985,76.37491,8.708116,0.7373087,12,18
-7.73271,-4.1958513,0.5565561,0.29335,0.7460269,0.54161793,60.351357,17.898518,78.24988,8.805088,0.84869885,12,18
2.5799222,5.0308,0.108034514,0.20883809,0.32868603,0.45698807,6.7640324,25.517788,32.281822,5.6696196,0.3704487,12,18
1.286459,3.245537,0.33675194,0.03214539,0.5803033,0.17929135,1.9917284,10.565657,12.5573845,3.5290637,0.32108295,12,18
-3.3709373,-5.5031266,0.30769926,0.36374635,0.55470645,0.6031139,11.6709175,30.648148,42.31906,6.4664817,0.7097055,14,18
-3.6329887,-8.5189,0.06990689,0.39215297,0.2643991,0.6262212,13.268513,72.963806,86.232315,9.266954,0.5965518,14,18
-6.48475,-4.4790688,0.3337673,0.18785784,0.57772595,0.4334257,42.385746,20.249916,62.635662,7.8873663,0.65201044,14,18
1.762024,4.4734006,0.21073261,0.07039297,0.45905623,0.26531675,3.3154612,20.081707,23.397167,4.834614,0.1538694,14,18
3.8373084,8.581637,0.17012094,0.4535882,0.4124572,0.6734896,14.895058,74.09809,88.99316,9.407072,0.70720786,14,18
-2.0836358,8.914877,0.11110945,0.76602507,0.33333084,0.8752286,4.452647,80.24105,84.693695,9.15887,0.89933217,14,18
-2.1008976,-9.841043,0.04457449,1.485343,0.21112671,1.2187464,4.4583454,98.33147,102.78981,10.065635,1.2135942,16,18
9.125953,-4.7288074,0.18285796,0.029029202,0.42761895,0.17037958,83.465866,22.39065,105.85652,10.281174,0.3924202,16,18
-8.387936,-6.3914013,0.15057357,0.06512722,0.3880381,0.25520036,70.508026,40.915134,111.42316,10.547134,0.42556876,16,18
-0.9148701,10.119518,0.074020945,0.32218516,0.2720679,0.56761354,0.91100824,102.72683,103.63785,10.163775,0.57923084,16,18
5.135027,7.945937,0.36610413,0.81254333,0.6050654,0.90141183,26.734608,63.950462,90.68506,9.463291,1.0635779,16,18
-6.8098083,-10.296365,0.39304358,0.39033037,0.6269319,0.62476426,46.766533,106.40546,153.17198,12.347498,0.8433885,16,18
2.3751922,12.383392,0.056449894,0.07430486,0.23759186,0.27258918,5.697988,153.42271,159.1207,12.611393,0.27104414,18,18
0.42507958,9.566714,0.013381693,0.5321387,0.115679264,0.72947836,0.19407436,92.05416,92.24824,9.5767975,0.7301961,18,18
-2.2473536,4.4091206,0.033426493,0.47530955,0.18282914,0.68942696,5.0840244,19.915651,24.999676,4.9679346,0.5650691,18,18
-1.3855916,8.139196,0.031626023,0.932104,0.17783707,0.96545535,1.9514899,67.17862,69.13011,8.260317,0.94724566,18,18
3.7384021,6.321199,0.25761694,0.54944885,0.5075598,0.7412482,14.233268,40.507008,54.740273,7.351615,0.8330831,18,18
3.5861986,-3.0392656,0.010780386,0.35438478,0.10382864,0.5953023,12.871601,9.591519,22.463121,4.720063,0.42910108,18,18
-7.762926,-5.1125526,0.3937788,0.109463006,0.627518,0.33085194,60.656807,26.247658,86.90446,9.300974,0.62956893,20,18
-0.8627763,-8.187458,0.08967963,0.20503017,0.29946557,0.45280257,0.8340626,67.23952,68.07357,8.238414,0.4495645,20,18
-4.0716305,0.5177433,0.062496178,0.1936487,0.24999236,0.44005534,16.640669,0.46170682,17.102377,4.125904,0.2815892,20,18
-2.8092117,-3.2393126,0.19606873,0.15567242,0.4427965,0.39455345,8.087738,10.648819,18.736557,4.3131685,0.3648746,20,18
7.177953,3.033437,0.84938157,0.017991172,0.921619,0.13413118,52.372383,9.21973,61.592117,7.7983894,0.8816097,20,18
3.6297088,5.9496465,0.26048484,0.5453887,0.51037717,0.73850435,13.435272,35.94368,49.378952,6.9781313,0.82742786,20,18
-3.9122453,-7.670475,0.3490228,0.52250105,0.5907815,0.72284234,15.654687,59.358685,75.013374,8.61307,0.91016084,20,18
-8.049038,0.20334342,0.1459639,0.14108214,0.38205224,0.375609,64.932976,0.18243071,65.11541,8.060079,0.38798875,20,18
2.431854,-7.353526,0.1939409,0.36667636,0.44038722,0.6055381,6.107855,54.44102,60.548874,7.749341,0.7046888,20,18
5.623564,4.691202,0.8195815,0.19402577,0.9053074,0.44048357,32.44405,22.2014,54.64545,7.3289876,0.96508414,20,18
-4.008503,6.357283,0.18546066,0.41909403,0.43065143,0.6473747,16.253557,40.83414,57.0877,7.5221357,0.7107523,20,18
-9.29561,4.96706,0.3016918,0.26622957,0.5492648,0.5159744,86.71007,24.937912,111.64799,10.5447035,0.6761763,22,18
5.498247,-5.626447,0.2040087,0.070863344,0.4516732,0.2662017,30.43473,31.727768,62.162502,7.8779287,0.3173907,22,18
-5.151019,4.2406406,0.08808194,0.19941022,0.296786,0.4465537,26.62108,18.182444,44.803524,6.6833544,0.369191,22,18
-0.29425234,8.660297,0.020641964,0.9470681,0.14367312,0.9731742,0.10722642,75.94782,76.055046,8.6660385,0.97714907,22,18
5.7018785,-3.496151,0.015872916,0.24446334,0.12598777,0.49443233,32.527294,12.467535,44.994827,6.705798,0.16463028,22,18
-0.5596955,4.1000934,0.18482248,0.11027528,0.42990986,0.33207723,0.49808154,16.921041,17.419123,4.164483,0.27604425,22,18
-2.9953647,-9.654946,0.0740215,0.6821409,0.27206892,0.8259182,9.04623,93.90015,102.94638,10.109697,0.8604657,22,18
-6.676964,7.939452,0.33132696,0.46827123,0.5756101,0.68430346,44.91317,63.50317,108.416336,10.373924,0.89331883,24,18
0.64734876,-2.635376,0.23737657,0.064875595,0.48721308,0.2547069,0.65643704,7.010083,7.66652,2.7655864,0.13435689,24,18
1.050982,9.125215,0.06527338,0.25968522,0.25548655,0.5095932,1.1698363,83.529236,84.699066,9.188194,0.52549416,24,18
7.7208595,2.2839327,0.31094706,0.15136346,0.55762625,0.38905457,59.922623,5.367712,65.29034,8.058798,0.5883127,24,18
6.845544,-4.1368494,0.76793206,0.43935534,0.8763173,0.6628389,47.629402,17.55288,65.18228,8.00318,1.0636716,24,18
-8.778263,-6.7304454,0.53160936,0.252473,0.7291155,0.5024669,77.58951,45.55137,123.14088,11.061643,0.88370293,24,18
-1.3203118,4.6872883,0.15387288,0.17729855,0.39226633,0.42106834,1.8970963,22.147966,24.045063,4.8919654,0.33724672,24,18
-6.996418,5.0631485,1.0669345,0.33524752,1.0329252,0.5790056,50.016792,25.97072,75.98751,8.639527,1.1602085,24,18
-5.0838175,-2.7262259,0.05381137,0.2767036,0.23197278,0.52602625,25.899014,7.7090106,33.608025,5.7880607,0.32615823,26,18
-3.4254713,3.2739372,0.16841137,0.18404408,0.41037956,0.4290036,11.902265,10.902708,22.804974,4.7620707,0.35729295,26,18
0.95230913,-4.3169584,0.19246212,0.06590204,0.43870506,0.25671393,1.0993547,18.70203,19.801386,4.4396276,0.3018124,26,18
-3.783006,4.105026,0.23309708,0.16487649,0.4828013,0.40604985,14.54423,17.016115,31.560347,5.5963335,0.49132004,26,18
0.9122681,-9.662265,0.008303841,0.89807945,0.091125414,0.9476705,0.84053695,94.25745,95.09798,9.7052555,0.95183605,26,18
0.3723729,6.5135226,0.18075886,0.32023746,0.42515746,0.56589526,0.31942043,42.74622,43.065643,6.5367775,0.57980925,26,18
-8.542656,-4.2398887,0.7958766,0.2699303,0.89211917,0.5195482,73.77285,18.246582,92.019424,9.539104,1.0123864,26,18
2.7399464,-7.584184,0.12540069,0.016649302,0.3541196,0.12903218,7.6327057,57.536495,65.169205,8.070421,0.19363046,26,18
-3.2150805,-5.9377484,0.23871759,0.45202804,0.48858735,0.6723303,10.57546,35.708885,46.284348,6.761814,0.7498123,26,18
-8.548862,-1.618072,1.49372,0.13134243,1.2221785,0.36241195,74.576775,2.7494998,77.32628,8.702017,1.2653782,28,18
-5.6965666,8.125512,0.14130257,0.37924206,0.37590235,0.6158263,32.59217,66.40318,98.99536,9.926095,0.68410116,28,18
6.24035,-8.312088,0.5940374,0.983338,0.77073824,0.991634,39.536007,70.07414,109.61015,10.393926,1.2555729,28,18
5.0861073,1.4059416,0.38119143,0.08412828,0.617407,0.29004875,26.24968,2.0608,28.310478,5.2904983,0.5666636,28,18
-3.9702132,2.638527,0.32148594,0.19752295,0.5669973,0.44443554,16.084076,7.159348,23.243425,4.787376,0.569613,28,18
9.198662,-0.80398095,0.769989,0.0026204064,0.87749016,0.051189907,85.385376,0.6490057,86.03438,9.234329,0.8726655,28,18
-4.139072,3.7710502,0.14896059,0.07302992,0.38595414,0.2702405,17.28088,14.29385,31.574726,5.6103096,0.31489393,28,18
4.247282,5.0017443,0.6019436,0.17214641,0.77585024,0.4149053,18.641346,25.189598,43.83094,6.5698633,0.8172135,30,18
-5.9559712,1.3722556,0.07926455,0.2115726,0.28153962,0.4599702,35.552856,2.094658,37.64752,6.124476,0.37190282,30,18
-1.5667737,-3.9304273,0.2899921,0.047183454,0.53850913,0.21721752,2.744772,15.495442,18.240215,4.2601395,0.30236876,30,18
3.325017,7.9079275,0.21867594,0.14844595,0.467628,0.38528684,11.274414,62.683754,73.958176,8.583363,0.5329784,30,18
4.1983767,-1.9549634,0.14598507,0.062699005,0.38207993,0.25039768,17.77235,3.884581,21.65693,4.6471243,0.24732614,30,18
3.3097692,1.5805489,0.04537065,0.228511,0.21300387,0.47802824,10.999943,2.7266457,13.726589,3.701866,0.15091634,30,18
-9.3631446e-05,0.011329358,0.48446143,0.5188972,0.69603264,0.7203452,0.48446143,0.5190255,1.003487,0.88647354,0.4665315,-20,18
0.044257056,0.003483804,0.48576403,0.4598634,0.6969677,0.6781323,0.48772272,0.45987552,0.9475982,0.8562713,0.46303093,-20,18
-0.016045664,-0.020140376,0.53201604,0.5025643,0.7293943,0.7089177,0.53227353,0.50297,1.0352435,0.90136594,0.47199875,-20,18
-0.014277173,0.003293389,0.50416875,0.47614706,0.71004844,0.6900341,0.5043726,0.4761579,0.98053056,0.88060623,0.45283902,-20,18
0.039613687,0.012619722,0.4905855,0.48742676,0.7004181,0.6981596,0.49215478,0.487586,0.97974074,0.87792146,0.4571594,-20,18
-0.0034848377,0.010523042,0.51214755,0.51497644,0.71564484,0.7176186,0.5121597,0.5150871,1.027247,0.89360344,0.47824663,-20,18
-0.012033919,0.008686973,0.52353555,0.5051543,0.7235576,0.71074206,0.5236804,0.5052297,1.0289102,0.89940786,0.4690156,-20,18
0.022816792,0.01578702,0.4974873,0.48558396,0.7053278,0.69683856,0.4980079,0.48583323,0.98384106,0.88132066,0.45509893,-18,18
0.031803448,-0.010610465,0.4895826,0.47385988,0.6997018,0.6883748,0.49059403,0.47397244,0.96456647,0.8692539,0.45712605,-18,18
2.492126e-05,0.016733807,0.49076605,0.4915816,0.700547,0.7011288,0.49076602,0.49186164,0.9826277,0.8770888,0.4618906,-18,18
-0.041939482,0.0096042175,0.5115777,0.529253,0.7152466,0.72749776,0.5133366,0.5293453,1.0426819,0.9155462,0.45216933,-18,18
-0.0053790817,-0.02176939,0.46411464,0.53789854,0.6812596,0.73341566,0.46414357,0.5383724,1.002516,0.8822127,0.47351536,-18,18
0.005516886,-0.029697288,0.52431357,0.4913469,0.724095,0.7009614,0.5243441,0.49222887,1.016573,0.90199745,0.45052582,-18,18
0.0173882,-0.032384105,0.48757184,0.48704314,0.69826347,0.69788474,0.4878742,0.4880919,0.97596604,0.8726615,0.46306375,-18,18
-0.059715744,-0.009143558,0.5090146,0.48284358,0.7134526,0.69486946,0.5125806,0.4829272,0.9955078,0.87551826,0.47851384,-18,18
-0.006268765,0.008195505,0.5237045,0.49404716,0.7236743,0.7028849,0.5237438,0.49411434,1.0178581,0.8912669,0.4727594,-18,19
-0.009461265,-0.0071465634,0.49412817,0.4897002,0.7029425,0.6997858,0.4942177,0.48975128,0.9839689,0.8818072,0.4542962,-18,19
-0.031816445,0.0053657764,0.51041794,0.5169823,0.7144354,0.7190148,0.51143026,0.51701117,1.0284414,0.89560056,0.47575316,-18,19
-0.044333987,0.009180076,0.51280063,0.47584128,0.716101,0.6898125,0.5147661,0.47592556,0.9906917,0.8768426,0.47099748,-18,19
0.0071482155,0.008194386,0.50889194,0.5147704,0.7133666,0.717475,0.5089431,0.51483756,1.0237806,0.899101,0.46411,-18,19
0.02924794,0.030741233,0.5091519,0.48191404,0.7135488,0.6942003,0.51000726,0.48285908,0.9928664,0.8772036,0.47263116,-16,19
-0.00014612451,0.03552024,0.5038606,0.52903265,0.70983136,0.7273463,0.5038606,0.5302943,1.0341549,0.90765953,0.4585949,-16,19
0.006886164,-0.052213475,0.52881116,0.48536032,0.727194,0.69667804,0.52885854,0.48808658,1.0169451,0.8933021,0.4679279,-16,19
0.018086176,0.0061701112,0.51737636,0.46675494,0.71928877,0.68319464,0.5177035,0.466793,0.9844965,0.877357,0.46340176,-16,19
0.0005819155,-0.0062360447,0.48423687,0.50909245,0.6958713,0.7135072,0.4842372,0.5091313,0.9933685,0.88919044,0.45023194,-16,19
-0.01301582,0.0033132154,0.5042312,0.5154567,0.7100924,0.71795315,0.5044006,0.51546764,1.0198683,0.88985,0.4775304,-16,19
0.026170861,-0.008284966,0.48927265,0.50289416,0.6994803,0.7091503,0.4899576,0.5029628,0.9929204,0.88468647,0.45853066,-14,19
-0.02163762,0.01225115,0.5008318,0.49335223,0.7076947,0.7023904,0.5013,0.49350232,0.99480224,0.8813985,0.46683943,-14,19
-0.005758602,-0.015985353,0.5394627,0.4839921,0.7344812,0.6956954,0.5394958,0.48424765,1.0237435,0.8907306,0.47994003,-14,19
0.019090235,0.0003554579,0.46512443,0.49088258,0.68200034,0.7006301,0.46548885,0.49088266,0.9563716,0.86948717,0.4476199,-14,19
0.008110066,-0.021780772,0.48696846,0.5090684,0.6978313,0.7134903,0.48703423,0.5095428,0.996577,0.8932829,0.44567126,-14,19
0.01939597,0.03660047,0.47203487,0.51742816,0.68704796,0.71932477,0.4724111,0.51876783,0.9911788,0.8764576,0.4722299,-14,19
0.019226037,0.0018814541,0.52881527,0.4833867,0.7271969,0.69526017,0.529185,0.4833902,1.0125751,0.89131016,0.46705613,-14,19
-0.014919709,-0.0002314765,0.49652582,0.55535316,0.7046459,0.7452202,0.49674845,0.5553533,1.0521016,0.90896773,0.47526768,-14,19
-0.044243272,-0.017063588,0.49235517,0.5114178,0.70168024,0.7151348,0.49431264,0.511709,1.0060215,0.8928542,0.4569824,-14,19
-0.004661438,-0.02176626,0.54359484,0.47586963,0.73728883,0.68983305,0.5436166,0.4763434,1.0199599,0.89239484,0.47285458,-14,19
0.009648303,0.012294366,0.4485972,0.50457263,0.669774,0.71033275,0.44869024,0.5047238,0.9534141,0.8610268,0.4604855,-14,19
-0.0056288317,0.00019127969,0.51957726,0.52826023,0.7208171,0.7268151,0.519609,0.52826023,1.0478692,0.910861,0.4671204,-14,19
-0.05587636,-0.017482636,0.48502618,0.5439259,0.6964382,0.7375133,0.48814833,0.54423153,1.03238,0.9084858,0.4550093,-14,19
0.033220805,9.9602155e-05,0.48675895,0.56198347,0.6976811,0.74965554,0.4878626,0.5619835,1.049846,0.90429723,0.48175985,-14,19
-0.015909268,-0.016753145,0.5156329,0.49210432,0.7180759,0.7015015,0.515886,0.49238497,1.008271,0.8863156,0.47192767,-14,19
0.03822738,-0.024089042,0.47197372,0.5125712,0.68700343,0.7159408,0.47343504,0.5131515,0.9865865,0.8846872,0.45156968,-12,19
0.0071932287,-0.0104908375,0.45202625,0.54321873,0.67232895,0.7370337,0.45207798,0.54332876,0.9954068,0.8881242,0.45457906,-12,19
0.005028735,-0.013858229,0.4840564,0.50029236,0.69574165,0.7073135,0.4840817,0.50048447,0.9845661,0.88474107,0.44922087,-12,19
0.006910664,0.0010900213,0.5128046,0.51970166,0.7161038,0.72090334,0.5128523,0.51970285,1.0325551,0.90093213,0.4699749,-12,19
0.010079268,-0.0087741865,0.48035145,0.524878,0.6930739,0.7244847,0.480453,0.524955,1.005408,0.8818885,0.47715884,-12,19
0.005363778,-0.0032523484,0.491511,0.51174384,0.7010785,0.7153627,0.49153972,0.5117544,1.0032942,0.8837414,0.47148204,-12,19
0.0026438418,-0.0029780855,0.50839573,0.5182124,0.7130188,0.7198697,0.5084027,0.51822126,1.026624,0.90794384,0.4497355,-12,19
0.008315261,-0.005039256,0.51719046,0.45850134,0.71915954,0.67712724,0.5172596,0.45852673,0.9757863,0.8730501,0.46213624,-12,19
-0.019901693,-0.032632,0.46848854,0.5151496,0.68446225,0.7177392,0.46888462,0.51621443,0.9850991,0.8794285,0.4601137,-10,19
0.0088758245,0.028438784,0.477557,0.50247836,0.691055,0.70885706,0.4776358,0.50328714,0.98092294,0.8698766,0.47353724,-10,19
-0.028850317,0.0211171,0.5180805,0.5033901,0.71977806,0.7094999,0.51891285,0.50383604,1.0227488,0.8933736,0.47395414,-10,19
-0.018836554,0.02422573,0.52817625,0.5203463,0.72675735,0.7213503,0.5285311,0.52093315,1.0494642,0.91275877,0.46511894,-10,19
-0.018925771,-0.008396443,0.47320354,0.4993,0.6878979,0.70661163,0.47356176,0.49937052,0.9729322,0.8760406,0.4533047,-10,19
-0.02154691,-0.0013810867,0.4973483,0.50200254,0.7052293,0.70852137,0.49781257,0.5020045,0.9998171,0.8868451,0.46186876,-10,19
0.01445051,0.0007233359,0.49089396,0.5156305,0.70063823,0.71807414,0.49110278,0.515631,1.0067339,0.89412767,0.45526856,-10,19
0.0053153876,-0.027293937,0.48903853,0.5048307,0.6993129,0.7105144,0.48906678,0.50557566,0.99464244,0.8821801,0.46518886,-10,19
0.08138845,-0.01058233,0.4892692,0.5123236,0.6994778,0.71576786,0.49589327,0.5124356,1.0083289,0.8854866,0.4735422,-10,19
-0.0050475285,0.0074839666,0.48968825,0.51548994,0.6997773,0.7179763,0.48971373,0.51554596,1.0052598,0.8812045,0.47826597,-10,19
0.010971256,0.028798504,0.49367163,0.5225259,0.7026177,0.72285956,0.493792,0.52335536,1.0171473,0.8931519,0.46843046,-10,19
-0.02145788,-0.022099774,0.48313636,0.51857245,0.6950801,0.7201198,0.4835968,0.51906085,1.0026577,0.885621,0.46726122,-10,19
0.012851063,-0.034068875,0.5021137,0.5316004,0.7085998,0.72910935,0.5022788,0.53276104,1.0350399,0.9052605,0.46426642,-8,19
0.028342979,-0.017146464,0.53421646,0.46527,0.7309011,0.68210703,0.5350198,0.465564,1.0005838,0.8865538,0.46325615,-8,19
-0.046629377,0.034760688,0.49563363,0.49353564,0.7040125,0.7025209,0.49780795,0.49474394,0.9925519,0.8823368,0.46263775,-8,19
4.3808483e-05,0.019011948,0.49639636,0.49081737,0.704554,0.7005836,0.49639636,0.49117878,0.9875752,0.88152575,0.45878923,-6,19
0.009875795,-0.015692985,0.4971553,0.49168992,0.70509243,0.701206,0.49725288,0.4919362,0.98918915,0.8833246,0.45708498,-6,19
0.014528382,-0.0073361835,0.5178622,0.4508199,0.7196264,0.67143124,0.5180733,0.45087373,0.96894705,0.87297344,0.45482355,-6,19
-0.024622258,-0.01907522,0.48325348,0.49355096,0.6951644,0.7025318,0.48385972,0.49391478,0.97777456,0.8713969,0.46737766,-6,19
0.01937864,0.020092603,0.5543796,0.45086598,0.7445667,0.6714656,0.55475503,0.45126972,1.0060247,0.8940229,0.45469534,-6,19
-0.018660657,0.0028168873,0.5555359,0.45974183,0.7453428,0.67804265,0.5558841,0.45974976,1.015634,0.8846628,0.4827065,-6,19
-0.015147381,-0.036410704,0.52587306,0.4928326,0.725171,0.70202035,0.52610254,0.49415833,1.0202608,0.90038145,0.45779258,-6,19
0.0092510125,0.018341836,0.610293,0.39308926,0.7812125,0.6269683,0.6103785,0.3934257,1.0038042,0.88387334,0.47177556,-4,19
0.017247979,0.013741659,0.4767576,0.53642976,0.69047636,0.73241365,0.47705507,0.5366186,1.0136737,0.8921851,0.46656117,-4,19
0.0036183968,0.01454764,0.5730506,0.42252502,0.75700104,0.6500192,0.5730637,0.42273664,0.99580026,0.8876282,0.45597857,-4,19
-0.002916683,-0.012653273,0.44812125,0.57872224,0.6694186,0.76073796,0.44812977,0.57888234,1.0270121,0.9037646,0.4584994,-4,19
-0.022532005,0.032889575,0.5164009,0.47092128,0.7186104,0.68623704,0.5169085,0.47200304,0.9889116,0.8782543,0.46645573,-4,19
-0.0015180702,0.00988502,0.5517154,0.42806548,0.74277544,0.65426713,0.5517177,0.42816317,0.97988087,0.8826684,0.4480819,-4,19
0.024931878,-0.010282092,0.44872928,0.52265745,0.6698726,0.7229505,0.4493509,0.52276313,0.9721141,0.8800313,0.44458857,-4,19
-0.0050498424,-0.0018441766,0.49594638,0.49025467,0.7042346,0.7001819,0.4959719,0.49025804,0.9862299,0.8841603,0.45220622,-4,19
0.0063050385,0.026150463,0.55281985,0.48910296,0.74351853,0.69935894,0.55285954,0.48978677,1.0426464,0.90897596,0.46519783,-4,19
-8.550007e-06,-0.005607269,0.50964916,0.48474917,0.71389717,0.6962393,0.5096492,0.4847806,0.99442977,0.88288236,0.46362534,-4,19
-0.02820136,-0.01518211,0.46297076,0.55656755,0.68041956,0.74603456,0.4637661,0.5567981,1.0205641,0.8933024,0.4717786,-4,19
-0.0073149074,-0.0044227056,0.6286588,0.3219722,0.79288006,0.5674259,0.6287123,0.32199177,0.950704,0.8653554,0.44929293,-2,19
0.009384274,0.010177959,0.39379084,0.6119316,0.62752753,0.7822606,0.39387894,0.61203516,1.0059141,0.88813645,0.4659697,-2,19
0.028448252,0.007831476,0.46863157,0.5796423,0.6845667,0.7613424,0.46944088,0.5797037,1.0491445,0.90504014,0.47963214,-2,19
0.014388952,-0.0017741728,0.44644758,0.54813313,0.66816735,0.74036014,0.44665462,0.54813623,0.9947909,0.88623345,0.45758176,-2,19
0.023210134,0.029173907,0.5143448,0.5122534,0.71717834,0.7157188,0.5148835,0.51310456,1.027988,0.90056354,0.46580395,-2,19
0.002302928,-0.009781892,0.4502831,0.582484,0.67103136,0.7632064,0.45028841,0.58257973,1.0328681,0.90505385,0.46232632,-2,19
0.00453192,-0.019588519,0.59822977,0.41137135,0.7734531,0.6413824,0.5982504,0.41175508,1.0100055,0.8920642,0.46284655,-2,19
0.010983911,0.018051116,0.35276,0.674507,0.593936,0.82128376,0.35288066,0.6748328,1.0277134,0.9130987,0.4404137,0,19
0.023657909,0.0081038745,0.21160947,0.81582403,0.4600103,0.9032298,0.21216917,0.8158897,1.028059,0.9085568,0.4500927,0,19
0.03228934,0.014420932,0.7516875,0.26580098,0.86699915,0.5155589,0.75273013,0.26600894,1.0187391,0.8988259,0.45918527,0,19
-0.016508847,-0.004004852,0.39609033,0.63357204,0.6293571,0.7959724,0.39636284,0.63358814,1.0299509,0.90851235,0.45227888,0,19
-0.00087655196,-0.010333817,0.7786646,0.22239253,0.8824197,0.47158512,0.7786653,0.22249931,1.0011647,0.9011698,0.43480754,0,19
0.035547532,-0.017922143,0.3207009,0.7118933,0.5663046,0.8437377,0.32196453,0.71221447,1.0341791,0.9063398,0.46122354,0,19
0.0033144355,-0.01582672,0.38525853,0.5481216,0.62069196,0.74035233,0.3852695,0.5483721,0.9336416,0.8715315,0.41722226,2,19
-0.0102399085,0.009184765,0.2621653,0.77542055,0.5120208,0.88057965,0.26227015,0.7755049,1.037775,0.923925,0.42911273,2,19
-0.007052236,-0.00012293411,0.2306478,0.8196684,0.48025805,0.9053554,0.23069754,0.8196684,1.0503659,0.9256363,0.43995833,2,19
0.0025465451,0.0033100331,0.46812707,0.4642244,0.68419814,0.68134016,0.46813354,0.46423537,0.93236893,0.8737515,0.41100752,2,19
-0.014713356,0.014056126,0.72214127,0.26376718,0.84978896,0.5135827,0.72235775,0.26396474,0.9863225,0.89696217,0.42635813,2,19
-0.008541882,-0.026290592,0.82994044,0.12730192,0.9110107,0.35679394,0.8300134,0.1279931,0.95800656,0.8865851,0.41469657,2,19
-0.0117845945,-0.00821864,0.13812923,0.8492015,0.3716574,0.9215213,0.13826811,0.8492691,0.98753715,0.8951433,0.4315736,2,19
-0.0020327463,-0.0033543413,0.27705315,0.741417,0.52635837,0.86105573,0.2770573,0.74142826,1.0184855,0.91180694,0.4325432,2,19
0.0035556974,-0.0030896962,0.15239158,0.8112869,0.39037365,0.9007147,0.15240422,0.81129646,0.9637007,0.88613546,0.42245087,2,19
-0.0031795765,-0.005630589,0.12606373,0.92859316,0.35505456,0.9636354,0.12607384,0.92862487,1.0546987,0.9301361,0.43536824,2,19
0.010359003,0.0020510065,0.8406023,0.19274859,0.91684365,0.43903142,0.84070957,0.1927528,1.0334624,0.9144496,0.44412202,2,19
-0.022134881,-0.016816834,0.61791474,0.38546693,0.78607553,0.62085986,0.61840475,0.38574973,1.0041544,0.9037955,0.43279117,2,19
0.013298333,-0.0045497636,0.7402421,0.27922326,0.86037326,0.5284158,0.7404189,0.27924395,1.0196629,0.9153841,0.42630363,2,19
-0.0007227566,-0.0015621406,0.98493254,0.10902858,0.99243766,0.33019477,0.9849331,0.109031014,1.0939641,0.9432422,0.4519493,4,19
0.0050766775,-0.0018492499,0.7844459,0.18825875,0.8856895,0.43388796,0.7844717,0.18826218,0.97273386,0.88880575,0.42750233,4,19
0.0050158827,0.0026677237,0.9101124,0.15584737,0.9539981,0.3947751,0.91013753,0.1558545,1.0659921,0.9345014,0.4389751,4,19
-0.006760103,-0.012829116,0.8252412,0.21964426,0.9084279,0.4686622,0.825287,0.21980885,1.0450958,0.92299956,0.43950844,4,19
-0.0078060497,0.003599408,0.8060117,0.20884895,0.89778155,0.45699996,0.8060726,0.20886189,1.0149345,0.91351825,0.42475745,4,19
-0.0012120302,0.008007951,0.03575509,0.9694541,0.18909016,0.9846086,0.03575656,0.96951824,1.0052748,0.90397096,0.43371794,6,19
0.006753768,-0.0039397725,0.44985068,0.5486164,0.6707091,0.7406864,0.4498963,0.5486319,0.9985282,0.9023746,0.4292415,6,19
0.0003973234,0.007348202,0.7452444,0.31572264,0.8632754,0.56189203,0.7452446,0.31577665,1.0610212,0.9293505,0.44421718,6,19
0.0013420342,-0.011780287,0.89343494,0.13417916,0.9452169,0.36630473,0.8934368,0.13431793,1.0277547,0.9164486,0.4334474,6,19
-0.006299886,-0.0066579045,0.24641521,0.816347,0.49640226,0.9035192,0.2464549,0.81639135,1.0628462,0.9318712,0.44097888,6,19
-0.0006589633,0.0060535218,0.031058254,1.0040528,0.17623352,1.0020243,0.031058688,1.0040894,1.035148,0.9216342,0.43097377,6,19
-0.004163648,-0.0008675563,0.8248049,0.18492071,0.9081877,0.4300241,0.8248222,0.18492146,1.0097437,0.90912086,0.42806882,6,19
-0.0034842612,0.00078179734,0.9396306,0.09993535,0.96934545,0.31612554,0.9396428,0.099935964,1.0395788,0.9244297,0.4301261,6,19
0.0015396848,-0.0047761668,0.06517108,0.94955915,0.25528628,0.9744533,0.06517345,0.949582,1.0147555,0.90917885,0.4337618,8,19
0.00031701673,0.0019410861,0.06333154,0.94502974,0.25165758,0.9721264,0.06333164,0.94503355,1.0083652,0.90773374,0.4294004,8,19
0.003161001,0.0015129279,0.6234367,0.45698565,0.78958005,0.67600715,0.62344664,0.45698795,1.0804346,0.93771726,0.44846508,8,19
-0.0051780124,-0.004329549,0.19488673,0.7537856,0.44145977,0.8682083,0.19491355,0.7538044,0.94871795,0.8801788,0.41713673,8,19
-1.829327e-05,0.0066768206,0.7988226,0.28827202,0.8937687,0.5369097,0.7988226,0.2883166,1.0871392,0.9408689,0.44933826,8,19
0.0025493095,-0.00025144522,0.18495613,0.78177416,0.43006527,0.88417995,0.18496263,0.78177416,0.9667368,0.8872358,0.42373273,8,19
-0.0034660213,0.007658108,0.900499,0.071171775,0.94894624,0.26678038,0.900511,0.07123043,0.97174144,0.8896441,0.42458785,8,19
0.0010390838,0.0015363221,0.96932673,0.07718071,0.9845439,0.27781418,0.96932787,0.07718307,1.0465109,0.9228494,0.44142947,8,19
0.003965482,9.328971e-05,0.01683107,0.99432683,0.12973462,0.99715936,0.016846795,0.99432683,1.0111735,0.9069152,0.43437123,8,19
-0.0012426557,0.0004090541,0.1509184,0.8998554,0.38848215,0.9486071,0.15091994,0.8998555,1.0507755,0.9236281,0.4446197,8,19
-0.0023720171,0.00042483635,0.013496245,1.0459894,0.11617334,1.0227362,0.013501871,1.0459896,1.0594914,0.9271588,0.447066,8,19
0.0014104823,-0.00023430513,0.009450132,0.96514803,0.09721179,0.9824195,0.009452121,0.9651481,0.97460026,0.88923407,0.42879254,10,19
0.0009147674,-0.00017098853,0.80835694,0.19417022,0.8990867,0.4406475,0.80835783,0.19417025,1.002528,0.901445,0.43580392,10,19
-0.0012573835,-0.0023700916,0.31565946,0.6347998,0.5618358,0.7967432,0.31566104,0.63480544,0.95046645,0.87914324,0.42139485,10,19
-0.002024316,0.00023044215,0.6298463,0.44203544,0.7936286,0.66485745,0.6298504,0.44203547,1.0718858,0.93376756,0.44717348,10,19
-0.0040877787,-0.00023439684,0.45432085,0.46351627,0.6740333,0.6808203,0.45433754,0.46351632,0.91785383,0.8642958,0.41333604,10,19
0.00048363,0.00500368,0.5942683,0.32827312,0.77088803,0.57295126,0.5942686,0.32829815,0.9225668,0.8670025,0.4133683,10,19
-0.0010149404,4.003872e-06,0.2119124,0.8060784,0.46033943,0.8978187,0.2119134,0.8060784,1.0179918,0.907127,0.44171518,12,19
0.0018914097,-0.0012954166,0.16144225,0.85127157,0.40179875,0.9226438,0.16144581,0.8512733,1.012719,0.9055729,0.43892676,12,19
-0.00023519917,0.00046745277,0.040095188,1.0518965,0.20023783,1.02562,0.04009524,1.0518968,1.0919919,0.9400741,0.4563472,12,19
-0.0009584522,0.0007924641,0.47602874,0.52140766,0.6899484,0.72208565,0.47602966,0.52140826,0.99743795,0.8987566,0.4355163,12,19
-0.0013926467,0.0023081498,0.0072595617,1.0802879,0.08520306,1.039369,0.007261501,1.0802933,1.0875549,0.93835646,0.4550187,12,19
0.0010228278,0.0009975054,0.24745189,0.8443209,0.49744537,0.9188694,0.24745293,0.8443219,1.0917748,0.94019985,0.4558498,12,19
0.001651416,0.0008782131,0.053382736,1.0182369,0.23104705,1.0090772,0.053385463,1.0182376,1.0716231,0.93126345,0.45207462,12,19
0.00095178006,-0.0013376619,0.289743,0.80941224,0.5382778,0.8996734,0.28974396,0.809414,1.0991579,0.94353676,0.45705175,12,19
6.679923e-05,0.00011649421,0.6647101,0.33699104,0.81529754,0.5805093,0.6647101,0.33699104,1.0017012,0.89825284,0.44141027,14,19
0.00037531904,0.0013716597,0.90396684,0.08577677,0.9507717,0.29287672,0.903967,0.085778646,0.9897456,0.8932894,0.43792653,14,19
-0.0015138432,-0.0014625143,0.31048882,0.6742039,0.5572152,0.82109916,0.3104911,0.67420596,0.9846971,0.8923844,0.43398982,14,19
-0.0016608394,-0.0006234999,0.9235027,0.16001944,0.9609905,0.4000243,0.92350537,0.16001984,1.0835252,0.9358959,0.4556578,14,19
-0.0012664201,-0.0012671576,0.007430491,1.0582432,0.0862003,1.0287094,0.0074320952,1.0582447,1.0656768,0.92657655,0.4551183,16,19
-0.000768409,-0.0005663732,1.0381055,0.03865836,1.0188746,0.19661729,1.0381061,0.03865868,1.0767647,0.9323032,0.45560446,16,19
-0.00016450515,0.0013055496,0.9062304,0.0146295335,0.95196134,0.120952606,0.9062304,0.014631238,0.92086166,0.8615562,0.42259035,16,19
0.0008753909,0.00018255768,0.8340478,0.07628174,0.9132622,0.2761915,0.83404857,0.07628177,0.91033036,0.8570043,0.41937345,16,19
0.00082251115,-0.00078214495,0.5343869,0.504694,0.7310177,0.71041816,0.5343876,0.50469464,1.039082,0.9163368,0.44655252,16,19
0.0022616405,-0.0017286468,0.9787058,0.08354889,0.9892956,0.28904825,0.9787109,0.08355187,1.0622628,0.92519605,0.45417508,16,19
0.00061799365,-0.00069341355,0.3673898,0.61223567,0.6061269,0.7824549,0.36739016,0.61223614,0.9796263,0.8893834,0.43430805,16,19
-0.00033629042,0.0001573097,0.3841477,0.63706803,0.6197965,0.79816544,0.38414782,0.6370681,1.0212159,0.90720046,0.4452003,16,19
0.0003148642,-0.0007370516,0.8264228,0.15833326,0.909078,0.39791113,0.8264228,0.15833381,0.9847567,0.8904178,0.43807852,16,19
0.00048524252,-0.00024157288,0.4375292,0.5228063,0.6614599,0.72305346,0.43752947,0.5228064,0.9603358,0.87910503,0.43302447,18,19
0.0010572614,-0.00013202321,0.922429,0.04628572,0.9604317,0.21514116,0.9224301,0.04628574,0.9687159,0.88328016,0.43420276,18,19
0.00029692557,-3.8004364e-06,0.97933334,0.0153011,0.9896127,0.123697616,0.9793334,0.0153011,0.9946345,0.89473,0.4405596,18,19
-0.00049616455,-0.0008037855,0.5450246,0.43401155,0.7382578,0.65879554,0.5450249,0.43401223,0.97903705,0.8876087,0.43725026,18,19
0.0008831127,0.0011426096,0.5773947,0.43992388,0.7598649,0.66326755,0.57739556,0.43992516,1.0173206,0.9048492,0.4456104,18,19
-0.00047246873,0.0008338161,0.8015336,0.20901646,0.89528406,0.45718318,0.8015338,0.20901716,1.010551,0.90171397,0.44436797,18,19
-0.00052689924,0.00031394858,0.07247715,0.82903194,0.2692158,0.9105119,0.072477415,0.82903194,0.9015094,0.85228956,0.41846374,20,19
-0.00074955187,0.00023922279,0.7700273,0.13462445,0.877512,0.36691204,0.7700278,0.13462451,0.90465236,0.8537997,0.41913998,20,19
-0.00016229732,0.00048136048,0.79159874,0.2485036,0.88971835,0.49850136,0.79159874,0.24850382,1.0401026,0.91549575,0.44941092,20,19
4.7552574e-05,0.00021945217,0.9697975,0.0056410837,0.984783,0.07510715,0.96979755,0.0056411317,0.9754387,0.88611436,0.4361652,20,19
0.00010186748,-0.001085259,0.7387078,0.17069198,0.8594811,0.41314885,0.7387078,0.17069317,0.90940094,0.8560133,0.4202882,20,19
0.0001140186,3.436503e-05,0.1754349,0.8687252,0.4188495,0.9320543,0.17543492,0.8687252,1.0441601,0.917431,0.44997823,22,19
-0.00075204205,-0.00025229363,0.69605404,0.2170492,0.83429855,0.4658854,0.6960546,0.21704927,0.9131039,0.85764986,0.4213556,22,19
0.00014696963,-0.00012014166,1.0651464,0.00839941,1.0320593,0.091648296,1.0651464,0.008399425,1.0735459,0.93024695,0.4562746,22,19
-0.0028308837,0.0012764933,0.8941263,0.12340896,0.9455825,0.35129613,0.8941343,0.12341058,1.0175447,0.9044455,0.44668007,22,19
0.00082006486,0.00035775086,0.03175988,1.0407457,0.17821302,1.0201695,0.031760555,1.040746,1.0725064,0.9303433,0.45493716,22,19
-0.001811677,0.0009361377,0.63555545,0.33612144,0.7972173,0.57975984,0.6355587,0.3361223,0.97168106,0.88405126,0.43604398,22,19
-0.00022921707,0.00011085131,0.22671402,0.73037595,0.47614494,0.85462034,0.22671406,0.730376,0.95709,0.87786955,0.43178132,22,19
-2.758679e-05,-0.00025707122,0.03735292,0.89461064,0.19326903,0.9458386,0.03735292,0.89461076,0.9319637,0.8661026,0.42641532,22,19
0.00029138982,-0.0010027287,0.5742153,0.4212147,0.75776994,0.64901054,0.57421535,0.42121568,0.99543107,0.8955348,0.43982783,22,19
-2.2985914e-05,0.00014051958,0.5590228,0.4486742,0.7476783,0.66983145,0.5590228,0.4486742,1.007697,0.9006885,0.44323483,22,19
-0.00081417884,0.00233278,0.93149626,0.082252294,0.9651405,0.2867966,0.9314969,0.08225773,1.0137546,0.9029771,0.4454066,22,19
0.0013543271,-0.00011269661,1.0496788,0.013305203,1.0245383,0.11534818,1.0496806,0.013305215,1.0629859,0.9256929,0.4539586,24,19
-0.0011133332,-0.00061543944,0.48343384,0.55436456,0.6952941,0.7445566,0.4834351,0.554365,1.0378001,0.91318226,0.45155087,24,19
-0.000346614,-0.00011032261,0.54301065,0.40668276,0.7368926,0.6377168,0.5430108,0.4066828,0.94969356,0.8741517,0.43075803,24,19
0.00044857356,0.0004042065,0.98927903,0.0065445956,0.9946251,0.08089867,0.9892792,0.006544759,0.995824,0.89467263,0.4420237,24,19
6.696956e-05,-0.00047716568,0.012757278,0.8902334,0.11294812,0.9435218,0.012757283,0.8902335,0.9029909,0.8536253,0.4175101,24,19
-0.00082919304,-3.1392497e-05,0.031694215,0.99255,0.17802869,0.99626803,0.0316949,0.9925499,1.0242448,0.9079131,0.44714513,24,19
0.0001065557,0.0005907871,0.39075422,0.6313224,0.62510335,0.794558,0.39075422,0.63132274,1.022077,0.9073366,0.44588932,24,19
0.00072074996,0.0009564204,0.433246,0.46736977,0.6582142,0.6836445,0.43324652,0.4673707,0.9006171,0.85222816,0.41752172,26,19
-0.0005560257,-5.886273e-05,0.67691207,0.2443007,0.82274663,0.49426782,0.67691237,0.2443007,0.9212131,0.86146206,0.4231976,26,19
0.0010033106,-0.000201019,0.7029662,0.2321779,0.8384308,0.48184842,0.7029672,0.23217794,0.93514514,0.86739206,0.42752323,26,19
-0.00021526676,-0.00032950556,0.6054497,0.4156052,0.77810645,0.6446745,0.60544974,0.4156053,1.021055,0.9058797,0.4477019,26,19
-0.00027839636,0.0001011634,0.9043362,0.000759031,0.95096594,0.027550517,0.90433633,0.0007590412,0.90509534,0.85391855,0.41942644,26,19
-0.0001114381,-0.00044305556,0.6006948,0.47262722,0.77504504,0.6874789,0.6006948,0.4726274,1.0733222,0.9302578,0.45600715,26,19
0.0005106551,-0.00017608266,0.0054498757,0.96782255,0.07382327,0.9837797,0.0054501365,0.96782255,0.9732727,0.8852067,0.43552467,26,19
0.0004861867,0.0005327113,0.75684273,0.32266045,0.8699671,0.5680321,0.756843,0.32266074,1.0795037,0.93266535,0.45786363,26,19
0.00075803907,-0.0006453665,0.39523584,0.62235713,0.62867785,0.78889614,0.3952364,0.6223576,1.017594,0.90486956,0.44587559,28,19
0.00031550112,-0.0030770428,0.98783803,0.021325389,0.9939004,0.14603215,0.9878381,0.021334857,1.0091729,0.90115964,0.44394183,28,19
0.0024227814,0.0001983709,0.8077618,0.120221704,0.89875567,0.34673002,0.8077676,0.12022175,0.9279894,0.86542004,0.42312837,28,19
2.9633096e-05,-0.00036156445,0.019590158,1.0582252,0.13996485,1.0287007,0.019590158,1.0582253,1.0778154,0.93190396,0.4575701,28,19
-0.0022203694,-0.0003357103,0.033653922,0.8767329,0.18345006,0.93634015,0.03365885,0.876733,0.91039187,0.85647976,0.42051676,28,19
-0.0020817444,0.00249362,0.42129865,0.5323756,0.6490752,0.7296407,0.42130297,0.5323817,0.9536847,0.8770338,0.4295305,28,19
-0.0001953058,-0.0007824674,0.7028706,0.28383976,0.8383738,0.53276616,0.7028706,0.2838404,0.986711,0.89097416,0.43917665,28,19
-0.0004975561,-0.0008025426,0.43685117,0.49914622,0.6609472,0.7065028,0.4368514,0.49914682,0.93599826,0.86855656,0.42615464,28,19
6.27235e-05,-0.00024250287,0.5988961,0.48286462,0.77388376,0.6948846,0.59889615,0.4828647,1.0817609,0.9341329,0.45733637,30,19
-0.00017007641,-0.00062319636,0.6474056,0.34674847,0.8046152,0.58885354,0.6474056,0.34674886,0.9941545,0.8938029,0.44189474,30,19
-0.00041038197,-0.00020708461,0.63908076,0.43263197,0.79942524,0.6577476,0.6390809,0.432632,1.071713,0.9290453,0.4567141,30,19
-0.00049113337,-0.0003281064,0.6969594,0.36097473,0.83484095,0.6008117,0.6969596,0.36097485,1.0579344,0.92323756,0.45339483,30,19
-0.057662316,0.017942475,0.49746522,0.48195648,0.70531213,0.69423085,0.5007901,0.48227847,0.98306865,0.87122035,0.4733325,-20,19
-0.016341543,0.0110296365,0.5191107,0.49841622,0.7204934,0.70598596,0.51937777,0.49853784,1.0179156,0.8926914,0.47012523,-20,19
0.02274815,0.00817175,0.4901646,0.49997407,0.7001176,0.7070885,0.4906821,0.5000408,0.990723,0.8882426,0.4491636,-20,20
0.046515476,0.02628279,0.4907562,0.5076029,0.70053995,0.71246254,0.49291992,0.5082936,1.0012136,0.8815311,0.47340947,-20,20
0.022216838,-0.0093278345,0.50544727,0.4865811,0.71094817,0.69755363,0.50594085,0.4866681,0.992609,0.8835939,0.46029416,-20,20
0.0016418407,-0.04524921,0.49403694,0.47104692,0.70287764,0.6863286,0.4940396,0.4730944,0.9671341,0.8727461,0.4532641,-18,20
-0.017849745,0.011371715,0.49176702,0.53156376,0.70126104,0.7290842,0.4920856,0.53169304,1.0237787,0.8966103,0.4689015,-18,20
0.0039415476,0.008271076,0.5231627,0.5094059,0.72329986,0.71372676,0.52317834,0.5094744,1.0326526,0.90345836,0.46520498,-18,20
-0.0015332517,-0.013339452,0.46282488,0.5178745,0.68031234,0.71963495,0.46282727,0.5180524,0.9808797,0.86931646,0.47451937,-18,20
-0.0027122432,0.0048588514,0.49605477,0.49253964,0.70431155,0.7018117,0.4960621,0.49256325,0.9886254,0.8817898,0.45942584,-18,20
0.0011913832,-0.037080627,0.50024563,0.47514743,0.70728046,0.68930936,0.50024706,0.4765224,0.9767695,0.8761281,0.45735,-18,20
-0.058930114,0.01516816,0.51906645,0.5032077,0.7204627,0.7093713,0.5225392,0.50343776,1.0259769,0.8911762,0.48143739,-18,20
-0.033476442,0.018335437,0.49278432,0.49999326,0.70198596,0.707102,0.49390498,0.5003295,0.99423444,0.8819306,0.46522343,-18,20
0.026340596,-0.014716741,0.46870372,0.5038206,0.68461937,0.7098032,0.46939754,0.5040372,0.9734347,0.86933285,0.46657807,-18,20
-0.023498248,-0.008572729,0.5321908,0.4591625,0.72951406,0.6776153,0.5327429,0.45923603,0.991979,0.88069785,0.46513462,-18,20
-0.014444333,0.0073628314,0.4701817,0.4894757,0.685698,0.6996254,0.47039035,0.4895299,0.9599202,0.86689794,0.45651737,-18,20
-0.0041114287,-0.011463195,0.49347165,0.49261415,0.70247537,0.7018648,0.49348855,0.49274552,0.98623407,0.87763965,0.4647393,-18,20
0.011352581,0.012269512,0.4683653,0.5094182,0.6843722,0.7137354,0.46849418,0.5095687,0.9780629,0.87543046,0.4600918,-18,20
-0.027149457,0.022779763,0.49842682,0.4796192,0.7059935,0.6925455,0.49916393,0.48013812,0.97930205,0.8756447,0.4610298,-16,20
0.036999535,0.039891787,0.5260394,0.48508257,0.72528577,0.69647866,0.52740836,0.48667392,1.0140823,0.896477,0.45870605,-16,20
0.010000485,-0.016490474,0.5222223,0.50324786,0.7226495,0.70939964,0.52232224,0.5035198,1.0258421,0.9019546,0.46078196,-16,20
-0.0122125605,-0.0108985165,0.51191455,0.5019062,0.71548206,0.7084534,0.5120637,0.502025,1.0140886,0.8909786,0.46930352,-16,20
0.005215116,-0.028041394,0.50424886,0.49970755,0.7101048,0.70689994,0.5042761,0.5004939,1.0047699,0.88975626,0.4616317,-16,20
0.019999336,0.0021306332,0.52185816,0.48193684,0.7223975,0.6942167,0.5222581,0.4819414,1.0041995,0.8837296,0.47246325,-16,20
0.031022016,-0.018347349,0.49628985,0.49678817,0.70447844,0.704832,0.49725223,0.4971248,0.994377,0.8848992,0.4597069,-14,20
0.0397554,0.016696958,0.47493207,0.4896434,0.68915313,0.69974524,0.47651255,0.48992217,0.9664347,0.87219083,0.4535612,-14,20
0.0073496513,-0.0028133737,0.49476886,0.51078206,0.7033981,0.7146902,0.49482292,0.51078993,1.0056129,0.89463234,0.45304066,-14,20
0.056349576,-0.013905412,0.49423894,0.48539406,0.7030213,0.6967023,0.4974142,0.48558745,0.9830017,0.87599015,0.4643736,-14,20
-0.012203667,-0.0012316164,0.49139336,0.5035666,0.70099455,0.7096243,0.49154228,0.5035681,0.9951104,0.8875405,0.4553924,-14,20
0.0086404085,-0.0046650823,0.51360846,0.46591592,0.7166648,0.68258035,0.5136832,0.46593767,0.9796208,0.87742496,0.45798072,-14,20
-0.03337418,-0.03316979,0.46974793,0.5144048,0.6853816,0.7172202,0.4708618,0.51550496,0.9863667,0.8751466,0.4695584,-14,20
-0.018890018,-0.016490016,0.48978513,0.5199435,0.6998465,0.72107106,0.4901419,0.5202154,1.0103573,0.89302564,0.46137026,-14,20
0.01241599,0.0030203033,0.5179672,0.4715013,0.7196994,0.6866595,0.51812136,0.47151038,0.9896318,0.88121533,0.4616182,-14,20
0.018970702,0.0018291967,0.5407399,0.47544804,0.7353502,0.6895274,0.5410998,0.47545138,1.0165513,0.89807785,0.4582656,-14,20
-0.033755787,0.034704268,0.51154995,0.49296162,0.7152272,0.70211226,0.51268935,0.49416602,1.0068554,0.8878387,0.46754438,-14,20
-0.0128702,0.0282085,0.523405,0.46390456,0.72346735,0.6811054,0.52357066,0.46470028,0.98827094,0.87083423,0.47949836,-14,20
-0.0003714224,0.015511155,0.4979307,0.5158336,0.70564204,0.7182156,0.49793085,0.5160742,1.0140051,0.8953362,0.46084505,-12,20
-0.02888265,-0.0028834408,0.51163185,0.4587401,0.71528447,0.67730355,0.5124661,0.4587484,0.9712145,0.8717718,0.45959586,-12,20
-0.009188931,-0.019763177,0.4772629,0.5390074,0.69084215,0.7341713,0.47734737,0.5393981,1.0167453,0.8948095,0.46482396,-12,20
0.013442588,-0.02585256,0.49385306,0.50115085,0.7027468,0.7079201,0.49403378,0.5018192,0.99585295,0.878887,0.47266325,-12,20
0.029055543,0.031669296,0.50549626,0.52029663,0.7109826,0.7213159,0.50634044,0.5212996,1.0276401,0.9003693,0.46580583,-12,20
-0.020181026,0.027312946,0.4790602,0.50401545,0.6921418,0.70994043,0.47946748,0.5047614,0.98422885,0.8822479,0.45372626,-12,20
0.05199258,-0.015927501,0.5224068,0.50272095,0.7227771,0.7090282,0.52511,0.50297457,1.0280845,0.9019983,0.4631238,-12,20
-0.02723196,0.031989004,0.49535114,0.48807865,0.7038119,0.6986263,0.49609268,0.48910198,0.9851947,0.8834845,0.4523825,-12,20
-0.03665627,0.028073948,0.49468654,0.49832296,0.7033396,0.7059199,0.49603024,0.49911112,0.9951413,0.8893095,0.45196232,-10,20
-0.014339756,-0.01987072,0.5066925,0.5150902,0.7118234,0.71769786,0.5068982,0.51548505,1.0223833,0.89726985,0.46614385,-10,20
0.0027512833,0.016362464,0.48393548,0.4903043,0.6956547,0.7002173,0.48394305,0.49057198,0.9745151,0.87486595,0.45730144,-10,20
0.053311817,-0.030385736,0.49525374,0.49102095,0.7037427,0.7007289,0.49809593,0.49194425,0.9900402,0.87643325,0.47106785,-10,20
-0.037509926,-0.019848593,0.51674396,0.4902601,0.71884906,0.7001858,0.5181509,0.49065402,1.008805,0.88425285,0.47634217,-10,20
0.028522156,0.009673742,0.51624835,0.49384868,0.71850425,0.7027437,0.51706195,0.4939423,1.0110042,0.8948724,0.4584839,-10,20
-0.021180715,0.018494409,0.5119343,0.48340157,0.7154958,0.69527084,0.5123829,0.4837436,0.99612653,0.8827431,0.46571565,-10,20
0.015717737,0.05472347,0.48748738,0.48486358,0.69820297,0.6963215,0.4877344,0.4878583,0.9755927,0.87121344,0.46538147,-8,20
-0.011184951,0.014985523,0.52866554,0.4770619,0.7270939,0.69069666,0.52879065,0.47728646,1.006077,0.89480144,0.4532191,-8,20
-0.0022242067,0.034236323,0.4680699,0.5037899,0.68415636,0.7097816,0.4680749,0.50496197,0.9730369,0.8775399,0.4505116,-8,20
0.012097111,0.005716213,0.5148814,0.4656474,0.71755236,0.6823836,0.5150277,0.46568006,0.98070776,0.8782922,0.4575046,-8,20
-0.008595197,0.008581189,0.49585027,0.48632884,0.70416635,0.6973728,0.49592412,0.48640248,0.9823267,0.88335127,0.44946322,-8,20
-0.03523556,0.0069939084,0.4859385,0.4995805,0.6970929,0.7068101,0.48718002,0.49962944,0.98680943,0.8784054,0.46391103,-8,20
0.009800443,0.0035699266,0.47150582,0.5470922,0.6866628,0.7396568,0.4716019,0.54710495,1.0187068,0.8961828,0.4642879,-8,20
0.013806043,0.0022239606,0.5387985,0.4657179,0.73402894,0.6824353,0.5389891,0.46572283,1.0047121,0.8886008,0.4637893,-8,20
-0.02354737,-0.018351601,0.5094611,0.49584702,0.71376544,0.704164,0.5100156,0.49618378,1.0061994,0.8879064,0.4667137,-8,20
-0.031923067,-0.01870042,0.51522034,0.45805153,0.7177885,0.67679507,0.5162394,0.4584012,0.97464067,0.8775166,0.45233306,-8,20
0.0010970365,-0.0039635315,0.49093217,0.49637014,0.70066553,0.7045354,0.4909334,0.49638584,0.98731923,0.88532054,0.45113942,-8,20
-0.01263032,-0.004392255,0.5534358,0.48754257,0.74393266,0.6982425,0.5535953,0.48756185,1.0411572,0.906606,0.46821225,-6,20
0.040673416,0.013149121,0.5054837,0.47025198,0.71097374,0.68574923,0.507138,0.4704249,0.9775629,0.8762127,0.45805475,-6,20
-0.0021146853,0.022987671,0.48647165,0.52470756,0.6974752,0.724367,0.4864761,0.525236,1.0117121,0.88902193,0.47048086,-6,20
0.013814298,-0.002561573,0.527178,0.4943645,0.7260702,0.7031106,0.5273688,0.49437106,1.02174,0.90296483,0.45430654,-6,20
0.010477243,0.0018631946,0.54380596,0.4862755,0.737432,0.6973346,0.54391575,0.48627895,1.0301948,0.8931092,0.48223495,-6,20
0.024618363,0.0002578376,0.4626071,0.55124533,0.68015224,0.742459,0.46321315,0.55124533,1.0144585,0.89949954,0.45316562,-6,20
-0.014699092,-0.0027710046,0.4511655,0.5589358,0.67168856,0.7476201,0.45138156,0.5589435,1.0103252,0.8853717,0.4758592,-4,20
-0.03259668,0.014765168,0.5389962,0.44853657,0.73416364,0.66972876,0.5400588,0.4487546,0.9888134,0.8792739,0.4644253,-4,20
0.02261343,-0.016964875,0.55110854,0.43067008,0.74236685,0.6562546,0.5516199,0.4309579,0.9825778,0.88132143,0.4537073,-4,20
-0.014652706,0.011769459,0.59427184,0.41022557,0.7708903,0.64048856,0.5944865,0.41036406,1.0048506,0.8854964,0.46983692,-4,20
-0.009629967,-0.02123462,0.48964956,0.55110353,0.69974965,0.74236345,0.48974228,0.55155444,1.0412968,0.90054494,0.47991207,-4,20
0.010244695,-0.019500885,0.45234707,0.557374,0.67256755,0.7465748,0.452452,0.5577543,1.0102062,0.88079154,0.48416167,-4,20
-0.009566519,0.0236787,0.5837034,0.44902533,0.7640048,0.67009354,0.5837949,0.44958603,1.033381,0.9015392,0.4696893,-4,20
-0.006266558,0.0069452417,0.54143345,0.46065718,0.7358216,0.6787173,0.5414728,0.4607054,1.0021782,0.8882406,0.46174332,-4,20
-0.019867446,0.006967386,0.5789261,0.44619194,0.76087195,0.667976,0.5793209,0.4462405,1.0255613,0.9011329,0.4620832,-4,20
0.033908457,-0.012692101,0.6135514,0.44133455,0.7832952,0.6643301,0.61470115,0.44149563,1.0561968,0.92646843,0.4448067,-2,20
-0.009276155,-0.022630494,0.7015725,0.33547324,0.8375992,0.5792005,0.7016585,0.33598536,1.0376439,0.908065,0.46158612,-2,20
-0.017184116,-0.002208441,0.34634376,0.6842043,0.5885098,0.82716644,0.34663904,0.68420917,1.030848,0.90440595,0.46140867,-2,20
-0.023759702,-0.023461487,0.58120096,0.35410985,0.76236534,0.5950713,0.58176553,0.35466027,0.93642586,0.86017615,0.44330892,-2,20
0.009485742,0.008233203,0.73715603,0.32631814,0.8585779,0.57124263,0.737246,0.32638595,1.0636319,0.9157833,0.47431302,-2,20
0.0123988055,0.01152613,0.3749102,0.6433128,0.61229914,0.8020678,0.37506396,0.6434456,1.0185096,0.9011762,0.45430288,-2,20
-0.008774627,-0.005165007,0.5329052,0.42917553,0.7300036,0.6551149,0.53298223,0.4292022,0.9621844,0.86566067,0.4613198,-2,20
-0.017735545,-0.0043117693,0.537578,0.4468837,0.7331971,0.6684936,0.5378925,0.44690228,0.98479474,0.8790305,0.46054322,-2,20
-0.011502908,-0.022307241,0.6189567,0.42617834,0.786738,0.6528233,0.619089,0.42667595,1.045765,0.9156802,0.45529628,-2,20
0.004051067,0.00884922,0.4430508,0.56768584,0.6656206,0.7534493,0.44306722,0.56776416,1.0108314,0.89373267,0.46051422,-2,20
-0.01410431,-0.022778241,0.64716387,0.38384712,0.80446494,0.619554,0.6473628,0.38436598,1.0317289,0.9092033,0.45285556,0,20
-0.0053861635,-0.00038790144,0.3030217,0.62460697,0.55047405,0.7903208,0.30305073,0.6246072,0.9276579,0.86354506,0.42655343,0,20
0.02468525,-0.008854049,0.28217548,0.7526977,0.5312019,0.86758155,0.28278488,0.7527761,1.035561,0.91923696,0.43653667,0,20
-0.017642621,-0.010313212,0.7896411,0.2665676,0.8886175,0.5163018,0.78995234,0.26667392,1.0566263,0.9242312,0.44991452,0,20
0.009820259,-0.008083053,0.76504236,0.250754,0.874667,0.5007534,0.7651388,0.25081933,1.0159582,0.900772,0.45229203,0,20
-0.0186527,-0.0024499437,0.42279798,0.51369834,0.65022916,0.7167275,0.4231459,0.5137043,0.93685025,0.8665804,0.43114805,0,20
-0.02140535,-0.00859005,0.35910454,0.6422782,0.5992533,0.8014226,0.35956275,0.642352,1.0019147,0.8956256,0.4469558,0,20
0.008145913,0.0049507767,0.44567093,0.433029,0.6675859,0.6580494,0.4457373,0.43305346,0.87879074,0.8430152,0.41001973,0,20
-0.010298494,-0.00042644423,0.68250525,0.33977953,0.82613873,0.5829061,0.6826113,0.33977973,1.022391,0.9066323,0.44767058,0,20
0.024926387,-0.0025270274,0.27996737,0.7516593,0.52911943,0.8669829,0.2805887,0.7516657,1.0322543,0.9154347,0.4407195,0,20
-0.008072529,0.0072749555,0.6487849,0.32107806,0.80547184,0.5666375,0.6488501,0.321131,0.969981,0.8830477,0.43612823,0,20
0.0047926717,0.008011021,0.22122806,0.72895813,0.47034886,0.85379046,0.22125101,0.72902226,0.9502733,0.87110937,0.43754068,0,20
-0.0034777839,0.009877837,0.27886066,0.7272943,0.5280726,0.8528155,0.27887276,0.72739184,1.0062646,0.9016552,0.43963915,2,20
-0.0007018144,-0.019385068,0.13755624,0.74961764,0.37088576,0.8658046,0.13755675,0.7499934,0.8875502,0.84735304,0.4117559,2,20
-0.005647054,-0.013403073,0.1217235,1.0027714,0.34888896,1.0013847,0.12175538,1.002951,1.1247065,0.95090854,0.46955228,2,20
-0.013461599,0.0023499657,0.8693719,0.25440767,0.9324011,0.5043884,0.8695531,0.2544132,1.1239663,0.95362616,0.46321002,2,20
-0.0072014523,0.0087616,0.7967585,0.1696675,0.8926133,0.41190714,0.79681027,0.16974425,0.9665546,0.882642,0.43301013,2,20
0.0007214518,-0.0056754733,0.3564376,0.7891642,0.59702396,0.8883491,0.35643813,0.7891964,1.1456347,0.9632077,0.4667606,2,20
-0.004606384,-0.0024024183,0.7400295,0.38738298,0.8602497,0.622401,0.74005073,0.38738877,1.1274395,0.9566599,0.4606966,2,20
-0.0007588337,0.0075060013,0.9791368,0.19002104,0.98951346,0.43591404,0.97913736,0.19007738,1.1692148,0.9761716,0.46508464,4,20
-0.004981362,0.009386223,0.39684612,0.7507176,0.62995726,0.8664396,0.3968709,0.7508056,1.1476767,0.97109544,0.45238277,4,20
0.0016167201,-0.0045819078,0.22319847,0.9088853,0.47243884,0.9533548,0.22320108,0.9089063,1.1321074,0.96205056,0.45449537,4,20
0.009462741,-0.007527012,0.9342092,0.17065847,0.966545,0.4131083,0.93429875,0.17071511,1.105014,0.94989514,0.45023692,4,20
0.0057126395,-0.011539952,0.13798493,0.92372227,0.37146324,0.9611047,0.13801755,0.9238554,1.061873,0.93509316,0.43298241,4,20
0.0005347455,-0.00018172897,0.13171837,0.8824275,0.36293024,0.9393761,0.13171865,0.8824276,1.0141462,0.9093216,0.43275917,4,20
0.005561707,-0.009713053,0.1443972,0.6987003,0.37999633,0.83588296,0.14442813,0.69879466,0.84322274,0.8332529,0.38589153,4,20
0.0005876594,0.014145789,0.48816824,0.39097875,0.69869035,0.62528294,0.4881686,0.39117885,0.87934744,0.8418797,0.4130206,4,20
-0.0020539672,0.005877794,0.5655178,0.4756696,0.75200915,0.689688,0.56552196,0.4757042,1.0412261,0.9197998,0.44180834,4,20
0.0035252115,-0.0047962517,0.84453166,0.14704227,0.91898406,0.3834609,0.84454405,0.14706528,0.99160933,0.89925665,0.42772287,4,20
0.002711467,0.008445831,0.8471427,0.06715664,0.92040354,0.25914598,0.8471501,0.067227975,0.91437805,0.862127,0.41366053,4,20
-0.012815701,0.01590554,0.8194611,0.07377264,0.9052409,0.27161118,0.8196254,0.07402562,0.893651,0.8528125,0.4078748,4,20
0.0012062895,-0.0026561953,0.22147684,0.8013133,0.47061327,0.89516103,0.22147828,0.8013203,1.0227987,0.9114411,0.4382622,6,20
-0.001787949,-0.0039561884,0.75974005,0.2663095,0.87163067,0.5160518,0.7597432,0.26632518,1.0260684,0.9121642,0.44048247,6,20
-0.004818119,-0.003919727,1.0059237,0.09147588,1.0029575,0.3024498,1.0059471,0.091491245,1.0974383,0.9454285,0.45122412,6,20
-0.0014911044,0.003462978,0.40535045,0.43946126,0.63667136,0.66291875,0.40535265,0.43947327,0.8448259,0.8287027,0.39759004,8,20
-0.0018157058,-0.0011477047,0.78547233,0.20973441,0.8862688,0.4579677,0.7854756,0.20973572,0.99521136,0.8963845,0.4378428,8,20
-0.005716472,0.00011769042,0.8752522,0.18026309,0.93554914,0.42457402,0.8752848,0.1802631,1.055548,0.92447996,0.4482016,8,20
0.0010165818,-0.0012604936,0.43350717,0.588431,0.65841264,0.7670926,0.4335082,0.58843267,1.0219407,0.9080521,0.44427717,8,20
0.0024183283,-0.0056244717,0.4528718,0.6906948,0.6729575,0.8310805,0.45287764,0.69072646,1.143604,0.9614951,0.46811464,8,20
0.0048719672,-0.005296876,0.45308787,0.7008705,0.673118,0.8371801,0.45311162,0.7008985,1.1540103,0.9686221,0.4645229,8,20
0.006585001,-0.0073015355,0.073726475,0.8769513,0.2715262,0.93645674,0.07376984,0.8770046,0.95077443,0.8758269,0.4286044,8,20
-0.00038339844,0.0020634944,0.0101337675,1.0718647,0.10066661,1.035309,0.010133914,1.071869,1.0820029,0.9351151,0.45559034,8,20
-0.0006230669,-0.0043992065,0.09507526,1.071246,0.30834275,1.0350101,0.095075645,1.0712655,1.1663411,0.9723784,0.46991637,8,20
0.0010744724,-0.00067080447,0.10080923,0.82305616,0.3175047,0.9072244,0.100810386,0.8230566,0.923867,0.86591643,0.41719988,10,20
0.0036449777,-0.0019432745,0.89038354,0.050480418,0.94360137,0.22467847,0.89039683,0.050484195,0.940881,0.87080073,0.42730218,10,20
0.0009571614,0.0015031716,0.6200478,0.34749386,0.7874311,0.5894861,0.62004864,0.3474961,0.9675448,0.8805795,0.43832013,10,20
-0.0035864795,0.0014577582,0.30394933,0.65466005,0.551316,0.80911064,0.30396217,0.6546622,0.95862436,0.8769542,0.43540293,10,20
-0.0035958197,0.00065881386,0.010433813,1.018322,0.10214604,1.0091194,0.010446742,1.0183225,1.0287693,0.9134389,0.44090647,10,20
0.0020820657,0.0013794026,0.10065718,1.0295728,0.31726515,1.0146787,0.100661516,1.0295748,1.1302361,0.9563235,0.46441534,10,20
-0.0034320583,0.0005054071,0.9965199,0.00438901,0.9982585,0.0662496,0.9965317,0.004389265,1.000921,0.89383423,0.44942322,10,20
-0.00027811853,0.0019168833,0.8370663,0.3181312,0.9149133,0.5640312,0.8370664,0.3181349,1.1552013,0.9668975,0.46937257,12,20
-0.00044769165,0.0006487614,0.020568877,0.97471654,0.14341854,0.9872773,0.020569077,0.9747169,0.995286,0.89542,0.43989658,12,20
-0.001230045,-0.002294016,1.0378209,0.022266533,1.0187349,0.14921975,1.0378225,0.022271795,1.0600942,0.92242604,0.4574106,12,20
-3.86443e-05,0.0014564221,0.80079305,0.19304433,0.8948704,0.4393681,0.80079305,0.19304645,0.9938395,0.89215136,0.44486582,12,20
-0.0002330702,-0.00044595497,0.83142436,0.0043693073,0.91182476,0.06610074,0.8314244,0.004369506,0.835794,0.8231983,0.39766628,12,20
-8.348428e-05,-0.00134543,0.027045833,1.1193281,0.16445617,1.057983,0.027045837,1.1193299,1.1463758,0.9607939,0.47249433,12,20
-3.2302283e-05,-0.0020564573,0.09529202,1.1034831,0.30869406,1.0504681,0.095292024,1.1034873,1.1987793,0.9852421,0.47757432,12,20
-0.0001641755,0.00019052456,0.0025904393,1.105136,0.050896358,1.0512545,0.002590466,1.1051362,1.1077266,0.94669735,0.4598812,12,20
0.0029453898,-0.003126882,0.7238498,0.09197756,0.8507936,0.30327803,0.7238585,0.09198734,0.8158457,0.8115891,0.39644542,12,20
0.0029047308,-0.0007815099,0.94868356,0.20126322,0.97400385,0.4486237,0.948692,0.20126382,1.1499557,0.9623975,0.47301883,12,20
-0.001907612,-0.0015735715,0.1018807,0.92818576,0.31918755,0.96342397,0.10188434,0.92818826,1.0300727,0.9093832,0.45066044,14,20
-9.457144e-05,0.0007631034,0.99485207,0.049203787,0.9974227,0.22181927,0.99485207,0.04920437,1.0440564,0.9150895,0.45460713,14,20
0.00035928917,-0.00047259225,0.9775737,0.029828092,0.9887233,0.17270811,0.9775739,0.029828317,1.0074022,0.89584434,0.45262027,14,20
-0.00012203792,-4.8120273e-06,0.025688216,1.1431792,0.16027544,1.0691956,0.025688227,1.1431792,1.1688675,0.97172546,0.4739379,14,20
-0.001927334,-0.001155295,0.33783463,0.6830621,0.5812354,0.8264757,0.33783832,0.6830634,1.0209017,0.9042543,0.45080584,14,20
-0.0014551659,0.00074319774,0.00903172,0.8612989,0.09503537,0.9280619,0.009033838,0.86129946,0.8703333,0.8393964,0.40712035,14,20
0.0013738794,0.00065480394,0.002070608,0.99939626,0.045503933,0.9996981,0.0020724954,0.9993967,1.0014691,0.89526904,0.44717172,14,20
-0.00018327513,0.0003633793,0.9643687,0.029055938,0.98202276,0.17045802,0.96436876,0.029056072,0.9934248,0.89241487,0.44386992,16,20
-0.00045734493,0.00031426677,0.011745782,0.9973253,0.108377956,0.99866176,0.01174599,0.9973254,1.0090714,0.8974632,0.4512551,16,20
0.0012467434,-0.0011098264,1.0794002,0.083294235,1.0389419,0.28860742,1.0794017,0.083295465,1.1626972,0.9658767,0.47935316,16,20
-0.0013469094,0.0015599839,0.4512168,0.45839256,0.6717267,0.67704695,0.45121863,0.458395,0.9096136,0.85682666,0.41888157,16,20
-0.00027329708,-3.3036107e-05,0.17973083,0.66343296,0.42394674,0.8145139,0.17973092,0.66343296,0.84316385,0.8243124,0.40456507,16,20
-0.0009683401,0.0010122927,0.2785159,0.7176651,0.5277461,0.84715116,0.27851683,0.71766615,0.996183,0.8966137,0.43848234,16,20
0.0002343604,0.00018227518,0.95774686,0.11014585,0.97864544,0.3318823,0.95774686,0.1101459,1.0678928,0.92659736,0.45750412,16,20
-2.173701e-05,-0.0005321564,1.0579922,0.045933213,1.0285875,0.21432035,1.0579922,0.0459335,1.1039257,0.94044495,0.4684967,16,20
0.0011947688,-0.0013192687,0.67713344,0.2820406,0.82288116,0.53107494,0.6771349,0.28204232,0.95917726,0.8729995,0.44390213,18,20
0.00077566976,0.0007461816,0.65594006,0.36925328,0.80990124,0.60766214,0.65594065,0.36925387,1.0251945,0.9053403,0.45337996,18,20
-0.0009305576,-0.00018702302,0.12001611,1.0142254,0.34643343,1.0070876,0.12001698,1.0142254,1.1342424,0.9559746,0.46941984,18,20
0.0007336533,-0.0011759028,0.7059605,0.28873622,0.84021455,0.53734183,0.70596105,0.2887376,0.9946986,0.89462453,0.44084632,18,20
-0.0004929624,0.00020452272,1.0090101,0.00023258913,1.0044949,0.015250873,1.0090103,0.00023263096,1.009243,0.8954753,0.45537558,18,20
-0.001095432,-0.000866935,0.9471415,0.00847771,0.97321194,0.09207448,0.9471428,0.008478462,0.95562124,0.8750395,0.43580619,20,20
0.00070002617,0.00064427615,0.004439435,0.91632545,0.06662908,0.9572489,0.004439925,0.91632587,0.92076576,0.8558909,0.4338393,20,20
0.00028525654,0.00087911217,0.07723053,0.76399016,0.27790383,0.8740653,0.0772306,0.763991,0.8412216,0.8231497,0.4045322,20,20
-0.00026996635,-0.001321083,0.30855805,0.6855015,0.55548,0.8279502,0.3085581,0.68550324,0.99406135,0.8920927,0.4452325,20,20
-0.0008097344,0.00024126662,0.5996134,0.4965552,0.7743471,0.70466673,0.59961414,0.4965553,1.0961695,0.9375385,0.46603757,20,20
-0.0009695728,-1.8000486e-05,0.021337086,0.94976676,0.1460722,0.9745598,0.021338027,0.94976676,0.97110474,0.8818977,0.43972856,20,20
0.0006047525,0.0015778466,0.9830473,0.008006599,0.99148744,0.0894796,0.9830477,0.008009088,0.9910568,0.8892451,0.44754887,20,20
-0.00019153574,0.002029546,0.9557705,0.09297796,0.97763515,0.30492288,0.95577055,0.09298208,1.0487525,0.9156159,0.45869383,20,20
0.0015136434,-0.0007014275,0.02775269,0.9479402,0.16659139,0.9736222,0.02775498,0.9479406,0.97569567,0.8858909,0.43691304,20,20
-0.00029345878,0.0006285345,0.46501708,0.47376645,0.6819216,0.6883069,0.46501714,0.47376686,0.938784,0.8698784,0.42672664,20,20
-0.0008384025,-0.00037163403,1.116533,0.04938077,1.0566612,0.22221784,1.1165336,0.04938091,1.1659145,0.9680753,0.4782728,22,20
-1.4709207e-05,0.00018548634,0.6783771,0.28672385,0.82363653,0.535466,0.67837715,0.28672385,0.96510094,0.87538725,0.4458679,22,20
-0.001819273,-6.635324e-06,0.014168868,0.9639914,0.11903305,0.98183066,0.014172177,0.9639914,0.9781636,0.88850135,0.4344295,22,20
-0.0006796829,0.0001469843,0.4514984,0.35846072,0.6719363,0.5987159,0.45149887,0.35846072,0.80995953,0.80703723,0.3983095,22,20
-1.9717765e-05,0.0009014163,0.012798501,0.931189,0.11313046,0.9649813,0.012798501,0.93118984,0.9439884,0.86862934,0.4352832,22,20
8.901504e-05,-0.0006133048,0.0026740148,0.9877145,0.051710878,0.9938383,0.0026740225,0.9877148,0.9903889,0.89227986,0.44071022,22,20
-0.00010166882,0.00043868565,0.1338564,0.73114324,0.36586392,0.85506916,0.1338564,0.7311435,0.8649999,0.83095443,0.41774938,22,20
0.0020653899,0.0017169808,0.12115601,0.8010286,0.3480747,0.895002,0.12116027,0.8010316,0.92219186,0.8557929,0.43567237,22,20
-0.00038515514,0.00065979816,1.0400796,0.0060529513,1.019843,0.07780071,1.0400798,0.0060533867,1.0461332,0.91749525,0.45203495,22,20
0.0020225737,-0.0009797248,0.56148183,0.33045498,0.7493209,0.5748521,0.5614859,0.33045593,0.8919418,0.84418136,0.4234379,24,20
0.0010164268,0.00012558058,0.54462653,0.428882,0.7379882,0.65489084,0.5446276,0.428882,0.97350955,0.8852876,0.43563226,24,20
0.0004240876,0.00048045526,0.8580393,0.089315854,0.9263041,0.29885757,0.85803944,0.089316085,0.94735557,0.8711854,0.43404084,24,20
-0.00038931402,-8.562478e-06,0.67528343,0.26085204,0.8217563,0.51073676,0.67528355,0.260852,0.9361356,0.865733,0.43202075,24,20
-0.00022248478,-0.00060140283,0.9129571,0.078058645,0.95548785,0.27938977,0.91295713,0.078059,0.99101615,0.88980514,0.44638884,24,20
-0.0009421528,-0.001298398,0.13492508,1.0259186,0.3673215,1.0128764,0.13492596,1.0259203,1.1608462,0.9650199,0.47914818,24,20
0.0005586009,0.00030360738,1.0079304,0.0850539,1.0039574,0.29164,1.0079308,0.08505399,1.0929847,0.9384974,0.46065956,24,20
0.00040445806,-0.0007345963,0.0068081436,0.80150783,0.08251148,0.8952697,0.006808307,0.80150837,0.8083167,0.8064167,0.39750323,24,20
-0.0011594591,5.190319e-06,0.46731043,0.5868938,0.6836011,0.7660899,0.4673118,0.5868938,1.0542057,0.9193459,0.45717463,24,20
-0.0004827165,-0.00019465742,0.07066633,1.0271099,0.26583138,1.0134643,0.07066656,1.0271101,1.0977767,0.9405447,0.4616842,24,20
0.00091694726,-0.00033043238,0.89000994,0.028886693,0.94340336,0.16996086,0.8900108,0.028886802,0.9188976,0.85886765,0.42572764,24,20
0.0015991802,-0.003384729,0.32284814,0.6628826,0.56819725,0.814176,0.32285067,0.6628941,0.9857448,0.88757867,0.44491443,26,20
6.878401e-05,-0.00034400204,0.088813856,1.0822039,0.29801655,1.0402902,0.088813856,1.082204,1.1710179,0.9696986,0.48031506,26,20
0.0003479892,-0.0006479005,0.15553334,0.8310138,0.39437717,0.9115996,0.15553346,0.8310143,0.9865477,0.88759124,0.4457909,26,20
0.00044370216,0.0022444269,0.78316694,0.1724548,0.8849672,0.41527677,0.7831671,0.17245984,0.95562696,0.8752615,0.43536684,26,20
0.0007808894,0.0005800488,0.016257927,0.99818146,0.12750657,0.9990903,0.016258538,0.9981817,1.0144403,0.90071917,0.45071638,28,20
0.00036694526,0.0006866963,0.015210685,0.80396366,0.12333161,0.8966402,0.01521082,0.80396414,0.819175,0.81071246,0.4023933,28,20
1.4661535e-05,0.00021842713,0.14606918,0.7839104,0.38219,0.8853871,0.14606918,0.7839104,0.9299797,0.8647412,0.42685163,28,20
-0.0005883596,-0.0006445168,0.9871763,0.06007554,0.99356747,0.24510312,0.9871766,0.06007596,1.0472525,0.9173012,0.45366415,28,20
-0.000860604,-0.0008243723,0.54308426,0.30649123,0.7369425,0.5536165,0.54308504,0.3064919,0.8495769,0.82454765,0.4119442,28,20
-0.0009291537,-0.0009413238,0.91677415,0.25201818,0.95748323,0.5020141,0.916775,0.2520191,1.1687942,0.96776175,0.48190382,28,21
-0.0002291592,0.0015287204,0.25912568,0.7865654,0.5090439,0.8868852,0.2591257,0.7865678,1.0456935,0.9178564,0.45081386,28,21
0.0002367872,0.00060286646,1.0484498,0.020589205,1.0239383,0.14348939,1.0484498,0.02058957,1.0690393,0.9242481,0.46347037,28,21
0.00197388,-0.00064641587,0.11372854,0.8693869,0.3372366,0.9324092,0.11373244,0.8693873,0.9831198,0.88796693,0.44117403,28,21
0.00080137164,-0.00013929029,0.43316245,0.40346804,0.6581508,0.6351913,0.4331631,0.40346807,0.8366312,0.8211705,0.40287736,28,21
0.0011306708,-0.0009777821,0.011663686,1.0339991,0.10799854,1.0168575,0.011664963,1.0339999,1.0456649,0.9160559,0.45442998,30,21
0.00068247516,-0.0010597447,0.08781427,1.0528064,0.29633474,1.0260636,0.08781473,1.0528075,1.1406221,0.95825326,0.4715643,30,21
0.0010159581,-0.0017379521,0.14383692,0.71907085,0.37925836,0.84798044,0.14383796,0.7190739,0.8629118,0.83009315,0.4169619,30,21
0.00028848273,-0.00029947812,0.26673466,0.5622222,0.51646364,0.74981475,0.26673472,0.5622223,0.828957,0.817401,0.40101457,30,21
0.00010446313,-0.00040342752,0.031580716,1.1163449,0.17770964,1.0565722,0.031580724,1.1163449,1.1479259,0.96170175,0.47228754,30,21
-3.3394317e-05,-0.00026627013,0.621432,0.24413994,0.7883096,0.4941052,0.62143207,0.24414,0.865572,0.83492786,0.41044796,30,21
0.0011851484,0.0011888695,0.73249257,0.42069608,0.8558578,0.6486109,0.732494,0.42069748,1.1531916,0.96350586,0.47418144,30,21
-0.0037367255,-0.011216419,0.4945779,0.5052308,0.7032623,0.7107959,0.49459186,0.5053566,0.99994844,0.89100325,0.4539402,-20,21
0.010385178,0.07601537,0.50302714,0.47863987,0.7092441,0.691838,0.50313497,0.4844182,0.9875532,0.8743824,0.47223797,-20,21
0.0029755682,0.030856673,0.47755998,0.50881475,0.69105715,0.7133125,0.47756884,0.5097669,0.9873357,0.88546383,0.45087638,-20,21
-0.006913569,0.022513587,0.5078472,0.4785151,0.71263397,0.69174784,0.507895,0.47902197,0.986917,0.88297755,0.4552665,-20,21
-0.014564089,-0.025538862,0.49863848,0.5355413,0.7061434,0.7318069,0.49885058,0.53619355,1.0350441,0.9002063,0.47399646,-20,21
0.015098228,-0.0048875264,0.4860146,0.50724876,0.6971475,0.712214,0.48624256,0.50727266,0.9935152,0.884661,0.4592277,-20,21
0.00025939452,0.010601065,0.5032548,0.50210977,0.7094045,0.70859706,0.5032548,0.5022222,1.005477,0.8890692,0.4637164,-20,21
0.042137846,0.042541634,0.4783505,0.5171183,0.6916289,0.71910936,0.48012608,0.51892805,0.9990542,0.8862908,0.46210697,-20,21
0.008286839,-0.0038726758,0.48200095,0.5127215,0.69426286,0.71604574,0.48206958,0.51273644,0.99480605,0.87830555,0.4726366,-20,21
-0.054774664,0.033952452,0.53035545,0.5024555,0.7282551,0.7088409,0.5333557,0.5036082,1.0369639,0.89865255,0.47894412,-18,21
0.009693885,0.015070996,0.47234038,0.5228873,0.6872702,0.7231095,0.47243434,0.52311444,0.9955488,0.88217837,0.4661654,-18,21
0.045092933,0.016009733,0.47370306,0.47747028,0.6882609,0.69099224,0.47573644,0.47772658,0.953463,0.866165,0.45080072,-18,21
-0.019412717,0.03841792,0.4985178,0.5052503,0.70605797,0.7108096,0.4988947,0.5067262,1.0056208,0.88766205,0.46655858,-18,21
-0.017387506,-0.005405605,0.4735227,0.5137155,0.68812984,0.7167395,0.47382504,0.5137447,0.9875698,0.88102067,0.45975247,-18,21
-0.023638166,0.0069216657,0.4988553,0.5075576,0.70629686,0.7124308,0.49941403,0.5076055,1.0070195,0.89269066,0.45839176,-18,21
-0.043962315,0.016735842,0.49421424,0.5082399,0.7030037,0.71290946,0.49614692,0.50852,1.0046669,0.8898584,0.46132305,-18,21
-0.0018296426,0.033286687,0.52277744,0.4601313,0.7230335,0.67832977,0.5227808,0.46123928,0.9840201,0.8825771,0.45285505,-16,21
-0.015470613,-0.025971243,0.5144323,0.5081121,0.7172394,0.7128198,0.5146717,0.50878656,1.0234581,0.8940244,0.4734751,-16,21
0.012419068,-0.0051135216,0.49998093,0.49669784,0.7070933,0.70476794,0.5001352,0.496724,0.9968592,0.88863456,0.4551787,-16,21
-0.027398134,0.012240838,0.5354371,0.487045,0.7317357,0.6978861,0.53618777,0.48719478,1.0233825,0.89610773,0.4694396,-16,21
0.012976078,0.006996383,0.51971364,0.5039867,0.7209117,0.7099202,0.519882,0.5040356,1.0239177,0.8938081,0.47436762,-16,21
0.024240604,0.022080591,0.4962899,0.5103408,0.70447844,0.7143814,0.49687755,0.5108284,1.0077059,0.8916694,0.4611201,-16,21
0.030453604,-0.027195996,0.4772054,0.52210045,0.69080055,0.7225652,0.4781328,0.5228401,1.000973,0.8903913,0.45626336,-16,21
-0.016470933,-0.019260747,0.48728132,0.4996986,0.6980554,0.7068936,0.4875526,0.5000696,0.98762226,0.8858387,0.4504576,-16,21
0.03236693,0.016364267,0.5026752,0.49756813,0.7089959,0.7053851,0.5037228,0.4978359,1.0015587,0.8816209,0.4736067,-16,21
0.014118014,-0.028515093,0.4779355,0.5131548,0.69132876,0.71634823,0.47813478,0.513968,0.99210274,0.87706625,0.47207788,-16,21
-0.035118446,-0.005894836,0.53413546,0.50089455,0.7308457,0.70773906,0.53536874,0.5009293,1.036298,0.90733916,0.4615557,-14,21
-0.030846473,-0.0042689033,0.4921498,0.5155889,0.7015339,0.7180452,0.49310124,0.5156071,1.0087082,0.88986224,0.46567538,-14,21
0.013972944,-0.030279111,0.5014947,0.50395817,0.7081629,0.7099001,0.50169,0.504875,1.0065649,0.8970697,0.44925585,-14,21
0.013003277,0.007223554,0.47852886,0.551046,0.6917578,0.7423247,0.4786979,0.5510982,1.0297961,0.8977667,0.47308686,-14,21
0.0010009222,0.03771823,0.5118427,0.49034083,0.71543187,0.7002434,0.5118438,0.49176347,1.0036073,0.88971335,0.46045345,-14,21
-0.014949311,-0.019818418,0.4720466,0.5047433,0.6870565,0.71045285,0.47227007,0.5051361,0.97740614,0.8668159,0.47543275,-14,21
0.009596127,-0.030089937,0.5190829,0.4947825,0.72047406,0.70340776,0.51917493,0.4956879,1.0148629,0.8914356,0.46926054,-14,21
0.026885187,0.0055089323,0.5069505,0.5200785,0.71200454,0.72116464,0.50767326,0.5201089,1.0277822,0.8998095,0.46703857,-14,21
-0.0280057,-0.032414734,0.5386946,0.47692516,0.7339582,0.6905977,0.5394789,0.47797588,1.0174547,0.89220405,0.47055995,-14,21
0.020903695,0.009664279,0.5184057,0.51328546,0.72000396,0.7164394,0.5188427,0.51337886,1.0322216,0.907122,0.45754907,-12,21
0.02032063,0.05596501,0.47545117,0.4925969,0.68952966,0.7018525,0.4758641,0.495729,0.9715931,0.8721762,0.4592405,-12,21
-0.038659327,-0.0065790797,0.5397911,0.48046055,0.7347048,0.6931526,0.5412857,0.48050386,1.0217896,0.8915036,0.47645667,-12,21
0.0038368106,-0.0073201642,0.49842933,0.49596602,0.70599526,0.70424855,0.49844405,0.4960196,0.9944637,0.8837555,0.46199548,-12,21
0.04642157,0.017977644,0.49993095,0.49218258,0.70705795,0.7015573,0.5020859,0.4925058,0.9945917,0.882245,0.4650112,-12,21
-0.016485296,0.005801697,0.49579728,0.51394725,0.70412874,0.7169011,0.49606907,0.51398087,1.01005,0.8815878,0.48254836,-12,21
0.0014518839,-0.018504072,0.51655596,0.49508303,0.7187183,0.7036214,0.51655805,0.49542543,1.0119835,0.8909955,0.46702307,-12,21
0.035788093,0.00698784,0.4874091,0.5113523,0.69814694,0.715089,0.4886899,0.5114012,1.0000911,0.8812058,0.47282907,-12,21
0.003321548,-0.021531088,0.46428397,0.50859296,0.68138385,0.71315706,0.464295,0.50905657,0.9733516,0.87868863,0.44861773,-12,21
-0.023717783,0.009840317,0.45772362,0.538992,0.6765528,0.7341607,0.45828614,0.53908885,0.997375,0.88447237,0.46377108,-12,21
-0.041120574,0.018318497,0.48708916,0.47996897,0.6979177,0.6927979,0.48878002,0.48030454,0.96908456,0.8774371,0.4463057,-12,21
-0.0040990403,-0.0059855394,0.523245,0.49611926,0.7233567,0.7043573,0.5232617,0.49615508,1.0194168,0.8956181,0.46613848,-10,21
0.026065158,0.0228765,0.47174013,0.4840738,0.6868334,0.6957541,0.4724195,0.48459715,0.9570167,0.86330765,0.4601266,-10,21
0.0061837328,0.03725905,0.5283605,0.5220175,0.72688407,0.7225078,0.52839875,0.5234058,1.0518045,0.91268593,0.4677701,-10,21
-0.0154795535,0.02734946,0.53313357,0.49970666,0.73015994,0.70689934,0.53337324,0.50045466,1.0338279,0.89850324,0.4759409,-10,21
-0.022800004,0.043376893,0.49403894,0.50915754,0.702879,0.7135528,0.49455878,0.51103914,1.0055978,0.8840405,0.47336066,-10,21
-0.017343594,0.027915169,0.52316076,0.49501514,0.72329855,0.7035731,0.5234615,0.49579442,1.0192559,0.8943464,0.46840206,-10,21
0.005169997,-0.0035849223,0.4921925,0.4946742,0.7015643,0.7033308,0.4922192,0.49468702,0.9869063,0.8782036,0.4643972,-10,21
0.039580386,0.031359002,0.49902034,0.5044099,0.7064137,0.7102182,0.500587,0.50539327,1.0059803,0.89023584,0.46201774,-8,21
-0.028581949,0.0023932718,0.47061116,0.5221417,0.686011,0.7225937,0.4714281,0.5221474,0.99357545,0.8846043,0.4594027,-8,21
0.038721904,-0.024360333,0.49101925,0.5118425,0.70072764,0.7154317,0.49251866,0.5124359,1.0049546,0.8870826,0.46694648,-8,21
0.0034080017,-0.015436573,0.47626624,0.47347388,0.69012046,0.6880944,0.47627786,0.47371215,0.94999,0.86629707,0.44667593,-8,21
-0.014435299,-0.00011155312,0.5237813,0.5238602,0.72372735,0.7237819,0.5239897,0.5238602,1.0478499,0.9098588,0.4690488,-6,21
0.029980205,0.02328081,0.50120455,0.5112096,0.70795804,0.71498924,0.5021033,0.5117516,1.013855,0.8911902,0.46865246,-6,21
0.014946843,-0.011306663,0.4926801,0.5209072,0.70191175,0.72173905,0.4929035,0.5210351,1.0139387,0.88852024,0.47378305,-6,21
0.057644352,0.026984848,0.52883303,0.48750287,0.7272091,0.69821405,0.5321559,0.48823106,1.0203869,0.8976114,0.46333653,-6,21
-0.03683467,-0.040575065,0.51913285,0.49433994,0.72050875,0.7030931,0.5204896,0.49598628,1.0164759,0.8940376,0.46601793,-6,21
-0.04698983,-0.04811439,0.49257213,0.49957392,0.70183486,0.7068054,0.49478015,0.50188893,0.99666905,0.8813766,0.46887556,-6,21
0.008971533,-0.009772,0.49255812,0.5119681,0.70182484,0.7155194,0.49263862,0.5120635,1.0047022,0.88861763,0.46374667,-6,21
-3.2760203e-05,-0.014653489,0.48706514,0.50170326,0.69790053,0.7083101,0.4870652,0.50191796,0.98898315,0.88096994,0.46138394,-6,21
-0.0005435953,0.00014572404,0.50104225,0.50105464,0.70784336,0.7078521,0.50104254,0.50105464,1.0020972,0.8827536,0.47206286,-6,21
0.005026917,-0.025741184,0.476451,0.49562815,0.69025433,0.70400864,0.47647628,0.49629074,0.97276706,0.8716179,0.46157268,-6,21
-0.011839639,0.042573273,0.46536207,0.49176985,0.6821745,0.701263,0.46550226,0.4935823,0.95908463,0.8719565,0.4458435,-6,21
0.027152862,0.02793511,0.49610433,0.48262644,0.7043467,0.69471323,0.49684158,0.48340678,0.98024833,0.8812406,0.4512908,-4,21
0.01810266,0.03367231,0.507577,0.49515012,0.71244437,0.703669,0.50790465,0.49628395,1.0041885,0.8926751,0.45532385,-4,21
-0.023959316,-0.026807256,0.5252583,0.47987497,0.72474706,0.69273007,0.5258323,0.48059362,1.006426,0.88955325,0.46381137,-4,21
-0.0022720275,-0.009564266,0.5239627,0.5000732,0.72385263,0.7071585,0.52396786,0.5001647,1.0241325,0.9017308,0.4593626,-4,21
0.0073387856,0.050440364,0.4714157,0.5245509,0.68659717,0.7242589,0.47146958,0.52709514,0.9985647,0.8881521,0.4579853,-4,21
0.03325522,-0.019680519,0.51789314,0.5040416,0.71964794,0.70995885,0.51899904,0.5044289,1.023428,0.9048659,0.45237783,-4,21
-0.043533213,0.0125811305,0.47864914,0.5402839,0.69184476,0.73504007,0.4805443,0.5404422,1.0209866,0.89406854,0.47077373,-4,21
0.0068557193,-0.0074457517,0.49812526,0.47271425,0.7057799,0.6875422,0.49817222,0.47276968,0.9709419,0.87026876,0.46214086,-4,21
0.0014602859,0.025637846,0.463836,0.48368475,0.68105507,0.6954745,0.46383816,0.48434204,0.9481802,0.86191505,0.4530812,-4,21
0.007179562,0.016996754,0.48105532,0.47624075,0.6935815,0.690102,0.48110688,0.4765296,0.95763654,0.8614464,0.46426994,-4,21
-0.0019136174,0.016048878,0.4759187,0.5028561,0.6898686,0.70912343,0.47592238,0.5031136,0.97903603,0.87104166,0.4693852,-4,21
0.016885683,0.002773242,0.4902255,0.5145194,0.70016104,0.71730006,0.49051064,0.5145271,1.0050378,0.8882907,0.46473366,-4,21
0.00477858,0.030352317,0.54073024,0.49340826,0.73534364,0.70243025,0.5407531,0.4943295,1.0350826,0.9085237,0.45789453,-2,21
-0.0020780866,0.015095983,0.51360524,0.481764,0.7166626,0.6940922,0.5136095,0.48199195,0.9956015,0.8934801,0.44417867,-2,21
0.01628137,-0.023924496,0.52544296,0.46318197,0.72487444,0.6805747,0.5257081,0.46375436,0.9894624,0.8915231,0.44119036,-2,21
0.038209233,-0.03036597,0.504536,0.49377194,0.71030694,0.70268905,0.5059959,0.49469405,1.00069,0.8964988,0.44382408,-2,21
-0.016983725,-0.01448681,0.47601733,0.5087297,0.6899401,0.7132529,0.47630578,0.5089395,0.98524535,0.8810167,0.45722526,-2,21
-0.021341065,-0.011201962,0.48105326,0.55742395,0.69358003,0.7466083,0.48150873,0.5575495,1.0390582,0.918712,0.441618,-2,21
-0.018391017,0.011980807,0.53922385,0.48588148,0.7343186,0.697052,0.5395621,0.48602504,1.0255871,0.8989156,0.46640956,-2,21
0.009245399,0.0074060503,0.5143094,0.49534106,0.71715367,0.70380473,0.5143949,0.49539593,1.0097908,0.903142,0.4405966,-2,21
-0.046682827,0.012322223,0.51836073,0.4806421,0.7199727,0.69328356,0.52054006,0.48079395,1.001334,0.89047545,0.45649475,-2,21
-0.017877048,-0.0031398842,0.47620523,0.51512915,0.69007623,0.717725,0.47652483,0.515139,0.9916638,0.8889382,0.4488348,-2,21
-0.0108389035,0.0044700294,0.50373936,0.47299656,0.709746,0.6877475,0.5038568,0.47301656,0.9768734,0.89217997,0.42530966,0,21
-0.0028905314,-0.009165716,0.49472886,0.5116844,0.7033697,0.7153212,0.49473727,0.51176846,1.0065057,0.9094469,0.42357057,0,21
-0.0077366726,-0.015305278,0.51876336,0.5171701,0.7202523,0.71914536,0.51882327,0.5174043,1.0362276,0.9208766,0.4338362,0,21
-0.0067669433,0.02471668,0.5093619,0.47935918,0.71369594,0.6923577,0.50940776,0.47997007,0.98937786,0.9032029,0.41665614,0,21
0.004616786,0.032617085,0.49205464,0.49000537,0.7014661,0.70000386,0.49207595,0.49106926,0.9831452,0.8987522,0.4187955,0,21
-0.0054824725,0.006119727,0.49261203,0.5103578,0.7018632,0.7143933,0.49264205,0.5103953,1.0030373,0.9017366,0.4357848,0,21
0.004724318,-0.0145096965,0.5389315,0.475347,0.73411953,0.68945414,0.53895384,0.4755575,1.0145113,0.9092142,0.43340617,0,21
0.022929061,-0.012508562,0.51819354,0.47914398,0.7198566,0.69220227,0.51871926,0.47930047,0.99801975,0.9047005,0.42371774,0,21
-0.014613762,0.005952904,0.5216732,0.49636117,0.7222695,0.70452905,0.52188677,0.4963966,1.0182834,0.94808275,0.3455756,2,21
0.010575209,0.0029038787,0.49894047,0.5059448,0.7063572,0.711298,0.49905235,0.5059532,1.0050055,0.9416953,0.34382483,2,21
-0.025417669,-0.018313961,0.4870423,0.52124786,0.69788414,0.72197497,0.48768836,0.5215833,1.0092716,0.94519854,0.3403989,2,21
0.010595472,0.012382251,0.4938171,0.4961032,0.7027212,0.70434594,0.49392936,0.49625653,0.9901858,0.93138933,0.3502854,2,21
-0.00801766,0.02728038,0.5073916,0.48799038,0.71231425,0.6985631,0.5074558,0.4887346,0.99619037,0.9392183,0.33772692,2,21
-0.0014587762,0.014325203,0.47716737,0.5031129,0.690773,0.7093045,0.47716948,0.50331813,0.9804876,0.9298958,0.3402667,2,21
0.039771326,0.0030139685,0.48380974,0.5196605,0.6955643,0.7208748,0.48539144,0.51966965,1.0050611,0.93583214,0.3595543,2,21
1.8031336e-05,0.002327783,0.50510633,0.49626458,0.7107083,0.7044605,0.5051063,0.49626997,1.0013763,0.9329612,0.36188337,2,21
-0.0028549857,0.00088213384,0.48852533,0.47971672,0.6989459,0.69261587,0.4885335,0.4797175,0.96825105,0.9215214,0.3450351,2,21
-0.009484092,-0.00542794,0.47874272,0.51180464,0.69191235,0.7154052,0.47883266,0.5118341,0.99066675,0.9617034,0.25650218,4,21
0.009304688,-0.0027501858,0.50718194,0.50845855,0.7121671,0.7130628,0.5072685,0.5084661,1.0157347,0.9759135,0.2516494,4,21
-0.0003103451,-0.007436379,0.49441597,0.50019026,0.7031472,0.7072413,0.49441606,0.5002456,0.9946617,0.96349484,0.25756428,4,21
-0.008194732,-0.010886695,0.50237226,0.5030553,0.70878226,0.7092639,0.50243944,0.50317377,1.0056133,0.9699522,0.25456995,4,21
0.005845918,0.0121452,0.50701404,0.5126485,0.7120492,0.7159948,0.50704825,0.51279604,1.0198443,0.9756071,0.26083508,4,21
0.010272587,-0.0066386787,0.4877966,0.5123215,0.6984244,0.7157664,0.4879021,0.5123656,1.0002677,0.9686711,0.24888556,4,21
0.0038273614,0.0013604681,0.50826836,0.4996553,0.7129294,0.706863,0.508283,0.49965715,1.0079402,0.9711362,0.25462648,4,21
0.0025138613,0.008371719,0.49537855,0.50861526,0.7038313,0.7131727,0.49538484,0.5086854,1.0040703,0.98703223,0.17273557,6,21
0.0067063635,0.00024553575,0.5013034,0.49373272,0.7080278,0.70266116,0.5013484,0.49373278,0.9950812,0.983142,0.16885783,6,21
-0.004040801,0.010151664,0.50443053,0.49414635,0.71023273,0.7029554,0.50444686,0.4942494,0.9986963,0.984508,0.17158185,6,21
0.0030672867,-0.0014388212,0.49345982,0.50643367,0.70246696,0.71164155,0.49346924,0.50643575,0.99990493,0.9853581,0.17021845,6,21
-0.0017457607,0.005692345,0.50170565,0.49788004,0.70831186,0.70560616,0.5017087,0.49791244,0.99962115,0.9935011,0.1121455,8,21
0.004849114,-0.013554801,0.49812445,0.4957921,0.7057793,0.70412505,0.49814796,0.4959758,0.9941237,0.99100506,0.109693564,8,21
0.0016786028,0.00036287121,0.49601367,0.50958765,0.7042824,0.7138541,0.4960165,0.50958776,1.0056043,0.9967394,0.11006757,8,21
-0.013501987,-0.01052928,0.49661997,0.49235147,0.7047127,0.7016776,0.49680227,0.49246234,0.9892646,0.9884836,0.11029442,8,21
0.00074483734,0.00084432634,0.4959641,0.4995488,0.7042472,0.70678765,0.49596465,0.4995495,0.99551415,0.9912121,0.11407355,8,21
0.0036969953,-0.0058139754,0.5010312,0.5014913,0.7078356,0.7081605,0.50104487,0.5015251,1.00257,0.99519384,0.11026911,8,21
0.004331628,0.0122551555,0.500728,0.5043249,0.7076214,0.71015835,0.5007467,0.50447506,1.0052218,0.9964944,0.11054763,8,21
0.0058606216,0.003386447,0.5035367,0.5003309,0.7096032,0.7073407,0.50357103,0.50034237,1.0039134,0.99946165,0.07063815,10,21
0.0027005184,-0.0070806323,0.5030229,0.5003345,0.7092411,0.7073433,0.50303024,0.5003846,1.0034149,0.99931836,0.06912171,10,21
0.0064629856,-0.0019391328,0.49879602,0.50007343,0.7062549,0.7071587,0.4988378,0.5000772,0.99891496,0.9969499,0.07075182,10,21
0.009519891,0.007316539,0.4950017,0.5031603,0.7035636,0.70933795,0.49509233,0.5032138,0.99830616,0.9967842,0.06875664,10,21
-0.001587817,0.0015648436,0.49711937,0.5067229,0.7050669,0.71184474,0.49712187,0.5067253,1.0038474,0.99939,0.07118113,10,21
-0.0031008404,0.0045256373,0.504194,0.49810332,0.7100662,0.70576435,0.5042037,0.4981238,1.0023274,0.998598,0.07162015,10,21
-0.00092415465,-0.0030411566,0.50175023,0.49714255,0.7083433,0.7050834,0.50175107,0.4971518,0.9989028,0.9970797,0.068811275,10,21
-0.0007932042,0.0068853735,0.49915302,0.5046601,0.7065076,0.7103943,0.49915364,0.5047076,1.0038612,0.9991867,0.07407553,10,21
-0.001889925,-0.00043165695,0.5012941,0.4997447,0.7080212,0.7069262,0.5012977,0.49974492,1.0010426,0.9981868,0.068305455,10,21
-0.0060569877,-0.0017113276,0.49799353,0.50047565,0.70568657,0.70744306,0.4980302,0.5004786,0.99850875,0.9982457,0.044879973,12,21
-0.00046776794,0.0037826214,0.5027195,0.49729544,0.7090272,0.7051918,0.50271976,0.49730974,1.0000296,0.99901634,0.044675108,12,21
0.0020621358,0.0030324692,0.50161684,0.49930567,0.70824915,0.7066156,0.501621,0.49931484,1.0009359,0.99938124,0.046615075,12,21
0.010163464,0.00064937863,0.5010048,0.502649,0.70781696,0.70897746,0.50110817,0.5026494,1.0037575,1.0009072,0.0440722,12,21
-0.0032657539,-0.007493348,0.50161624,0.49809667,0.70824873,0.70575964,0.5016269,0.49815285,0.9997798,0.99885845,0.045404658,12,21
0.0028324001,-0.00083998963,0.4997915,0.4980724,0.7069593,0.7057424,0.49979952,0.4980731,0.99787265,0.99788666,0.045769308,12,21
0.0045141974,-0.001123165,0.49907064,0.50211114,0.70644933,0.708598,0.49909103,0.5021124,1.0012034,0.99960864,0.044565417,12,21
-0.0053784344,-0.0016511405,0.49933186,0.50001895,0.70663416,0.7071202,0.49936077,0.5000217,0.9993825,0.9987267,0.043902196,12,21
0.0036379544,-0.006330506,0.5017849,0.49923712,0.70836776,0.7065671,0.50179815,0.4992772,1.0010754,0.9996103,0.043065216,12,21
-0.0106959585,0.0009214522,0.4958787,0.5042155,0.70418656,0.71008134,0.4959931,0.5042163,1.0002093,0.9990833,0.045188617,12,21
-0.0055179973,0.004122896,0.49833423,0.5005043,0.7059279,0.7074633,0.49836466,0.5005213,0.998886,0.99901193,0.029346108,14,21
-0.008924209,-0.0025536055,0.5023866,0.49942663,0.7087924,0.7067012,0.5024663,0.49943316,1.0018995,1.0005686,0.027600938,14,21
-0.00094403,0.0011121766,0.4969846,0.49972835,0.7049714,0.70691466,0.4969855,0.49972963,0.99671507,0.9979595,0.028141558,14,21
0.003822329,0.0056951307,0.49902374,0.50097907,0.70641613,0.7077987,0.49903837,0.5010115,1.0000498,0.9996048,0.028984414,14,21
-0.00644642,0.0035374206,0.49979073,0.5001582,0.7069588,0.70721865,0.49983227,0.50017065,1.000003,0.99960077,0.028306179,14,21
-0.002112193,-0.0011612875,0.5009841,0.49903673,0.7078023,0.7064253,0.5009885,0.4990381,1.0000266,0.9995948,0.028928231,14,21
-0.00026890868,0.0052918335,0.4987368,0.49854508,0.706213,0.7060773,0.49873686,0.49857306,0.9973099,0.99822223,0.029365705,14,21
-0.007098414,0.0032429867,0.5008472,0.5000782,0.7077056,0.7071621,0.5008976,0.5000887,1.0009863,1.000119,0.02735833,14,21
-0.0031476896,-0.0077308393,0.5010965,0.5018235,0.7078817,0.708395,0.5011064,0.50188327,1.0029895,1.0010706,0.029108655,14,21
-0.0030750325,0.00080904085,0.4995185,0.5010849,0.70676625,0.7078735,0.49952796,0.50108564,1.0006136,0.9999103,0.028158547,14,21
-0.0019324264,0.0029399716,0.49984813,0.5015434,0.70699936,0.7081973,0.49985188,0.50155205,1.0014039,1.0003065,0.028121037,14,21
0.0045754835,0.0061879065,0.5013221,0.5006997,0.708041,0.70760137,0.501343,0.500738,1.002081,1.0008619,0.018885355,16,21
0.0069079963,-0.0024698833,0.5011403,0.49853435,0.7079126,0.70606965,0.50118804,0.49854046,0.99972844,0.9996917,0.018574554,16,21
-0.0015354569,-0.000100390986,0.500605,0.49770924,0.70753443,0.7054851,0.5006073,0.4977092,0.9983165,0.99898726,0.018467797,16,21
0.00043348595,0.00038246484,0.50101095,0.500509,0.70782125,0.7074666,0.50101113,0.50050914,1.0015203,1.000596,0.018107226,16,21
-0.0024703841,-0.0075669587,0.50156265,0.4968437,0.7082109,0.7048714,0.50156873,0.49690098,0.99846977,0.99916655,0.011656991,18,21
0.00097294105,-0.00026511448,0.5004643,0.5000954,0.707435,0.70717424,0.5004653,0.50009555,1.0005608,1.0002128,0.011628686,18,21
-0.00088723097,0.0049832114,0.49763077,0.5026302,0.7054295,0.70896417,0.49763155,0.5026551,1.0002866,1.000069,0.012183651,18,21
-0.0048095416,-0.008866445,0.49912137,0.501315,0.7064852,0.708036,0.49914452,0.50139356,1.0005381,1.0001945,0.012197453,18,21
0.009515503,-0.00020883675,0.5004546,0.50139,0.70742816,0.70808893,0.5005452,0.50139,1.0019351,1.0008986,0.011705923,18,21
0.0021368426,0.005367019,0.50156856,0.49798316,0.70821506,0.70567924,0.5015731,0.49801195,0.99958503,0.99972713,0.011429658,18,21
0.0009386628,0.0014108308,0.500385,0.49875078,0.707379,0.7062229,0.5003859,0.49875277,0.9991387,0.99949586,0.012108988,18,21
0.004152852,0.00644467,0.5009897,0.49867994,0.7078062,0.70617276,0.5010069,0.4987215,0.9997284,0.9997826,0.012770076,18,21
-0.0059141917,-0.0070775487,0.5005798,0.50091,0.7075166,0.70774996,0.50061476,0.50096005,1.0015749,1.0007112,0.012327939,18,21
0.0067477897,-0.0028338023,0.5016585,0.49860954,0.70827854,0.7061229,0.501704,0.49861753,1.0003215,1.0001268,0.008237303,20,21
0.0052061463,-0.00010623969,0.49635065,0.50153756,0.7045216,0.7081932,0.49637777,0.50153756,0.9979153,0.99892217,0.00835853,20,21
0.00048522046,-5.0559407e-05,0.4991194,0.49995148,0.70648384,0.7070725,0.49911964,0.4999515,0.9990711,0.9994942,0.0090807965,20,21
-0.0042317584,0.0007215333,0.49843705,0.50216866,0.70600075,0.7086386,0.49845496,0.5021692,1.0006242,1.0002804,0.007966356,20,21
0.0071522444,-0.007572379,0.5007378,0.500624,0.7076283,0.7075479,0.5007889,0.50068134,1.0014703,1.0006897,0.009504608,20,21
0.0028283712,-0.009216847,0.49957907,0.49990964,0.7068091,0.7070429,0.49958706,0.49999458,0.9995817,0.9997499,0.009041666,20,21
-0.00085708755,-0.00063512474,0.50030386,0.4997809,0.7073216,0.70695186,0.50030464,0.4997813,1.000086,1.0000068,0.008510267,20,21
-0.0012230192,0.0019381786,0.50037557,0.49918613,0.7073723,0.70653105,0.50037706,0.49918985,0.9995669,0.9997377,0.0095655285,20,21
-0.0012506042,-0.0022136979,0.49981725,0.5006554,0.70697755,0.7075701,0.49981883,0.5006603,1.0004792,1.0002066,0.008129067,20,21
0.007829154,0.0065756496,0.50054324,0.50006264,0.7074908,0.70715106,0.5006045,0.50010586,1.0007104,1.0003407,0.005402993,22,21
-0.008839995,-0.003008402,0.49831247,0.50079685,0.70591253,0.70767003,0.49839061,0.5008059,0.9991965,0.99958205,0.0056850426,22,21
-0.0038540228,0.009629825,0.49962777,0.5006988,0.7068435,0.7076007,0.49964264,0.50079155,1.0004342,1.0002012,0.00562828,22,21
-0.0040945522,-0.0009056004,0.49824226,0.50172746,0.70586276,0.70832723,0.498259,0.5017283,0.99998736,0.99997485,0.006136266,22,21
-0.0008238391,-0.0012380588,0.49927068,0.50039065,0.7065909,0.707383,0.49927136,0.5003922,0.9996635,0.99980515,0.0072905477,22,21
-0.0014022114,0.0029735798,0.5009601,0.4985613,0.70778537,0.7060887,0.50096214,0.49857014,0.9995322,0.99973714,0.0076036123,22,21
-0.0057571735,-0.003247262,0.50171685,0.49842116,0.7083197,0.7059895,0.50175,0.49843168,1.0001817,1.0000716,0.0061922576,24,21
0.00094847265,-0.0093525965,0.50161195,0.49835438,0.7082457,0.7059422,0.50161284,0.49844182,1.0000547,1.000018,0.0043188576,24,21
0.00023788982,0.00027157413,0.49975002,0.5002589,0.70693,0.7072898,0.49975002,0.50025904,1.0000091,0.99998975,0.005432997,24,21
0.00012342073,-0.0017587361,0.4992874,0.5012736,0.7066027,0.70800674,0.49928743,0.5012767,1.0005641,1.000259,0.0067856666,24,21
0.0023328755,0.009570373,0.4983918,0.50162137,0.7059687,0.7082523,0.49839723,0.5017129,1.0001101,1.000035,0.006335458,24,21
0.00075592217,-0.0005089309,0.4987715,0.49864882,0.70623755,0.7061507,0.49877205,0.49864906,0.99742115,0.99869263,0.0058495607,24,21
0.0025311597,0.0038787886,0.49870247,0.5008019,0.7061887,0.7076736,0.4987089,0.50081694,0.9995259,0.9997567,0.0035280832,26,21
0.0019256026,-0.007516754,0.50160563,0.49766815,0.7082412,0.70545596,0.5016093,0.49772465,0.99933404,0.9996572,0.004414013,26,21
0.0075564384,-0.0027009123,0.5021398,0.49794346,0.7086182,0.7056511,0.5021969,0.4979508,1.0001476,1.0000519,0.006622473,26,21
-0.0044460967,0.0012064255,0.50142044,0.49857402,0.70811045,0.7060977,0.5014402,0.49857548,1.0000157,0.99999774,0.004492656,26,21
0.004511942,0.0001503909,0.49834192,0.5022063,0.7059334,0.7086652,0.49836224,0.5022063,1.0005686,1.0002637,0.006411286,26,21
-0.0003349362,-0.0001751706,0.49980402,0.49969268,0.7069682,0.70688945,0.49980417,0.49969274,0.99949694,0.9997275,0.0064664357,26,21
0.009187363,-0.002860602,0.49882472,0.501038,0.7062752,0.7078404,0.49890912,0.50104624,0.9999553,0.9999705,0.0037876968,26,21
-0.0005032825,-0.008557381,0.50255096,0.49751577,0.70890826,0.70534796,0.5025512,0.497589,1.0001402,1.0000502,0.006323863,26,21
-0.0013436917,0.008835895,0.5015056,0.49832988,0.7081706,0.7059248,0.5015074,0.49840793,0.99991536,0.9999405,0.005855054,26,21
-0.0007618455,0.0024670444,0.49858922,0.5009706,0.7061085,0.70779276,0.4985898,0.5009767,0.9995665,0.9997766,0.0036446017,26,21
-0.0056925435,-0.008534437,0.5010475,0.49955782,0.70784706,0.706794,0.5010799,0.49963063,1.0007105,1.00034,0.005515085,28,21
0.00616059,-0.0066512744,0.50029886,0.49984786,0.70731807,0.7069992,0.5003368,0.49989212,1.0002289,1.0001065,0.00399964,28,21
0.0064990027,-0.00049282704,0.49809602,0.50262177,0.70575917,0.7089582,0.49813828,0.502622,1.0007603,1.0003633,0.005781157,28,21
0.004936525,0.0024100603,0.4990421,0.5018269,0.7064291,0.7083974,0.49906644,0.5018327,1.0008991,1.0004334,0.0056476006,30,21
0.0007958374,0.002489732,0.49917015,0.50091124,0.7065197,0.70775086,0.49917078,0.50091743,1.0000882,1.0000262,0.005979744,30,21
0.0012622927,0.0020864988,0.4993938,0.50014627,0.706678,0.7072102,0.4993954,0.5001506,0.99954605,0.99976456,0.0040959115,30,21
0.006670557,0.0058161393,0.49940053,0.49995828,0.70668274,0.70707726,0.49944502,0.49999207,0.9994371,0.99970615,0.004982767,30,21
0.007956957,-0.0034294222,0.5004361,0.49881116,0.7074151,0.7062656,0.5004994,0.49882293,0.9993223,0.9996421,0.0061707194,30,21
-0.00018380303,0.00010637473,0.5004281,0.5007552,0.70740944,0.7076406,0.5004282,0.5007552,1.0011834,1.0005726,0.0061615994,30,21
0.021318587,-0.04009531,0.5117651,0.48087156,0.7153776,0.693449,0.5122196,0.4824792,0.9946988,0.88884133,0.45239347,-20,21
-0.020700997,0.0057805907,0.52228004,0.46506488,0.72268945,0.68195665,0.52270854,0.4650983,0.98780686,0.876684,0.4682222,-20,21
-0.019694056,-0.012580153,0.51551497,0.48730776,0.71799374,0.69807434,0.5159028,0.48746598,1.0033689,0.8842451,0.47061604,-20,21
-0.029961431,-0.023241734,0.5030615,0.4849035,0.7092683,0.69635016,0.5039592,0.48544365,0.98940283,0.8805297,0.46267727,-20,21
-0.012832446,-0.028388873,0.47937226,0.5355076,0.69236714,0.73178387,0.47953695,0.5363136,1.0158505,0.89120626,0.4707461,-20,21
0.011016928,0.046725214,0.5269997,0.48256183,0.72594744,0.6946667,0.52712107,0.48474506,1.0118661,0.8885653,0.47150597,-20,21
0.0026001632,0.009326028,0.51389545,0.48983872,0.716865,0.6998848,0.5139022,0.48992565,1.0038278,0.89694047,0.44645903,-20,21
-0.013175428,0.020198062,0.5157889,0.47222236,0.7181845,0.6871844,0.5159625,0.47263032,0.9885928,0.8797821,0.46322373,-18,21
0.015584599,0.027810598,0.5122741,0.50711817,0.71573323,0.7121223,0.512517,0.50789154,1.0204085,0.89087903,0.4761754,-18,21
0.0118695805,0.020357084,0.48556226,0.52316475,0.696823,0.7233013,0.48570317,0.5235792,1.0092824,0.8934063,0.45946437,-18,21
-0.02191684,-0.014568982,0.47149077,0.5116197,0.6866518,0.71527594,0.4719711,0.511832,0.98380303,0.883057,0.45167845,-18,21
0.025317065,0.040983625,0.5408608,0.44067752,0.7354324,0.66383547,0.54150176,0.44235718,0.98385894,0.88083386,0.45605987,-18,21
0.016797457,0.019017342,0.51384425,0.51039714,0.7168293,0.71442086,0.51412636,0.51075876,1.0248852,0.8980273,0.4673671,-18,21
-0.01787275,0.0011425945,0.48226553,0.47947615,0.6944534,0.6924422,0.48258498,0.47947747,0.9620625,0.87018734,0.45258856,-16,21
0.0034342613,-0.00864317,0.5038346,0.48249507,0.70981306,0.69461864,0.5038464,0.48256978,0.9864162,0.8817791,0.45703587,-16,21
-0.015858036,0.00032522622,0.5129898,0.49011594,0.7162331,0.70008284,0.5132413,0.49011606,1.0033574,0.8879461,0.46358284,-16,21
-0.014735928,0.04264462,0.48685804,0.52668846,0.6977521,0.72573304,0.48707518,0.52850705,1.0155823,0.894281,0.46458977,-16,21
-0.020353265,0.0099012,0.48327056,0.5004774,0.69517666,0.70744425,0.4836848,0.5005754,0.9842602,0.88137805,0.45544806,-16,22
0.024420597,-0.03022176,0.5063082,0.52129424,0.7115534,0.7220071,0.50690454,0.5222076,1.0291121,0.89445573,0.47860324,-16,22
0.008182861,0.024271198,0.49605423,0.5151981,0.7043112,0.717773,0.49612123,0.51578724,1.0119085,0.89509887,0.4590278,-16,22
0.017306156,-0.025863174,0.5018674,0.4909835,0.708426,0.70070213,0.5021669,0.49165237,0.99381936,0.87741494,0.47324657,-16,22
-0.0037388988,-0.018359946,0.5216062,0.49101132,0.7222231,0.700722,0.5216202,0.49134842,1.0129685,0.89658105,0.4572866,-16,22
0.0067877676,0.0030765086,0.4859184,0.46921146,0.69707847,0.6849901,0.48596448,0.46922094,0.9551854,0.8724681,0.440437,-16,22
-0.032838516,-0.02938063,0.5268528,0.49770784,0.72584623,0.7054841,0.5279312,0.49857104,1.0265021,0.89599913,0.47295642,-16,22
-0.011855412,0.01984131,0.4826787,0.4738553,0.69475085,0.6883715,0.48281926,0.47424895,0.9570682,0.86793447,0.45139554,-14,22
-0.042572305,-0.018472634,0.5131904,0.49055427,0.7163731,0.7003958,0.51500285,0.4908955,1.0058984,0.8948705,0.45288527,-14,22
0.0019615204,0.026442047,0.4972536,0.5136847,0.7051621,0.716718,0.49725744,0.5143839,1.0116414,0.888732,0.47095302,-14,22
0.07021427,-0.013810274,0.49641433,0.51127243,0.7045668,0.7150332,0.5013444,0.51146305,1.0128075,0.89300275,0.46406215,-14,22
0.008240517,0.0071649873,0.52205014,0.50328547,0.72253036,0.70942616,0.5221181,0.5033368,1.0254549,0.8933318,0.47687852,-14,22
-0.013829186,-0.04196646,0.48198828,0.51756215,0.69425374,0.7194179,0.48217952,0.51932335,1.0015029,0.888925,0.45969033,-14,22
0.015885077,-0.014426749,0.49654365,0.4790684,0.7046585,0.6921477,0.49679595,0.47927654,0.9760725,0.8766464,0.45559147,-14,22
0.020935474,-0.004982339,0.5244024,0.4990762,0.7241563,0.70645326,0.5248407,0.49910104,1.0239418,0.89555764,0.471082,-12,22
-0.0068527814,-0.0530712,0.51055396,0.44828644,0.7145306,0.66954195,0.5106009,0.45110297,0.9617039,0.8724284,0.4478533,-12,22
-0.02343704,-0.015010811,0.49030906,0.48585156,0.7002207,0.69703054,0.49085838,0.48607686,0.97693527,0.87381357,0.46193627,-12,22
-0.018966708,0.013270295,0.5283169,0.48417544,0.72685415,0.6958272,0.5286766,0.48435158,1.0130283,0.89933324,0.45191577,-12,22
0.026714636,-0.0008180933,0.5074296,0.5023569,0.71234095,0.7087714,0.50814325,0.5023576,1.0105008,0.88168955,0.48282957,-12,22
0.01194034,0.0061214194,0.49237636,0.5167304,0.7016953,0.71883965,0.49251896,0.5167679,1.0092869,0.8912541,0.46363017,-12,22
0.010496374,-0.004630709,0.4798418,0.50098264,0.69270617,0.7078013,0.47995195,0.50100404,0.980956,0.8815673,0.45143676,-12,22
-0.02002538,-0.014914734,0.5069304,0.47911432,0.7119905,0.6921809,0.50733143,0.47933677,0.9866682,0.88442194,0.45217925,-12,22
0.021447565,-0.031371396,0.50140107,0.48272705,0.7080968,0.6947856,0.5018611,0.4837112,0.9855723,0.87410146,0.47065797,-12,22
0.07493569,0.017536871,0.5321399,0.49025235,0.7294792,0.70018023,0.53775525,0.49055988,1.0283152,0.8986599,0.46981433,-12,22
0.028680041,-0.0031535076,0.5260844,0.504696,0.72531676,0.7104196,0.52690697,0.5047059,1.031613,0.90378284,0.46345386,-10,22
0.03835609,-0.019277137,0.49765843,0.5133822,0.7054491,0.71650696,0.49912965,0.5137538,1.0128834,0.89084804,0.46826604,-10,22
0.008395024,-0.004166982,0.4979856,0.506354,0.70568097,0.7115855,0.49805605,0.5063713,1.0044274,0.88257134,0.47486326,-10,22
-0.041643225,0.058654502,0.5214566,0.48560482,0.7221195,0.6968535,0.5231908,0.48904514,1.0122359,0.8950799,0.45942128,-10,22
-0.012858154,-0.003035292,0.51721144,0.48713553,0.71917415,0.69795096,0.5173767,0.4871447,1.0045215,0.88478917,0.470818,-10,22
0.07185626,-0.019556887,0.49397957,0.4765102,0.7028368,0.6902972,0.49914286,0.47689268,0.97603554,0.86934507,0.46933433,-10,22
0.00027752668,-6.812159e-05,0.50725955,0.49347034,0.71222156,0.7024744,0.50725967,0.4934703,1.00073,0.8838003,0.46864375,-10,22
-0.024911018,0.022910945,0.48012286,0.5184473,0.692909,0.7200328,0.48074344,0.5189722,0.9997156,0.887679,0.46015403,-10,22
-0.0065395976,-0.006929802,0.50204,0.50366277,0.70854783,0.709692,0.5020828,0.5037108,1.0057936,0.88841546,0.46530792,-10,22
-0.0034069503,-0.018628117,0.51070666,0.46143937,0.71463746,0.6792933,0.5107183,0.4617864,0.9725047,0.87250984,0.45959896,-8,22
0.021336269,0.015338548,0.525016,0.4671148,0.7245799,0.683458,0.52547127,0.46735007,0.99282134,0.8870635,0.4538057,-8,22
0.03838046,0.02174773,0.50761414,0.4488251,0.7124705,0.6699441,0.5090872,0.44929805,0.9583852,0.85942334,0.46880352,-8,22
0.04745575,-0.015483427,0.503284,0.50337213,0.7094251,0.70948726,0.5055361,0.5036118,1.0091479,0.88565314,0.47409543,-8,22
0.030965686,0.030212909,0.49819028,0.50582385,0.705826,0.71121293,0.4991492,0.50673664,1.0058858,0.8863367,0.4693539,-6,22
0.0039832257,-0.031431224,0.48556465,0.5363157,0.69682467,0.73233575,0.48558056,0.5373036,1.0228841,0.89910436,0.46313667,-6,22
-0.0019197073,-0.0017293338,0.46823916,0.48233026,0.68428004,0.6945,0.46824282,0.48233327,0.95057607,0.8621577,0.45525828,-6,22
-0.04180663,0.037866645,0.51438046,0.4955162,0.7172032,0.7039291,0.51612824,0.4969501,1.0130782,0.89240384,0.46550372,-6,22
0.05327905,0.010710725,0.49159685,0.49130303,0.7011397,0.7009301,0.49443555,0.49141774,0.9858533,0.8791369,0.4614885,-6,22
0.036753245,0.054286107,0.50012946,0.5050218,0.7071983,0.7106489,0.5014802,0.50796884,1.0094491,0.8942807,0.4579423,-6,22
0.027381701,0.014665308,0.47504497,0.5176218,0.68923503,0.7194594,0.47579473,0.5178369,0.99363166,0.88858134,0.45172432,-6,22
-0.003105862,0.05115477,0.51661706,0.46918806,0.7187608,0.68497306,0.5166267,0.47180486,0.98843163,0.8760741,0.47002748,-6,22
-0.03005468,0.015087905,0.4877838,0.50262785,0.6984152,0.7089625,0.4886871,0.5028554,0.9915426,0.8822031,0.4618011,-4,22
0.0016797464,-0.025998782,0.49051496,0.5019209,0.70036775,0.7084637,0.4905178,0.5025968,0.9931146,0.8870802,0.45409614,-4,22
0.017994197,0.023366256,0.4783571,0.5084441,0.69163364,0.71305263,0.4786809,0.50899005,0.98767096,0.88524294,0.4516812,-4,22
-0.07635349,-0.04581768,0.46004957,0.5019874,0.67826957,0.7085107,0.46587944,0.5040867,0.96996605,0.87032855,0.4609711,-4,22
0.0006756722,-0.013591316,0.47464463,0.49300328,0.6889446,0.70214194,0.47464508,0.493188,0.96783316,0.8782276,0.44333884,-4,22
0.022180732,-0.014988008,0.48760054,0.49698478,0.698284,0.7049715,0.4880925,0.49720943,0.985302,0.88324755,0.45296317,-4,22
0.012658359,0.014263981,0.48035997,0.49246275,0.69308007,0.7017569,0.4805202,0.49266618,0.9731864,0.867666,0.46940616,-4,22
0.033214733,-0.0046660174,0.5092583,0.5000094,0.71362334,0.70711344,0.51036143,0.5000312,1.0103927,0.8896718,0.4678427,-4,22
-0.0018858053,0.02993716,0.5496045,0.4706314,0.74135315,0.6860258,0.54960805,0.47152758,1.0211357,0.89682865,0.4656543,-4,22
0.008514204,0.050698277,0.47896272,0.5228997,0.6920713,0.723118,0.4790352,0.52547,1.0045052,0.88869345,0.4633887,-4,22
-0.014399016,0.0055079786,0.507777,0.4997092,0.71258473,0.70690113,0.5079843,0.49973953,1.0077238,0.8945384,0.45554885,-4,22
0.00096421875,-0.1140053,0.4921241,0.48806602,0.70151556,0.6986172,0.49212503,0.5010632,0.99318826,0.88346344,0.46117312,-2,22
0.03854951,-0.021190386,0.50197387,0.46668226,0.70850116,0.68314147,0.50345993,0.4671313,0.97059125,0.87987846,0.4431762,-2,22
-0.031723432,-0.009102537,0.5113431,0.4920111,0.7150826,0.701435,0.5123495,0.49209392,1.0044435,0.88816035,0.46434325,-2,22
-0.029012293,0.007657326,0.511989,0.47037345,0.7155341,0.68583775,0.51283073,0.4704321,0.9832628,0.8845094,0.44822538,-2,22
-0.023089789,0.015657084,0.5064834,0.52781284,0.7116765,0.7265073,0.50701654,0.52805793,1.0350745,0.90964335,0.4556571,-2,22
0.025034655,0.016235806,0.5163659,0.502622,0.718586,0.7089584,0.51699257,0.50288564,1.0198781,0.89746666,0.4630679,-2,22
-0.012492272,-0.052114997,0.5009409,0.49362046,0.7077718,0.7025813,0.50109696,0.49633643,0.9974334,0.887096,0.45879632,-2,22
-0.027714208,0.026692105,0.5049572,0.49600917,0.7106034,0.7042792,0.50572526,0.49672163,1.002447,0.88727427,0.46388716,-2,22
0.041762277,-0.03327532,0.521885,0.47904202,0.72241604,0.6921286,0.52362907,0.48014927,1.0037783,0.8938199,0.45261937,-2,22
-0.05153205,-0.068419024,0.478642,0.49008435,0.6918396,0.70006025,0.48129752,0.49476552,0.97606295,0.89396214,0.42058843,0,22
-0.0645064,0.008881941,0.46940798,0.5595119,0.6851335,0.7480053,0.47356904,0.5595908,1.0331599,0.9183948,0.43555802,0,22
-0.045915782,-0.007926412,0.49874616,0.51190186,0.7062196,0.7154732,0.50085443,0.5119647,1.0128192,0.91874075,0.41077316,0,22
-0.07034791,0.074316725,0.49371016,0.5028801,0.7026451,0.7091404,0.498659,0.50840306,1.007062,0.9072998,0.42879957,0,22
0.018311454,-0.013745785,0.5191466,0.5032933,0.7205183,0.70943165,0.51948196,0.5034822,1.0229642,0.91549695,0.42991793,0,22
-0.021135073,-0.015166748,0.46222302,0.49840814,0.67986983,0.70598024,0.46266973,0.49863815,0.9613079,0.88402545,0.4240363,0,22
-0.057029486,-0.05862187,0.49381405,0.5143513,0.70271903,0.7171829,0.4970664,0.5177879,1.0148542,0.9105715,0.43094522,0,22
0.03549937,-0.007800974,0.5042999,0.515917,0.71014076,0.71827364,0.50556004,0.51597786,1.0215379,0.914849,0.4296385,0,22
-0.015589178,-0.06612043,0.49507144,0.5049077,0.70361316,0.7105686,0.49531448,0.5092796,1.0045941,0.9068513,0.4268663,0,22
0.04699021,-0.025268633,0.4907486,0.5172788,0.7005345,0.71922094,0.4929567,0.51791734,1.010874,0.92267525,0.39943025,0,22
-0.031121831,-0.008281773,0.5212684,0.484979,0.7219892,0.69640434,0.52223694,0.48504758,1.0072845,0.9087029,0.4260793,0,22
-0.021008223,0.072830275,0.49858448,0.51132864,0.7061052,0.71507245,0.49902585,0.51663285,1.0156586,0.91611594,0.4199884,0,22
0.06415353,-0.09534224,0.4850489,0.5146346,0.6964545,0.7173804,0.4891646,0.5237248,1.0128894,0.93781734,0.36522317,2,22
-0.05002677,-0.017140789,0.47346544,0.53785765,0.68808824,0.73338777,0.47596812,0.5381515,1.0141196,0.93901527,0.36382675,2,22
0.006837122,0.032376196,0.44125372,0.56310356,0.6642693,0.7504023,0.44130048,0.56415176,1.0054523,0.93485534,0.36262628,2,22
0.028339513,0.006397345,0.4972263,0.49866617,0.70514274,0.706163,0.4980294,0.49870712,0.9967365,0.9324618,0.35672334,2,22
0.005518118,0.031125115,0.4913105,0.49801013,0.7009354,0.7056983,0.49134094,0.49897897,0.99031985,0.9243023,0.36876166,2,22
-0.024131538,0.012442676,0.5293164,0.47571126,0.7275413,0.68971825,0.52989876,0.47586608,1.0057647,0.9342234,0.36467984,2,22
0.058174834,0.08384496,0.4867835,0.500139,0.6976987,0.70720506,0.4901678,0.507169,0.99733675,0.9289555,0.36657673,2,22
-0.037269395,-0.0627677,0.49199992,0.4870287,0.70142704,0.6978744,0.49338892,0.49096847,0.98435736,0.9231072,0.36363503,2,22
-0.060618527,-0.051841795,0.5151526,0.5029441,0.7177413,0.70918554,0.5188272,0.5056317,1.0244589,0.9772218,0.26362178,4,22
0.07939428,-0.088461764,0.48848376,0.5186988,0.69891614,0.72020745,0.49478722,0.5265243,1.0213115,0.9742278,0.26868504,4,22
-0.1247718,-0.033804845,0.48036855,0.4941229,0.69308627,0.70293874,0.4959366,0.49526566,0.99120224,0.9601028,0.26344812,4,22
0.10289305,0.053193763,0.513171,0.48639855,0.71635956,0.6974228,0.52375805,0.48922813,1.0129862,0.97104216,0.26469496,4,22
0.09977884,-0.027391555,0.47085917,0.5216818,0.6861918,0.72227544,0.48081496,0.5224321,1.003247,0.9671699,0.260441,4,22
-0.04146404,-0.036815125,0.51197946,0.46904373,0.7155274,0.6848677,0.5136987,0.47039908,0.98409784,0.9741919,0.18721086,6,22
0.10548774,-0.048332382,0.4971326,0.50063705,0.70507634,0.7075571,0.50826025,0.5029731,1.0112333,0.9879557,0.18755461,6,22
-0.12198295,-0.050775044,0.47231495,0.51275855,0.68725175,0.7160716,0.48719484,0.51533663,1.0025315,0.98205745,0.19517884,6,22
-0.042520154,0.07643999,0.51515204,0.4985038,0.71774095,0.706048,0.51696,0.50434685,1.0213069,0.99266016,0.18955903,6,22
0.047156453,0.0015829206,0.4756156,0.53026146,0.68964887,0.72819054,0.47783932,0.530264,1.0081034,0.98670727,0.18577424,6,22
-0.0061618052,0.0067200046,0.49083698,0.49293584,0.7005976,0.7020939,0.49087495,0.49298102,0.98385596,0.97423667,0.18632999,6,22
0.032353923,0.049864955,0.4665186,0.534775,0.68302166,0.7312831,0.4675654,0.5372615,1.0048268,0.9843337,0.18951014,6,22
-0.07185129,0.065147564,0.50951177,0.4840754,0.7138009,0.69575524,0.51467437,0.48831958,1.0029941,0.9829626,0.19177723,6,22
0.16870137,-0.18190455,0.56433916,0.39588153,0.7512251,0.62919116,0.59279937,0.4289708,1.0217702,1.0004297,0.14460444,8,22
0.02032058,0.046122406,0.5271905,0.4677229,0.72607887,0.6839027,0.52760345,0.46985015,0.99745363,0.9895908,0.13477205,8,22
0.06822929,0.12706302,0.51199925,0.46778652,0.71554124,0.68394923,0.5166545,0.48393154,1.000586,0.99011904,0.14230339,8,22
0.12405564,0.013367664,0.49616835,0.4882236,0.7043922,0.69873,0.5115582,0.48840228,0.9999605,0.9898119,0.14224261,8,22
0.14344832,0.00014870986,0.47388965,0.50362426,0.68839645,0.7096649,0.49446708,0.5036242,0.99809134,0.9901819,0.13278231,8,22
0.05069939,-0.025674257,0.5096158,0.47896427,0.7138738,0.69207245,0.5121862,0.4796234,0.9918096,0.98716855,0.13155961,8,22
0.06695217,0.046863355,0.5241816,0.4754637,0.72400385,0.6895388,0.52866423,0.47765994,1.006324,0.9936533,0.13775788,8,22
0.015572866,-0.14297491,0.4290325,0.54708296,0.65500575,0.73965055,0.42927498,0.5675248,0.9967998,0.9891182,0.13581218,8,22
0.04489913,-0.12137209,0.50529814,0.4768212,0.71084327,0.69052243,0.5073141,0.49155238,0.99886644,0.99435276,0.1006433,10,22
-0.114633106,-0.06406606,0.46804467,0.52733684,0.6841379,0.7261796,0.48118544,0.53144133,1.0126268,0.9998498,0.11369832,10,22
-0.028167257,0.025315352,0.50082326,0.49084744,0.7076887,0.70060503,0.5016166,0.4914883,0.9931049,0.99069965,0.10779246,10,22
0.028408283,0.0037132464,0.46713227,0.5380968,0.6834707,0.7335508,0.46793926,0.5381106,1.0060499,0.9976071,0.10406636,10,22
0.03419438,-0.1720762,0.44582418,0.5377453,0.66770065,0.7333112,0.44699347,0.5673555,1.014349,1.00196,0.10210307,10,22
-0.010559939,-0.12092236,0.4976228,0.49463883,0.70542383,0.70330566,0.4977343,0.509261,1.0069954,0.9982705,0.10223176,10,22
-0.15736932,-0.029614361,0.47999102,0.49765754,0.6928138,0.70544845,0.50475615,0.49853456,1.0032907,0.99491817,0.11588151,10,22
-0.031750288,0.020433508,0.47980678,0.5133722,0.69268084,0.7164999,0.48081487,0.5137898,0.99460465,0.9907292,0.11428109,10,22
-0.013158765,-0.23336954,0.45327193,0.4957823,0.6732547,0.7041181,0.45344508,0.5502436,1.0036888,0.9962917,0.10531649,10,22
0.07803334,-0.0527374,0.50060487,0.50714076,0.7075344,0.7121382,0.5066941,0.5099219,1.016616,1.0022388,0.11015166,10,22
-0.040148057,-0.0048519177,0.5113368,0.4944005,0.7150782,0.7031362,0.5129487,0.49442407,1.0073727,0.9976164,0.110155836,10,22
-0.10879124,-0.017346162,0.53176904,0.4478893,0.729225,0.6692453,0.5436046,0.44819018,0.9917948,0.9906393,0.10212008,10,22
0.0037259087,-0.08143434,0.4823956,0.5181746,0.69454706,0.71984345,0.48240948,0.52480614,1.0072155,0.99943846,0.09131493,12,22
0.035344172,-0.035464544,0.54942507,0.46675363,0.7412321,0.6831937,0.5506743,0.46801138,1.0186856,1.0046296,0.09697876,12,22
-0.08997789,0.1428774,0.4280374,0.5408736,0.6542457,0.7354411,0.43613344,0.5612875,0.99742097,0.9943788,0.09290744,12,22
0.018701572,0.103539236,0.51634204,0.47846568,0.71856946,0.69171214,0.5166918,0.48918605,1.005878,0.9983114,0.096188515,12,22
0.03227141,-0.09539056,0.52336806,0.4638793,0.72344184,0.68108684,0.5244095,0.4729786,0.9973881,0.99343115,0.10238467,12,22
0.047546394,-0.08524604,0.4765365,0.5223249,0.69031626,0.7227205,0.4787972,0.5295918,1.008389,0.9997429,0.094355695,12,22
-0.05643429,0.0012572622,0.5162232,0.4724612,0.7184867,0.68735814,0.519408,0.47246277,0.99187076,0.9912423,0.09648553,12,22
-0.02283077,-0.02910518,0.5451315,0.45876122,0.7383302,0.6773191,0.5456527,0.45960832,1.0052611,0.9992105,0.08270159,14,22
-0.04448155,-0.029237118,0.5221812,0.48413795,0.7226211,0.69580024,0.5241598,0.48499274,1.0091527,1.0011351,0.082952574,14,22
0.097559094,0.15304272,0.5827365,0.38772184,0.76337177,0.62267315,0.5922543,0.41114396,1.0033982,0.99736196,0.09309898,14,22
-0.13274169,0.0027997792,0.48440987,0.50949514,0.69599557,0.7137893,0.5020302,0.509503,1.0115333,1.0012106,0.09544998,14,22
-0.018944118,-0.010809761,0.4989472,0.50165224,0.70636195,0.7082741,0.4993061,0.50176907,1.0010753,0.9964974,0.08982236,14,22
-0.08290635,0.14660442,0.5346303,0.44442257,0.7311842,0.66665024,0.5415037,0.4659154,1.0074191,0.99963033,0.09032352,14,22
0.012500294,-0.060604293,0.5618416,0.44029823,0.74956095,0.6635497,0.56199783,0.4439711,1.0059689,0.9992809,0.08606133,14,22
0.0050264634,0.112145886,0.48788667,0.51568973,0.69848883,0.7181154,0.48791188,0.52826643,1.0161784,1.0047446,0.08164854,14,22
-0.07995376,-0.14443456,0.50951123,0.46655536,0.71380055,0.68304855,0.51590383,0.48741668,1.0033205,0.9971866,0.09454825,14,22
0.02491587,-0.115948796,0.53605074,0.45906,0.73215485,0.6775397,0.5366715,0.47250417,1.0091757,1.0002997,0.09260793,14,22
0.013646511,-0.13588753,0.47785047,0.50756526,0.6912673,0.71243614,0.47803667,0.52603066,1.0040674,0.9985249,0.08375723,16,22
0.041737903,0.016447565,0.5343528,0.46391988,0.7309944,0.68111664,0.5360949,0.46419036,1.0002853,0.9961583,0.08918469,16,22
0.02091088,-0.054670222,0.5059259,0.49807143,0.7112847,0.70574176,0.50636315,0.50106025,1.0074234,1.0003004,0.08259746,16,22
-0.07263483,0.06578301,0.54379743,0.449101,0.7374262,0.67015,0.5490732,0.4534284,1.0025017,0.997599,0.08542804,16,22
0.031014368,-0.021560365,0.47230318,0.531775,0.68724316,0.72922903,0.47326505,0.5322398,1.0055048,0.9989395,0.08731923,16,22
-0.093060836,0.07853773,0.4531654,0.54123867,0.67317563,0.7356892,0.46182573,0.54740685,1.0092326,1.0007727,0.087671876,16,22
0.008512329,-0.13059635,0.5268791,0.46202922,0.72586435,0.6797273,0.5269516,0.4790846,1.0060362,0.99909604,0.08856311,16,22
0.05744095,0.03997361,0.5205183,0.47789642,0.7214695,0.6913005,0.5238178,0.47949433,1.0033121,0.99745536,0.091624044,16,22
0.0026208349,-0.019258762,0.48641884,0.5198629,0.69743735,0.72101516,0.4864257,0.52023375,1.0066595,0.9990461,0.092554815,16,22
0.0022220686,0.027493915,0.48872143,0.52140594,0.6990861,0.72208446,0.48872638,0.52216184,1.0108882,1.0019047,0.084113136,16,22
0.025423337,-0.05623065,0.4993029,0.49608615,0.70661366,0.70433384,0.49994922,0.49924806,0.99919724,0.9956133,0.08917106,18,22
-0.09494963,-0.0592837,0.5185678,0.48321107,0.7201165,0.69513386,0.5275833,0.4867256,1.0143088,1.0035672,0.0846281,18,22
-0.00420833,-0.005845016,0.5238718,0.47481197,0.7237899,0.689066,0.52388954,0.47484612,0.99873567,0.9956542,0.086071625,18,22
0.043191217,0.08200365,0.48664922,0.5083964,0.69760245,0.7130192,0.48851466,0.515121,1.0036356,0.99804395,0.08685596,18,22
0.0184011,0.038374905,0.48433936,0.51580584,0.69594496,0.7181962,0.48467797,0.51727843,1.0019565,0.9970995,0.088028505,18,22
0.06509657,0.07217854,0.50056064,0.49383205,0.7075031,0.70273185,0.5047982,0.4990418,1.00384,0.9980865,0.087540835,18,22
-0.06241611,-0.01823463,0.4918094,0.50449884,0.70129126,0.71028084,0.49570522,0.5048313,1.0005364,0.9970918,0.07965181,18,22
0.12458169,-0.025033183,0.4393057,0.558521,0.6628014,0.7473426,0.4548263,0.55914766,1.0139738,1.0038115,0.07960185,18,22
-0.010460805,-0.12935269,0.43750328,0.5407542,0.6614403,0.7353599,0.4376127,0.55748636,0.99509907,0.9937142,0.08735686,18,22
-0.02941138,0.02801153,0.5194168,0.48308736,0.72070575,0.6950449,0.52028185,0.48387197,1.0041538,0.9984733,0.08488196,20,22
-0.007522313,0.0004436616,0.5195925,0.47877085,0.72082764,0.6919327,0.51964915,0.47877106,0.99842024,0.99600154,0.08000672,20,22
0.0066797175,-0.11831257,0.51787084,0.47845495,0.71963245,0.6917044,0.5179154,0.4924528,1.0103683,1.0020066,0.07969255,20,22
0.036823362,0.14197752,0.44390833,0.5372197,0.6662645,0.7329527,0.44526428,0.55737734,1.0026417,0.997271,0.08995689,20,22
0.09517683,-0.08867423,0.51636744,0.4598092,0.7185871,0.67809236,0.5254261,0.46767238,0.99309844,0.9921732,0.09322418,20,22
-0.060634628,-0.06084341,0.51480126,0.47673535,0.7174965,0.69046026,0.5184778,0.48043725,0.9989151,0.9958066,0.08534863,20,22
0.0030033663,0.03056854,0.5208441,0.48340476,0.7216953,0.69527316,0.52085316,0.48433918,1.0051923,0.99884176,0.08664613,20,22
-0.026498795,0.025052527,0.5367917,0.46698242,0.7326607,0.6833611,0.5374939,0.4676101,1.0051041,0.9992839,0.08084359,22,22
0.024617672,-0.07601375,0.5177057,0.47672626,0.71951765,0.69045365,0.51831174,0.48250434,1.000816,0.9972583,0.07932148,22,22
0.017791161,-0.014975024,0.5375587,0.47436225,0.7331839,0.6887396,0.5378753,0.4745865,1.0124618,1.0030481,0.079726614,22,22
-0.056644276,0.03320407,0.49940157,0.50267106,0.7066835,0.708993,0.5026101,0.50377357,1.0063837,1.0004938,0.07345698,22,22
-0.08679667,0.043167353,0.4811373,0.5059922,0.6936406,0.71133125,0.48867095,0.5078556,0.9965266,0.99474823,0.08368109,22,22
-0.051862173,0.0019012466,0.4811652,0.52222157,0.69366074,0.722649,0.48385486,0.5222252,1.0060802,0.99956906,0.083317,22,22
-0.014900906,0.045645967,0.44333082,0.558212,0.6658309,0.7471359,0.44355285,0.5602956,1.0038484,0.99815124,0.08684786,24,22
-0.104306415,-0.014423192,0.5298976,0.45794478,0.7279406,0.67671615,0.5407774,0.4581528,0.9989302,0.9954516,0.089477405,24,22
-0.036221344,-0.066708624,0.45439774,0.54564047,0.6740903,0.7386748,0.4557097,0.55009055,1.0058002,0.9995558,0.081782326,24,22
0.043630935,-0.12358236,0.42825946,0.561098,0.65441537,0.74906474,0.43016312,0.5763706,1.0065336,0.99981356,0.083105974,24,22
0.04661164,0.017974095,0.44707608,0.5467944,0.66863745,0.73945546,0.44924873,0.5471175,0.99636614,0.9950993,0.0783809,24,22
0.041904032,-0.0039370004,0.5001314,0.50478876,0.7071997,0.71048486,0.50188744,0.50480425,1.0066917,0.9998812,0.08324202,24,22
-0.08845355,-0.046919316,0.51685274,0.47516903,0.7189247,0.68932503,0.5246768,0.47737047,1.0020472,0.9975842,0.082903504,24,22
0.06145252,-0.022890924,0.55066836,0.44451123,0.7420703,0.66671675,0.5544448,0.44503522,0.9994801,0.99695927,0.074513435,26,22
0.037422977,0.012480836,0.51473916,0.4812979,0.71745324,0.6937564,0.5161396,0.4814537,0.99759334,0.9950759,0.08612387,26,22
-0.116880074,0.09662879,0.45435655,0.52558637,0.67405975,0.7249734,0.4680175,0.53492343,1.0029409,0.9970422,0.0940634,26,22
-0.012705961,-0.022712357,0.48222053,0.5176824,0.694421,0.7195015,0.482382,0.51819825,1.0005802,0.99712205,0.07954806,26,22
-0.0026987493,0.082872026,0.49586502,0.50928015,0.70417684,0.71363866,0.49587232,0.516148,1.0120202,1.0026054,0.082476445,26,22
-0.036313694,-0.07130129,0.5184735,0.47583023,0.72005105,0.6898045,0.5197922,0.4809141,1.0007064,0.9969158,0.082856186,26,22
-0.08502648,0.0026343241,0.45372063,0.54891706,0.67358786,0.7408894,0.46095014,0.54892397,1.0098741,1.0012743,0.08557996,28,22
0.027854431,0.0831531,0.49343786,0.50458294,0.70245135,0.71034,0.49421373,0.5114974,1.0057111,0.99932015,0.084084846,28,22
-0.039523542,0.07191032,0.49599522,0.50105995,0.7042693,0.7078559,0.49755728,0.50623107,1.0037884,0.9979311,0.08900405,28,22
-0.016713044,0.04709606,0.50189453,0.49466464,0.70844513,0.703324,0.50217384,0.49688265,0.99905646,0.9958072,0.08616591,28,22
-0.040189184,-0.019610863,0.5082096,0.49085233,0.7128882,0.70060855,0.5098248,0.4912369,1.0010617,0.9970056,0.08391406,28,22
-0.048793845,-0.07844969,0.451817,0.54764473,0.6721733,0.7400302,0.45419788,0.5537991,1.007997,1.0006082,0.08234093,28,22
-0.011200391,-0.0013784636,0.5475607,0.45113358,0.7399734,0.6716648,0.5476861,0.45113546,0.9988216,0.9955792,0.08742796,28,22
-0.07190016,-0.06522073,0.46846458,0.53336954,0.6844447,0.7303215,0.47363424,0.5376233,1.0112574,1.002342,0.081043966,28,22
-0.056025755,0.052697368,0.5187577,0.4817094,0.72024834,0.6940529,0.5218966,0.4844864,1.006383,0.9992128,0.08920036,28,22
0.12739098,-0.036415644,0.45667124,0.5349338,0.6757746,0.73139167,0.47289968,0.5362599,1.0091596,1.0007854,0.087109976,28,22
0.035517495,-0.022229325,0.4790893,0.52193964,0.69216275,0.7224539,0.4803508,0.52243376,1.0027845,0.9976682,0.08627093,30,22
0.067357406,0.093771644,0.4812112,0.5134705,0.6936939,0.7165685,0.48574817,0.5222636,1.0080117,0.9996983,0.092817955,30,22
0.047429845,0.13888691,0.5498915,0.45766664,0.7415467,0.67651063,0.5521411,0.4769562,1.0290973,1.0108569,0.08524009,30,22
-0.04418786,-0.025805157,0.53401685,0.46449518,0.73076457,0.6815388,0.5359694,0.4651611,1.0011305,0.99653614,0.08970042,30,22
-0.0026645558,0.0527455,0.49911824,0.50939506,0.706483,0.7137192,0.49912536,0.51217717,1.0113025,0.8969525,0.45472923,-20,22
0.018529613,0.02151421,0.49729517,0.5146655,0.7051916,0.7174019,0.4976385,0.5151284,1.0127668,0.8922115,0.46553785,-20,22
-0.015462136,0.014316798,0.49278733,0.5041249,0.7019881,0.7100175,0.49302638,0.5043298,0.99735624,0.88370806,0.4652056,-20,22
0.038280454,0.03776435,0.4836584,0.4993059,0.69545555,0.7066158,0.4851238,0.50073206,0.9858558,0.877502,0.4645924,-20,22
-0.00026145112,0.016639385,0.48040992,0.49652514,0.69311607,0.7046454,0.48041,0.49680203,0.977212,0.8805027,0.449363,-20,22
0.00018295832,0.0011213552,0.50397044,0.5001575,0.7099088,0.7072181,0.5039705,0.5001588,1.0041292,0.88140345,0.476715,-20,22
-0.039031163,0.0034794193,0.5553323,0.48331666,0.74520624,0.6952098,0.5568558,0.48332876,1.0401845,0.89924276,0.48119333,-20,22
0.007610784,0.01159854,0.4796968,0.52184093,0.6926015,0.7223856,0.47975475,0.5219754,1.0017302,0.88840574,0.46093968,-20,22
0.03765451,0.0355729,0.49142665,0.53324026,0.7010183,0.730233,0.49284452,0.5345057,1.0273502,0.89917713,0.46779343,-20,22
-0.036440637,0.003264144,0.50546426,0.513335,0.7109601,0.716474,0.5067922,0.5133456,1.0201378,0.9009431,0.4565516,-18,22
0.011093466,0.013426698,0.5045936,0.4807591,0.71034753,0.69336796,0.50471663,0.4809394,0.985656,0.87703884,0.46525156,-18,22
-0.021676352,-0.0017416603,0.54448414,0.4667619,0.7378917,0.68319976,0.54495394,0.46676496,1.011719,0.89352584,0.46187714,-18,22
-0.009024497,-0.021885999,0.4976027,0.49292278,0.7054096,0.7020846,0.49768415,0.49340177,0.9910859,0.8791966,0.46701103,-18,22
-0.012742234,0.007744138,0.4845728,0.4898039,0.69611263,0.6998599,0.4847352,0.48986387,0.97459906,0.87627685,0.45468456,-18,22
-0.0021803514,0.018118575,0.5007454,0.50272596,0.7076337,0.7090317,0.5007502,0.50305426,1.0038044,0.8877147,0.46450737,-18,22
0.005325105,-0.04978741,0.50500846,0.4990805,0.7106395,0.7064563,0.5050368,0.50155926,1.0065961,0.88786256,0.46722177,-18,22
-0.02199033,-0.06683544,0.52398694,0.4666491,0.72386944,0.6831172,0.5244705,0.47111607,0.9955865,0.88340425,0.4638787,-18,22
-0.024230387,0.027390951,0.5046029,0.5057539,0.7103541,0.71116376,0.50519,0.5065041,1.0116942,0.89231783,0.46418,-18,22
-0.007262001,-0.04729438,0.50538516,0.48923466,0.7109045,0.6994531,0.50543797,0.4914714,0.9969094,0.88403916,0.46409488,-18,22
0.020986408,0.027987354,0.49444917,0.4753334,0.7031708,0.68944424,0.49488956,0.47611672,0.9710062,0.8794964,0.44440112,-18,22
6.7900866e-05,-0.00015814696,0.5146339,0.4958434,0.71737987,0.70416147,0.5146339,0.49584344,1.0104773,0.8889098,0.46937913,-18,22
-0.018786144,-0.016958294,0.47597137,0.48520947,0.6899068,0.6965698,0.47632426,0.48549703,0.96182126,0.8678537,0.4567836,-18,22
0.008432416,0.014203914,0.50234646,0.54145086,0.708764,0.73583347,0.50241756,0.54165256,1.0440701,0.89934057,0.48503262,-18,22
-0.02412353,-0.042174112,0.5235062,0.5144107,0.7235373,0.7172243,0.52408814,0.51618934,1.0402775,0.9067083,0.46707344,-16,22
-0.0018403381,-0.0011303332,0.4979226,0.5147915,0.7056363,0.7174897,0.497926,0.5147928,1.0127187,0.8927022,0.46454436,-16,22
-0.03499521,0.009097725,0.5250206,0.48976392,0.724583,0.69983137,0.52624524,0.48984668,1.016092,0.8895774,0.47407174,-16,22
0.013021733,0.022534309,0.49666452,0.47911456,0.7047443,0.692181,0.4968341,0.47962236,0.97645646,0.874224,0.4606396,-16,22
0.03225059,-0.0036440976,0.49532568,0.5149952,0.70379376,0.7176317,0.4963658,0.51500857,1.0113744,0.8993601,0.4500286,-16,22
0.014528098,-0.026820224,0.5094764,0.4721369,0.7137762,0.6871222,0.5096874,0.47285625,0.98254365,0.8829218,0.45054713,-16,22
-0.035309974,0.033673875,0.52029854,0.4986366,0.72131723,0.70614207,0.52154535,0.49977058,1.0213158,0.88749784,0.48338753,-16,22
0.0060426816,-0.0383734,0.5036302,0.49943697,0.7096691,0.70670855,0.50366676,0.50090945,1.0045762,0.8912061,0.45861518,-16,22
0.00094604585,0.012152975,0.51747084,0.5118865,0.71935445,0.71546245,0.51747173,0.5120342,1.029506,0.8997667,0.46896246,-16,22
0.014327252,0.0018527433,0.44774356,0.5271255,0.6691364,0.72603405,0.4479488,0.52712893,0.97507775,0.8744897,0.4586343,-14,22
0.014394461,-0.041985124,0.51173896,0.51969695,0.71535933,0.7209001,0.5119462,0.5214597,1.0334059,0.902467,0.46793067,-14,22
-0.0013537975,0.029449178,0.51513565,0.5215702,0.7177295,0.7221982,0.5151375,0.52243745,1.037575,0.9081136,0.46141592,-14,22
-0.018278092,-0.057866648,0.5228197,0.4957528,0.7230627,0.70409715,0.5231538,0.49910134,1.0222552,0.9011769,0.45840505,-14,23
0.00585859,-0.0108997645,0.5106865,0.50367,0.71462333,0.7096971,0.51072085,0.50378877,1.0145096,0.88402975,0.4827019,-14,23
0.022922179,-0.021721242,0.50822604,0.4995513,0.71289974,0.70678943,0.5087515,0.5000231,1.0087745,0.8861561,0.47276,-14,23
-0.004847436,-0.010746006,0.49607068,0.5094886,0.7043229,0.7137847,0.4960942,0.50960404,1.0056982,0.885883,0.4700101,-14,23
0.03560006,-0.03207902,0.5183158,0.52181685,0.7199415,0.7223689,0.5195831,0.5228459,1.0424291,0.908687,0.4655287,-12,23
0.0015734956,-0.022184324,0.47274423,0.5110711,0.68756396,0.7148924,0.47274667,0.5115633,0.9843099,0.8818923,0.4545063,-12,23
0.024791788,0.012001788,0.4888482,0.49241078,0.6991768,0.7017199,0.48946285,0.49255484,0.98201764,0.8832724,0.44927433,-12,23
-0.0048143044,-0.0057896757,0.48804182,0.5094348,0.6985999,0.713747,0.488065,0.5094683,0.99753326,0.88953173,0.45416588,-12,23
0.037045423,0.033246033,0.47884572,0.47925937,0.6919868,0.6922856,0.48021805,0.48036468,0.96058273,0.8616035,0.4671425,-12,23
-0.012020836,-0.034633934,0.4826077,0.50454354,0.6946997,0.7103123,0.48275217,0.505743,0.98849523,0.87809825,0.46630335,-12,23
0.04100617,0.0378083,0.48382616,0.544456,0.69557613,0.7378726,0.48550767,0.54588544,1.031393,0.8988407,0.47273508,-12,23
0.056313843,0.042037293,0.49306756,0.4818369,0.7021877,0.6941447,0.4962388,0.48360407,0.9798429,0.87721705,0.45862082,-12,23
-0.024697836,0.041256722,0.5026899,0.5193361,0.70900625,0.7206498,0.5032999,0.5210382,1.024338,0.90922976,0.44456655,-12,23
0.016450983,0.014039879,0.50404984,0.5188374,0.7099647,0.72030365,0.5043205,0.5190345,1.023355,0.9027399,0.45652562,-12,23
-0.000912908,-0.0022366503,0.48370707,0.5128602,0.69549054,0.7161426,0.48370785,0.5128652,0.9965731,0.88282526,0.46603924,-10,23
-0.047135662,-0.0026346259,0.4772581,0.49535757,0.6908387,0.7038164,0.4794798,0.4953645,0.9748443,0.87605333,0.45538425,-10,23
-0.043571297,-0.010378215,0.49578226,0.5416491,0.7041181,0.7359681,0.49768072,0.5417568,1.0394375,0.900076,0.4788537,-10,23
0.01814081,0.0012240557,0.514888,0.47454137,0.71755695,0.68886966,0.51521707,0.47454286,0.98976,0.8796331,0.4647639,-10,23
0.010303147,-0.0050181877,0.48532307,0.55353546,0.69665134,0.74399966,0.4854292,0.5535607,1.0389899,0.8989434,0.4805108,-10,23
-0.0069381613,-0.02287523,0.5091332,0.50048923,0.7135357,0.70745265,0.5091813,0.50101256,1.0101938,0.89132553,0.46447036,-10,23
-0.009254547,0.030611584,0.50705874,0.48987022,0.7120806,0.6999073,0.50714445,0.49080727,0.99795175,0.8928015,0.4481709,-10,23
-0.01776801,-0.0016750614,0.54135907,0.4874266,0.73577106,0.69815946,0.5416748,0.48742944,1.0291041,0.90512776,0.4580916,-8,23
0.04909065,-0.0037813717,0.5410105,0.48136067,0.73553413,0.6938016,0.5434204,0.48137498,1.0247954,0.8942299,0.47449785,-8,23
-0.006158691,0.006647549,0.5197804,0.4719068,0.720958,0.68695474,0.5198183,0.471951,0.9917693,0.8795409,0.46709424,-8,23
-0.008106926,-0.02972626,0.50060916,0.49502078,0.7075374,0.7035771,0.50067484,0.49590445,0.9965793,0.8827326,0.4662215,-8,23
0.035137266,0.013024926,0.47838333,0.5463395,0.6916526,0.73914784,0.47961795,0.54650915,1.0261271,0.90154713,0.46188733,-8,23
-0.020955052,-0.009323845,0.50715685,0.50287426,0.71214944,0.70913625,0.50759596,0.5029613,1.0105572,0.89528036,0.4571983,-8,23
0.015643395,-0.04833156,0.48494118,0.49265835,0.69637716,0.70189625,0.4851859,0.49499428,0.9801802,0.88172936,0.4502594,-8,23
-0.011427537,-0.056599066,0.5067234,0.50845164,0.7118451,0.71305794,0.50685394,0.5116551,1.018509,0.89980984,0.45700258,-6,23
0.009247658,-0.001877876,0.5099242,0.4884708,0.71408975,0.69890684,0.5100097,0.48847434,0.998484,0.8884594,0.45730072,-6,23
-0.05508309,-0.04631746,0.46909025,0.48966804,0.68490165,0.6997628,0.4721244,0.49181333,0.96393776,0.8694344,0.4560938,-6,23
0.035074823,-0.025162885,0.49483943,0.48066032,0.70344824,0.69329673,0.49606964,0.4812935,0.97736317,0.8774888,0.45538613,-6,23
0.063135,-0.011844419,0.44455296,0.50071084,0.66674805,0.70760924,0.44853896,0.50085115,0.9493901,0.8677324,0.44320494,-6,23
-0.009262381,0.02491114,0.49460137,0.519044,0.703279,0.72044706,0.49468714,0.5196646,1.0143517,0.90029794,0.4514592,-6,23
-0.007612765,0.015373736,0.48275077,0.4886763,0.6948027,0.6990539,0.4828087,0.48891264,0.9717214,0.8712667,0.4611027,-4,23
0.011285627,0.022762425,0.4941025,0.53945005,0.70292425,0.73447263,0.49422985,0.5399682,1.034198,0.9049845,0.4638977,-4,23
0.012204511,-0.057926174,0.4911429,0.49487022,0.70081586,0.7034701,0.49129185,0.4982257,0.98951757,0.87865204,0.46635622,-4,23
-0.030232996,0.002452528,0.4696136,0.5063794,0.6852836,0.7116034,0.47052765,0.5063854,0.9769131,0.87929344,0.45139354,-4,23
0.007715903,0.018242314,0.504341,0.5286646,0.7101697,0.7270932,0.50440055,0.52899736,1.0333979,0.8946578,0.48268557,-4,23
0.055470735,-0.014711415,0.5290178,0.46996304,0.7273361,0.68553853,0.5320948,0.4701795,1.0022743,0.88975054,0.45893165,-4,23
-0.058606587,0.004935356,0.4737436,0.5294336,0.68829036,0.7276219,0.4771783,0.529458,1.0066364,0.89054334,0.4621351,-4,23
0.04060216,-0.05124328,0.45538342,0.5306475,0.674821,0.72845554,0.45703194,0.53327334,0.9903053,0.8803098,0.46406898,-4,23
-0.042364895,0.008274488,0.51890814,0.47089168,0.72035277,0.68621546,0.52070296,0.4709601,0.991663,0.8805431,0.46508807,-4,23
-0.03605676,0.043988716,0.5379714,0.4705197,0.7334653,0.6859444,0.5392715,0.47245473,1.0117261,0.89254665,0.46377423,-4,23
-0.09741743,0.060922705,0.56047356,0.46648684,0.7486478,0.6829984,0.5699637,0.4701984,1.0401621,0.90630364,0.46773472,-4,23
0.042033315,0.030881792,0.46795657,0.5007278,0.6840735,0.7076212,0.4697234,0.50168145,0.9714049,0.88165563,0.44055444,-4,23
0.09095062,0.06572582,0.46683526,0.5202416,0.68325347,0.7212778,0.47510722,0.5245615,0.99966884,0.88963324,0.45631287,-2,23
-0.044017944,0.028558165,0.49576735,0.48195088,0.70410746,0.6942268,0.49770492,0.48276645,0.9804714,0.8858502,0.44242597,-2,23
0.015474068,-0.022758897,0.5139054,0.45768985,0.716872,0.6765278,0.51414484,0.45820785,0.9723526,0.8808408,0.44325194,-2,23
0.031601153,-0.031982105,0.51991713,0.46695405,0.72105277,0.6833404,0.52091575,0.46797693,0.9888926,0.88117766,0.46088892,-2,23
0.0074511636,0.04324439,0.52730316,0.49143714,0.7261564,0.7010258,0.52735865,0.49330723,1.0206659,0.9042994,0.4504538,-2,23
-0.02420416,0.014059572,0.4895102,0.49240482,0.69965005,0.70171565,0.49009603,0.49260247,0.98269856,0.8849767,0.4466708,-2,23
0.13062751,-0.03584072,0.46434492,0.4893334,0.6814286,0.6995237,0.48140848,0.49061796,0.9720264,0.88165474,0.44126096,-2,23
0.032910757,0.015000014,0.46939301,0.4978711,0.6851226,0.70559984,0.47047612,0.4980961,0.96857226,0.8643026,0.47069445,-2,23
0.039172165,-0.0640153,0.49422958,0.47766477,0.7030146,0.69113296,0.49576405,0.4817627,0.9775267,0.87747234,0.4555974,-2,23
-0.023353275,0.0036124326,0.48850363,0.48731506,0.6989303,0.6980795,0.48904902,0.4873281,0.9763771,0.87779117,0.45371774,-2,23
0.04781059,0.060079046,0.53868365,0.47911465,0.73395073,0.6921811,0.5409696,0.48272413,1.0236937,0.9078002,0.4467578,0,23
-0.08085447,0.011773454,0.4623166,0.52332795,0.6799387,0.72341406,0.46885407,0.5234666,0.99232066,0.9023315,0.42204106,0,23
-0.03156796,0.04934883,0.4960984,0.49878085,0.70434254,0.7062442,0.49709493,0.5012161,0.9983111,0.89919686,0.43560988,0,23
-0.06041065,0.00095223635,0.5180419,0.48185945,0.7197513,0.69416094,0.5216913,0.4818604,1.0035517,0.91309786,0.41207293,2,23
-0.08590416,0.05107613,0.49994853,0.47644687,0.7070704,0.6902513,0.5073281,0.47905564,0.9863837,0.9090582,0.399996,2,23
-0.046709776,-0.021585064,0.45814845,0.54068893,0.67686665,0.73531556,0.46033025,0.5411548,1.0014851,0.9178493,0.39879543,2,23
-0.0053157303,-0.060976267,0.49312413,0.50655866,0.70222795,0.71172935,0.49315238,0.5102768,1.0034292,0.9026376,0.43436676,2,23
-0.029914977,0.0007661693,0.50056374,0.5266801,0.7075053,0.7257273,0.50145864,0.5266807,1.0281394,0.9294866,0.40520856,2,23
-0.12306197,0.092032984,0.5181217,0.5012824,0.71980673,0.708013,0.53326595,0.50975245,1.0430185,0.92892206,0.42440817,2,23
0.07134789,-0.057466052,0.53095615,0.50354135,0.7286674,0.70960647,0.5360466,0.5068437,1.0428903,0.9385309,0.40255445,2,23
0.0073866365,-0.12984085,0.46662056,0.51267564,0.6830963,0.7160137,0.46667516,0.5295343,0.99620944,0.9115893,0.4064656,2,23
0.05298146,-0.036967702,0.53531915,0.44635916,0.73165506,0.66810113,0.5381262,0.4477258,0.9858519,0.8990172,0.42145,2,23
0.06368328,0.062153753,0.5407814,0.47243926,0.7353784,0.68734217,0.544837,0.47630233,1.0211394,0.91940653,0.41932195,2,23
-0.08410775,0.037443005,0.4695178,0.49008632,0.6852137,0.7000617,0.47659194,0.4914883,0.9680803,0.90042526,0.3966291,4,23
-0.00023114914,0.008975636,0.50397646,0.48455423,0.709913,0.6960993,0.5039765,0.4846348,0.98861134,0.91899395,0.37955424,4,23
-0.029955875,0.033411495,0.46178526,0.55679214,0.67954785,0.74618506,0.46268257,0.5579084,1.020591,0.9302093,0.39408335,4,23
-0.025247015,-0.04179631,0.515955,0.48127204,0.71830004,0.69373775,0.5165923,0.48301902,0.9996114,0.9224647,0.38557768,4,23
0.08215525,-0.002679482,0.49373198,0.4953525,0.7026606,0.70381284,0.5004815,0.49535966,0.99584115,0.9209435,0.38432303,4,23
-0.14742781,0.015807344,0.524333,0.4615275,0.7241084,0.6793581,0.54606795,0.46177736,1.0078453,0.92298603,0.39489514,4,23
-0.07244927,-0.019499991,0.4928775,0.45441437,0.70205235,0.67410266,0.49812642,0.45479462,0.95292103,0.89232403,0.3958268,4,23
0.060890436,-0.004490515,0.4718855,0.52387893,0.68693924,0.7237948,0.47559315,0.5238991,0.9994923,0.92029965,0.3905647,4,23
0.13636115,0.08947172,0.46935487,0.55522907,0.6850948,0.7451369,0.48794922,0.56323427,1.0511835,0.9437002,0.4007661,4,23
0.006459538,0.008301754,0.42181903,0.55668795,0.649476,0.74611527,0.42186075,0.55675685,0.97861767,0.9089736,0.39036474,4,23
0.056126878,0.059129782,0.51438254,0.4737509,0.7172047,0.68829566,0.51753277,0.47724718,0.99477994,0.91855884,0.38862538,4,23
-0.009963892,0.043145508,0.49325094,0.48403713,0.70231825,0.69572777,0.4933502,0.48589867,0.9792489,0.9054276,0.39931148,4,23
0.02053659,0.0026853886,0.4462909,0.53709084,0.6680501,0.7328648,0.44671267,0.53709805,0.9838108,0.9126886,0.38834292,4,23
-0.08319718,0.049366895,0.5177003,0.47467154,0.71951395,0.6889641,0.524622,0.47710866,1.0017307,0.9247815,0.38276607,4,23
-0.086913854,-0.13139053,0.5026765,0.46721384,0.70899683,0.68353045,0.51023054,0.48447734,0.9947078,0.91734594,0.39138764,4,23
0.01757644,0.008528443,0.5894634,0.4429339,0.7677652,0.66553277,0.58977234,0.44300663,1.032779,0.93444246,0.39949495,4,23
-0.013251876,-0.02749829,0.47961998,0.4833549,0.692546,0.6952373,0.4797956,0.48411107,0.96390665,0.9058665,0.37856653,4,23
0.044025183,-0.059859883,0.46627703,0.4999828,0.6828448,0.7070946,0.46821523,0.50356597,0.97178125,0.90382606,0.39354753,4,23
0.008613957,0.0031106975,0.48570722,0.53951097,0.696927,0.7345141,0.48578143,0.53952074,1.0253022,0.9322111,0.39532855,6,23
0.09040324,0.027010566,0.50756943,0.47598088,0.71243906,0.6899137,0.51574224,0.47671044,0.9924526,0.9325215,0.35050866,6,23
-0.038391285,-0.052643433,0.5041442,0.4785887,0.7100311,0.6918011,0.5056181,0.48136002,0.9869781,0.92471933,0.36314225,6,23
0.0071435124,-0.022484833,0.46341255,0.4933424,0.6807441,0.7023834,0.46346357,0.4938479,0.9573115,0.9000764,0.38363263,6,23
0.0179664,0.013545028,0.5832701,0.40306857,0.7637212,0.6348768,0.58359283,0.403252,0.9868449,0.92242926,0.36873993,8,23
0.091775246,0.028223198,0.4925578,0.52081233,0.7018246,0.7216733,0.5009805,0.5216088,1.0225894,0.9408175,0.37074503,8,23
-0.036251992,-0.008766363,0.5002857,0.49610293,0.70730877,0.70434576,0.5015999,0.4961798,0.9977797,0.92360824,0.38043067,8,23
0.13093445,-0.03632647,0.5738988,0.38931865,0.7575611,0.62395406,0.59104264,0.39063823,0.98168087,0.91612005,0.37736574,8,23
-0.06143722,-0.01281066,0.5491529,0.4253118,0.7410485,0.65215933,0.5529274,0.42547593,0.97840333,0.91963005,0.36425802,8,23
-0.026489977,0.040028267,0.48983392,0.52613,0.6998814,0.72534823,0.49053565,0.52773225,1.0182679,0.9425647,0.36033273,8,23
-0.035549045,-0.01283421,0.53466415,0.4783619,0.7312073,0.6916371,0.5359279,0.47852665,1.0144545,0.94303286,0.35375637,8,23
0.11804054,-0.07997921,0.5275117,0.4569249,0.7263,0.6759622,0.54144526,0.46332154,1.0047668,0.93768764,0.3542721,8,23
0.025427684,-0.06844346,0.45558313,0.52615964,0.67496896,0.7253686,0.45622972,0.5308442,0.9870739,0.9191631,0.37711158,8,23
0.06447197,-0.09215093,0.46386802,0.50162834,0.68107855,0.70825726,0.46802467,0.51012015,0.9781448,0.91385674,0.37816742,8,23
0.0756376,0.070469625,0.51400524,0.48191914,0.7169416,0.694204,0.5197263,0.48688507,1.0066113,0.93047696,0.37526524,8,23
0.0360481,-0.08755892,0.5504158,0.45842198,0.74190015,0.67706865,0.5517153,0.4660885,1.0178038,0.94314027,0.35817635,10,23
-0.0109888045,-0.026276764,0.5397577,0.48996985,0.7346821,0.6999785,0.5398785,0.49066034,1.0305388,0.9418973,0.3786401,10,23
0.008096658,0.108940996,0.5156516,0.46060178,0.71808887,0.6786765,0.51571715,0.47246993,0.9881871,0.925078,0.3638926,10,23
-0.07252292,0.06302823,0.491703,0.52878034,0.7012154,0.72717285,0.4969626,0.5327529,1.0297154,0.94342536,0.3737165,10,23
-0.022756634,0.019076012,0.45879257,0.5670209,0.6773423,0.7530079,0.4593104,0.5673847,1.0266953,0.94571924,0.36374488,10,23
-0.08722712,0.062310122,0.42790282,0.5536061,0.6541428,0.7440471,0.4355114,0.5574887,0.99300003,0.9261271,0.36781606,10,23
0.04151979,0.05961155,0.54939294,0.47262987,0.74121046,0.6874808,0.5511168,0.47618344,1.0273002,0.947636,0.35956395,12,23
-0.09526259,-0.05838765,0.48059678,0.48306417,0.6932509,0.6950282,0.48967174,0.4864733,0.976145,0.9207629,0.3582466,12,23
0.06601626,-0.11801634,0.54141444,0.45881978,0.7358087,0.6773624,0.54577255,0.47274762,1.0185202,0.9402112,0.366774,12,23
-0.0011108909,-0.088892385,0.47721386,0.55105555,0.6908067,0.74233115,0.4772151,0.5589574,1.0361725,0.95388657,0.35534889,12,23
0.039678648,-0.023633242,0.46363157,0.52059436,0.680905,0.7215223,0.46520594,0.52115285,0.9863588,0.9179442,0.37912694,12,23
-0.019737743,-0.0042721136,0.49835575,0.451416,0.70594317,0.671875,0.49874532,0.45143425,0.9501796,0.8977226,0.37983367,12,23
0.03947963,-0.08561137,0.48589987,0.5007811,0.6970652,0.7076589,0.4874585,0.50811046,0.995569,0.93116784,0.35846263,12,23
-0.008483622,0.038149975,0.5138298,0.49367806,0.7168192,0.7026223,0.5139018,0.4951335,1.0090353,0.93853074,0.3580438,12,23
0.085060015,0.055193275,0.5082729,0.4914452,0.7129326,0.7010315,0.5155082,0.49449158,1.0099998,0.9327671,0.37409255,12,23
-0.024825199,-0.081415445,0.5634589,0.45273027,0.750639,0.67285234,0.5640752,0.45935872,1.0234339,0.95134395,0.34406185,14,23
0.08770815,-0.09855778,0.522956,0.49951226,0.723157,0.70676184,0.53064877,0.5092259,1.0398747,0.9529567,0.3629713,14,23
0.123802885,0.015516058,0.5564312,0.4598152,0.7459431,0.6780968,0.5717583,0.46005592,1.0318142,0.9486565,0.3631322,14,23
0.0809416,0.049203604,0.5382551,0.47604465,0.73365873,0.6899599,0.54480666,0.47846568,1.0232723,0.94325364,0.36543787,14,23
0.031722285,-0.14078833,0.5531996,0.43941912,0.7437739,0.662887,0.5542059,0.4592405,1.0134463,0.94194573,0.3552248,14,23
-0.038206875,0.14920649,0.49191445,0.47926503,0.7013661,0.6922897,0.4933742,0.5015276,0.9949018,0.92815745,0.3652746,14,23
-0.037902806,-0.15454552,0.48660767,0.4874155,0.6975727,0.69815147,0.48804426,0.5112998,0.99934405,0.9312305,0.36352977,14,23
0.061523058,-0.051399074,0.46510252,0.53921545,0.68198425,0.7343129,0.46888757,0.5418573,1.0107449,0.94288063,0.3488854,14,23
0.04069592,0.04078205,0.48001027,0.5319201,0.69282776,0.7293285,0.48166642,0.53358316,1.0152496,0.94185096,0.3580033,16,23
0.04510818,0.05340594,0.4861513,0.50508,0.69724554,0.7106898,0.48818606,0.5079321,0.9961182,0.9244927,0.37607366,16,23
0.12354775,-0.010961713,0.53317297,0.4549896,0.73018694,0.6745292,0.548437,0.45510975,1.0035467,0.93077314,0.37041613,16,23
0.062346987,-0.21203598,0.53846407,0.42804694,0.7338011,0.65425295,0.5423512,0.4730062,1.0153575,0.9466454,0.34528244,16,23
-0.04882148,0.05044436,0.5440346,0.4829358,0.73758703,0.6949358,0.5464182,0.48548043,1.0318985,0.94528663,0.3719298,16,23
0.095642865,-0.02724348,0.52972835,0.45212927,0.7278244,0.6724056,0.53887594,0.45287144,0.9917474,0.9212352,0.37824997,16,23
-0.08417733,-0.047735956,0.529467,0.44808984,0.7276448,0.66939515,0.5365528,0.45036852,0.9869213,0.9211839,0.3719429,16,23
-0.174472,0.11902302,0.56691533,0.41347036,0.7529378,0.64301664,0.5973558,0.42763686,1.0249926,0.9386697,0.3793309,18,23
-0.06122518,-0.019710222,0.51502275,0.46709743,0.71765083,0.6834453,0.5187713,0.46748593,0.9862572,0.92165005,0.36988962,18,23
0.07646396,-0.053873006,0.4091832,0.59177315,0.6396743,0.7692679,0.41502994,0.5946754,1.0097053,0.9386456,0.3586779,18,23
-0.045641664,-0.042723354,0.49394858,0.50703084,0.70281476,0.712061,0.49603176,0.5088562,1.0048879,0.93649906,0.35757163,18,23
0.022761613,-0.030945238,0.46362203,0.5621699,0.68089795,0.7497799,0.46414012,0.5631275,1.0272676,0.9446033,0.36741278,18,23
-0.08132659,-0.01918708,0.5282428,0.45007455,0.7268032,0.67087597,0.5348568,0.4504427,0.9852996,0.9219698,0.3677924,18,23
-0.09044321,-0.036859307,0.50376433,0.50381464,0.7097636,0.709799,0.5119443,0.5051732,1.0171175,0.9443736,0.35394344,18,23
-0.0960749,0.13098854,0.4972722,0.50441825,0.7051753,0.7102241,0.5065025,0.5215763,1.0280788,0.9453634,0.36656094,18,23
0.10560004,0.0013724044,0.5554663,0.4503286,0.7452961,0.6710653,0.56661767,0.45033044,1.016948,0.93956584,0.36628422,18,23
-0.023918595,-0.020487268,0.51053935,0.49429917,0.7145204,0.70306414,0.5111115,0.4947189,1.0058304,0.92991376,0.37562057,20,23
0.12115918,0.111464046,0.45975325,0.52552974,0.67805105,0.7249343,0.47443283,0.537954,1.0123868,0.934198,0.37371218,20,23
0.079911366,-0.05155935,0.4647187,0.5296657,0.6817028,0.72778136,0.4711045,0.53232414,1.0034287,0.92838943,0.37619373,20,23
0.0053509846,0.11965814,0.48630023,0.48179612,0.6973523,0.69411534,0.48632884,0.49611413,0.98244303,0.92039543,0.36785215,20,23
0.024922907,0.04599729,0.51644063,0.5318547,0.71863806,0.7292837,0.5170618,0.5339705,1.0510323,0.9603182,0.3589166,20,23
0.11977763,0.080809265,0.45707357,0.5239898,0.6760722,0.7238714,0.47142023,0.53051996,1.0019401,0.928946,0.37282628,20,23
-0.09099762,-0.079742245,0.5006838,0.50558436,0.7075901,0.71104455,0.50896436,0.5119432,1.0209076,0.93819076,0.37510762,20,23
0.014265604,0.096718274,0.47606534,0.5233245,0.6899749,0.7234117,0.47626883,0.53267884,1.0089477,0.9319124,0.37481594,20,23
0.03130548,-0.065222785,0.56780994,0.44620603,0.75353163,0.6679866,0.56878996,0.45046002,1.01925,0.9410169,0.3657009,20,23
0.046026666,-0.08709775,0.5254588,0.4685727,0.7248854,0.6845237,0.5275773,0.47615868,1.003736,0.9350581,0.35972527,20,23
0.0579563,0.004884721,0.49266964,0.48301548,0.7019043,0.69499314,0.49602857,0.48303938,0.9790679,0.9113539,0.38535964,20,23
0.041153558,-0.008645167,0.3754189,0.6333772,0.61271435,0.79585,0.3771125,0.6334519,1.0105643,0.9327841,0.3748042,22,23
-0.10237678,-0.044188317,0.50141037,0.48163188,0.70810336,0.693997,0.5118914,0.48358446,0.9954758,0.92575747,0.37208736,22,23
0.05134483,-0.007669732,0.5488942,0.47959065,0.74087393,0.69252485,0.55153054,0.47964948,1.03118,0.9522563,0.35268667,22,23
0.10949542,-0.103629954,0.4726234,0.5047334,0.6874761,0.7104459,0.48461264,0.51547253,1.0000851,0.9278662,0.3730274,22,23
-0.016168157,0.006273577,0.43178904,0.5705875,0.6571066,0.75537246,0.43205047,0.57062685,1.0026773,0.9244509,0.3847959,22,23
0.052554272,-0.039611686,0.51914155,0.4875246,0.7205148,0.6982296,0.52190346,0.4890937,1.0109972,0.9385921,0.36061338,22,23
0.0626335,-0.010976264,0.5120399,0.5205033,0.7155696,0.72145915,0.51596284,0.52062374,1.0365866,0.9568901,0.3477756,22,23
-0.01910001,0.11578936,0.48398587,0.49409467,0.69569093,0.7029187,0.48435068,0.50750184,0.99185246,0.93284476,0.34878823,22,23
-0.08561975,0.011523638,0.55103207,0.48081955,0.74231535,0.6934115,0.55836284,0.48095232,1.0393151,0.94980514,0.37038547,22,23
-0.12764025,0.09133853,0.51046467,0.45551768,0.7144681,0.6749205,0.5267567,0.46386045,0.9906171,0.9232836,0.37170488,22,23
-0.14783195,0.05554935,0.5164782,0.50123763,0.71866417,0.70798135,0.53833246,0.50432336,1.0426558,0.95660985,0.3571463,24,23
0.006754914,-0.0529452,0.4586206,0.5367044,0.67721534,0.7326011,0.45866627,0.5395076,0.9981739,0.9255429,0.37622362,24,23
-0.045422405,-0.07657796,0.42629287,0.59231246,0.65291107,0.7696184,0.42835608,0.59817666,1.0265328,0.94585085,0.3631789,24,23
0.1086021,0.017604526,0.4546926,0.5308714,0.67430896,0.7286092,0.466487,0.53118134,0.9976683,0.9234742,0.38060966,24,23
0.0291689,0.11887221,0.53269804,0.43083835,0.7298617,0.6563828,0.53354883,0.44496894,0.9785178,0.9208509,0.36131907,24,23
0.04133971,0.0026426557,0.49584806,0.5104017,0.7041648,0.7144241,0.497557,0.5104087,1.0079657,0.94191897,0.3474974,24,23
-0.06559691,0.04623148,0.50731283,0.52245593,0.712259,0.7228111,0.51161575,0.52459323,1.0362091,0.9438897,0.38115793,24,23
-0.091617934,0.06263198,0.50941026,0.44522554,0.7137298,0.66725224,0.51780415,0.4491483,0.96695244,0.9132854,0.36450264,24,23
0.025799073,0.010265928,0.5267657,0.49061954,0.72578627,0.7004424,0.52743137,0.49072492,1.0181563,0.9445957,0.3548172,26,23
-0.14741254,-0.09014162,0.46240306,0.5109832,0.6800023,0.71483094,0.48413348,0.5191087,1.0032423,0.9377607,0.35191903,26,23
0.1342926,0.10962075,0.46201628,0.5444882,0.6797178,0.7378944,0.4800508,0.5565049,1.0365556,0.95900166,0.34186468,26,23
-0.0707784,0.05252929,0.55155957,0.4565545,0.74267054,0.67568815,0.5565691,0.45931384,1.015883,0.937574,0.3699162,26,23
0.04747171,0.05328255,0.4399112,0.5174409,0.663258,0.71933365,0.44216475,0.52027994,0.96244466,0.9092162,0.36847052,26,23
0.11801401,0.086684965,0.46297503,0.49400824,0.68042266,0.7028572,0.47690234,0.5015225,0.9784249,0.9182247,0.36781552,28,23
0.06923245,-0.10169652,0.47518936,0.48582947,0.6893398,0.6970147,0.47998253,0.49617165,0.97615415,0.92087734,0.35796535,28,23
0.047914963,-0.0792442,0.51822567,0.47500658,0.7198789,0.6892072,0.52052146,0.48128626,1.0018077,0.9236983,0.3854727,28,23
-0.025995482,0.07295959,0.5469688,0.45908946,0.7395734,0.6775614,0.54764456,0.46441257,1.0120572,0.93771625,0.3643425,28,23
0.025540017,0.061628826,0.5443621,0.46404713,0.737809,0.68121004,0.54501444,0.46784523,1.0128596,0.9350678,0.37216657,28,23
-0.00837348,-0.02574121,0.47817656,0.49007204,0.6915031,0.7000514,0.47824672,0.49073464,0.9689814,0.91067654,0.37369713,28,23
0.00087473355,0.028504144,0.49285147,0.53605455,0.7020338,0.73215747,0.49285224,0.5368671,1.0297192,0.95415556,0.3454075,30,23
-0.020505901,-0.0019888058,0.4627883,0.53757787,0.68028545,0.73319703,0.4632088,0.5375818,1.0007906,0.9361309,0.3527741,30,23
-0.019452864,-0.046831146,0.50723076,0.5098668,0.71220136,0.7140496,0.5076091,0.5120599,1.019669,0.9439033,0.35876954,30,23
